ix,iy,x_center,y_center,range,point_count,risk,confidence,sigma_r,lambda_min,lambda_max
0,0,-4.750000,-14.750000,15.880617,13,0.013764,0.719763,0.035219,0,0
0,1,-4.750000,-14.250000,15.053801,5,0.316532,0.391303,0.032662,0,0
0,2,-4.750000,-13.750000,14.521584,12,0.009712,0.686071,0.031088,0,0
0,3,-4.750000,-13.250000,14.222332,9,0.008960,0.576498,0.030227,0,0
0,4,-4.750000,-12.750000,13.779251,4,0.794138,0.327638,0.028987,0,0
0,5,-4.750000,-12.250000,13.078000,8,0.010583,0.514376,0.027103,0,0
0,6,-4.750000,-11.750000,12.739000,5,0.010559,0.370695,0.026228,0,0
0,7,-4.750000,-11.250000,12.156182,11,0.013653,0.655944,0.024777,0,0
0,8,-4.750000,-10.750000,11.878286,7,0.315463,0.500532,0.024109,0,0
0,9,-4.750000,-10.250000,11.269445,9,0.014216,0.583688,0.022700,0,0
0,10,-4.750000,-9.750000,10.954538,13,0.021497,0.723121,0.022000,0,0
0,11,-4.750000,-9.250000,10.454946,18,0.027221,0.830412,0.020931,0,0
0,12,-4.750000,-8.750000,10.042927,27,0.623400,0.912656,0.020086,0,0
0,13,-4.750000,-8.250000,9.676611,36,0.638684,0.966926,0.019364,0,0
0,14,-4.750000,-7.750000,9.262536,28,0.374650,0.933996,0.018579,0,0
0,15,-4.750000,-7.250000,8.916158,19,0.840563,0.811756,0.017950,0,0
0,16,-4.750000,-6.750000,8.545300,40,1.000000,0.938502,0.017302,0,0
0,17,-4.750000,-6.250000,8.020800,45,1.000000,0.957015,0.016433,0,0
0,18,-4.750000,-5.750000,7.717732,60,1.000000,0.956729,0.015956,0,0
0,19,-4.750000,-5.250000,7.365144,70,1.000000,0.986442,0.015425,0,0
0,20,-4.750000,-4.750000,6.939810,68,0.516802,0.990860,0.014816,0,0
0,21,-4.750000,-4.250000,6.532330,100,0.417557,0.995136,0.014267,0,0
0,22,-4.750000,-3.750000,6.251297,101,0.303046,0.995940,0.013908,0,0
0,23,-4.750000,-3.250000,5.986000,132,0.649704,0.996017,0.013583,0,0
0,24,-4.750000,-2.750000,5.746380,181,0.834552,0.993605,0.013302,0,0
0,25,-4.750000,-2.250000,5.581518,172,0.770541,0.996498,0.013115,0,0
0,26,-4.750000,-1.750000,5.361457,166,0.725802,0.994050,0.012875,0,0
0,27,-4.750000,-1.250000,5.200531,184,0.330454,0.997613,0.012705,0,0
0,28,-4.750000,-0.750000,5.088809,198,0.672245,0.997696,0.012590,0,0
0,29,-4.750000,-0.250000,5.027129,186,0.462736,0.995153,0.012527,0,0
0,30,-4.750000,0.250000,5.047037,192,0.314214,0.996903,0.012547,0,0
0,31,-4.750000,0.750000,5.144288,191,0.507831,0.995664,0.012646,0,0
0,32,-4.750000,1.250000,5.152163,178,0.450006,0.996975,0.012654,0,0
0,33,-4.750000,1.750000,5.339589,163,0.459108,0.997958,0.012851,0,0
0,34,-4.750000,2.250000,5.569596,146,0.847146,0.988093,0.013102,0,0
0,35,-4.750000,2.750000,5.742675,68,0.427294,0.995035,0.013298,0,0
0,36,-4.750000,3.250000,6.059274,99,0.618472,0.995557,0.013671,0,0
0,37,-4.750000,3.750000,6.396712,97,1.000000,0.989417,0.014092,0,0
0,38,-4.750000,4.250000,6.615326,132,0.544172,0.997375,0.014376,0,0
0,39,-4.750000,4.750000,6.956500,62,0.545064,0.994876,0.014839,0,0
0,40,-4.750000,5.250000,7.301980,51,0.399374,0.990553,0.015332,0,0
0,41,-4.750000,5.750000,7.664057,53,0.617446,0.985671,0.015874,0,0
0,42,-4.750000,6.250000,8.158914,23,0.557041,0.886760,0.016657,0,0
0,43,-4.750000,6.750000,8.625693,26,0.889138,0.899257,0.017440,0,0
0,44,-4.750000,7.250000,8.735970,34,1.000000,0.908046,0.017632,0,0
0,45,-4.750000,7.750000,9.080861,36,1.000000,0.668501,0.018246,0,0
0,46,-4.750000,8.250000,0.000000,2,0.000000,0.000000,0.010000,0,0
0,51,-4.750000,10.750000,0.000000,2,0.000000,0.000000,0.010000,0,0
1,1,-4.250000,-14.250000,14.874909,11,0.005910,0.635592,0.032126,0,0
1,3,-4.250000,-13.250000,0.000000,1,0.000000,0.000000,0.010000,0,0
1,4,-4.250000,-12.750000,13.266200,5,0.009213,0.382122,0.027599,0,0
1,5,-4.250000,-12.250000,13.007875,8,0.011465,0.534895,0.026920,0,0
1,6,-4.250000,-11.750000,0.000000,2,0.000000,0.000000,0.010000,0,0
1,7,-4.250000,-11.250000,11.898000,3,0.011846,0.237629,0.024156,0,0
1,8,-4.250000,-10.750000,11.497714,7,0.019461,0.493263,0.023220,0,0
1,10,-4.250000,-9.750000,10.608334,6,0.018932,0.445908,0.021254,0,0
1,11,-4.250000,-9.250000,10.102500,4,0.183546,0.324282,0.020206,0,0
1,12,-4.250000,-8.750000,9.869751,4,0.022135,0.304269,0.019741,0,0
1,14,-4.250000,-7.750000,8.889126,16,0.229265,0.780533,0.017902,0,0
1,15,-4.250000,-7.250000,8.516376,16,0.173079,0.790952,0.017253,0,0
1,16,-4.250000,-6.750000,8.012800,30,1.000000,0.765179,0.016420,0,0
1,17,-4.250000,-6.250000,7.643571,35,0.721697,0.901722,0.015842,0,0
1,18,-4.250000,-5.750000,7.164532,32,1.000000,0.872589,0.015133,0,0
1,19,-4.250000,-5.250000,6.855143,28,0.180135,0.928712,0.014699,0,0
1,20,-4.250000,-4.750000,6.385941,50,0.435950,0.965990,0.014078,0,0
1,21,-4.250000,-4.250000,6.118506,81,0.459801,0.991117,0.013744,0,0
1,22,-4.250000,-3.750000,5.723719,64,0.319453,0.991680,0.013276,0,0
1,23,-4.250000,-3.250000,5.438312,93,0.258680,0.989066,0.012958,0,0
1,24,-4.250000,-2.750000,5.132585,77,0.153914,0.992768,0.012634,0,0
1,25,-4.250000,-2.250000,4.897363,91,0.251784,0.985387,0.012398,0,0
1,26,-4.250000,-1.750000,4.658352,102,0.329233,0.983320,0.012170,0,0
1,27,-4.250000,-1.250000,4.522609,138,0.310651,0.992430,0.012045,0,0
1,28,-4.250000,-0.750000,4.425088,125,0.163079,0.993139,0.011958,0,0
1,29,-4.250000,-0.250000,4.353426,129,0.303852,0.988939,0.011895,0,0
1,30,-4.250000,0.250000,4.367900,130,0.155306,0.992980,0.011908,0,0
1,31,-4.250000,0.750000,4.450375,128,0.310268,0.989009,0.011981,0,0
1,32,-4.250000,1.250000,4.577817,121,0.153623,0.993302,0.012096,0,0
1,33,-4.250000,1.750000,4.719908,119,0.229918,0.993147,0.012228,0,0
1,34,-4.250000,2.250000,4.937973,107,0.379651,0.979883,0.012438,0,0
1,35,-4.250000,2.750000,5.181456,90,0.741315,0.989437,0.012685,0,0
1,36,-4.250000,3.250000,5.452517,60,0.441623,0.967506,0.012973,0,0
1,37,-4.250000,3.750000,5.815888,62,0.089736,0.991567,0.013382,0,0
1,38,-4.250000,4.250000,6.125483,58,0.347228,0.987751,0.013752,0,0
1,39,-4.250000,4.750000,6.462591,39,0.147195,0.972532,0.014177,0,0
1,40,-4.250000,5.250000,6.802481,25,0.314590,0.912135,0.014627,0,0
1,41,-4.250000,5.750000,7.339375,32,0.556072,0.939118,0.015387,0,0
1,42,-4.250000,6.250000,7.603808,47,0.914669,0.944930,0.015782,0,0
1,43,-4.250000,6.750000,8.023001,5,0.128635,0.390723,0.016437,0,0
1,44,-4.250000,7.250000,8.488600,20,0.866290,0.762797,0.017206,0,0
1,45,-4.250000,7.750000,8.843250,12,0.835309,0.674551,0.017820,0,0
1,46,-4.250000,8.250000,0.000000,1,0.000000,0.000000,0.010000,0,0
1,47,-4.250000,8.750000,9.716750,4,0.115332,0.325156,0.019442,0,0
1,48,-4.250000,9.250000,0.000000,1,0.000000,0.000000,0.010000,0,0
2,1,-3.750000,-14.250000,14.684557,9,0.009842,0.579394,0.031564,0,0
2,2,-3.750000,-13.750000,0.000000,1,0.000000,0.000000,0.010000,0,0
2,4,-3.750000,-12.750000,13.263601,10,0.010733,0.615960,0.027592,0,0
2,5,-3.750000,-12.250000,12.867002,3,0.380153,0.255633,0.026556,0,0
2,6,-3.750000,-11.750000,12.317201,5,0.021902,0.385610,0.025171,0,0
2,7,-3.750000,-11.250000,11.849778,9,0.021657,0.578610,0.024042,0,0
2,8,-3.750000,-10.750000,11.384167,6,0.440605,0.445785,0.022960,0,0
2,9,-3.750000,-10.250000,10.904667,3,0.020543,0.248561,0.021891,0,0
2,10,-3.750000,-9.750000,10.640667,3,0.020263,0.249772,0.021322,0,0
2,11,-3.750000,-9.250000,10.064001,8,0.276200,0.533846,0.020128,0,0
2,12,-3.750000,-8.750000,0.000000,2,0.000000,0.000000,0.010000,0,0
2,13,-3.750000,-8.250000,9.148726,11,0.218380,0.660383,0.018370,0,0
2,16,-3.750000,-6.750000,7.645143,7,0.544114,0.497348,0.015845,0,0
2,17,-3.750000,-6.250000,7.372058,52,1.000000,0.852287,0.015435,0,0
2,18,-3.750000,-5.750000,6.945171,47,1.000000,0.951603,0.014824,0,0
2,19,-3.750000,-5.250000,6.482448,38,0.234128,0.963873,0.014202,0,0
2,20,-3.750000,-4.750000,6.083609,51,0.312008,0.970642,0.013701,0,0
2,21,-3.750000,-4.250000,5.808291,90,0.578817,0.989622,0.013374,0,0
2,22,-3.750000,-3.750000,5.463094,53,0.114812,0.983205,0.012985,0,0
2,23,-3.750000,-3.250000,5.006886,79,0.115600,0.992817,0.012507,0,0
2,24,-3.750000,-2.750000,4.772000,109,0.311329,0.991277,0.012277,0,0
2,25,-3.750000,-2.250000,4.494630,151,0.497990,0.988232,0.012020,0,0
2,26,-3.750000,-1.750000,4.280468,176,0.501095,0.987875,0.011832,0,0
2,27,-3.750000,-1.250000,4.120577,170,0.129220,0.993306,0.011698,0,0
2,28,-3.750000,-0.750000,4.034333,132,0.098765,0.991329,0.011628,0,0
2,29,-3.750000,-0.250000,3.923110,147,0.360505,0.976469,0.011539,0,0
2,30,-3.750000,0.250000,3.961730,118,0.114999,0.994503,0.011570,0,0
2,31,-3.750000,0.750000,4.097247,89,0.252933,0.988108,0.011679,0,0
2,32,-3.750000,1.250000,4.146385,135,0.141952,0.989740,0.011719,0,0
2,33,-3.750000,1.750000,4.262099,170,0.468057,0.981454,0.011817,0,0
2,34,-3.750000,2.250000,4.506640,97,0.548315,0.991239,0.012031,0,0
2,35,-3.750000,2.750000,4.778390,100,0.120710,0.989688,0.012283,0,0
2,36,-3.750000,3.250000,5.100551,80,0.274684,0.988309,0.012602,0,0
2,37,-3.750000,3.750000,5.452476,63,0.149841,0.991665,0.012973,0,0
2,38,-3.750000,4.250000,5.798390,82,0.292084,0.992180,0.013362,0,0
2,39,-3.750000,4.750000,6.134026,39,0.042336,0.969712,0.013763,0,0
2,40,-3.750000,5.250000,6.469668,30,0.068316,0.942742,0.014186,0,0
2,41,-3.750000,5.750000,6.898273,11,0.206864,0.662984,0.014759,0,0
2,42,-3.750000,6.250000,7.380608,23,0.132531,0.891879,0.015447,0,0
2,43,-3.750000,6.750000,7.857285,14,0.307035,0.746477,0.016174,0,0
2,44,-3.750000,7.250000,8.320479,23,0.680950,0.868034,0.016923,0,0
2,45,-3.750000,7.750000,8.811335,24,1.000000,0.747072,0.017764,0,0
2,46,-3.750000,8.250000,9.208424,52,1.000000,0.903213,0.018480,0,0
2,47,-3.750000,8.750000,9.458962,27,1.000000,0.892500,0.018947,0,0
2,52,-3.750000,11.250000,12.130857,7,1.000000,0.478627,0.024716,0,0
2,53,-3.750000,11.750000,12.262668,12,1.000000,0.629503,0.025037,0,0
2,54,-3.750000,12.250000,12.916501,8,0.081884,0.515095,0.026684,0,0
2,55,-3.750000,12.750000,13.374800,5,0.067227,0.366783,0.027889,0,0
3,0,-3.250000,-14.750000,15.033751,4,0.009203,0.314483,0.032601,0,0
3,1,-3.250000,-14.250000,14.613728,11,0.009014,0.649617,0.031356,0,0
3,3,-3.250000,-13.250000,13.498285,7,0.008380,0.456794,0.028220,0,0
3,4,-3.250000,-12.750000,13.380001,8,0.009296,0.511870,0.027902,0,0
3,5,-3.250000,-12.250000,12.489000,5,0.013632,0.384041,0.025598,0,0
3,6,-3.250000,-11.750000,12.341875,8,0.020611,0.539206,0.025232,0,0
3,7,-3.250000,-11.250000,0.000000,1,0.000000,0.000000,0.010000,0,0
3,8,-3.250000,-10.750000,11.154125,8,0.029416,0.543841,0.022441,0,0
3,9,-3.250000,-10.250000,10.851430,7,0.222453,0.495919,0.021775,0,0
3,10,-3.250000,-9.750000,10.317286,7,0.316495,0.493864,0.020645,0,0
3,11,-3.250000,-9.250000,9.770430,7,0.569996,0.496569,0.019546,0,0
3,12,-3.250000,-8.750000,0.000000,1,0.000000,0.000000,0.010000,0,0
3,14,-3.250000,-7.750000,0.000000,1,0.000000,0.000000,0.010000,0,0
3,16,-3.250000,-6.750000,7.343580,19,0.294041,0.842005,0.015393,0,0
3,17,-3.250000,-6.250000,7.136236,89,1.000000,0.961147,0.015093,0,0
3,18,-3.250000,-5.750000,6.678000,33,0.088246,0.957069,0.014460,0,0
3,19,-3.250000,-5.250000,6.285289,45,0.276796,0.969708,0.013950,0,0
3,20,-3.250000,-4.750000,5.834126,87,0.247542,0.992175,0.013404,0,0
3,21,-3.250000,-4.250000,5.544133,68,0.290434,0.991270,0.013074,0,0
3,22,-3.250000,-3.750000,5.026083,60,0.189639,0.986863,0.012526,0,0
3,23,-3.250000,-3.250000,4.719607,150,0.386429,0.990492,0.012227,0,0
3,24,-3.250000,-2.750000,4.399080,125,0.217717,0.988399,0.011935,0,0
3,25,-3.250000,-2.250000,4.087183,158,0.254979,0.991840,0.011671,0,0
3,26,-3.250000,-1.750000,4.004612,67,0.096198,0.992022,0.011604,0,0
3,27,-3.250000,-1.250000,3.923167,6,0.302703,0.354437,0.011539,0,0
3,28,-3.250000,-0.750000,3.730600,10,0.306827,0.561643,0.011392,0,0
3,29,-3.250000,-0.250000,3.581364,11,0.392194,0.651794,0.011283,0,0
3,30,-3.250000,0.250000,0.000000,1,0.000000,0.000000,0.010000,0,0
3,31,-3.250000,0.750000,0.000000,1,0.000000,0.000000,0.010000,0,0
3,32,-3.250000,1.250000,3.922857,7,0.304726,0.404140,0.011539,0,0
3,33,-3.250000,1.750000,4.006309,42,0.284153,0.979049,0.011605,0,0
3,34,-3.250000,2.250000,4.124864,110,0.134474,0.992452,0.011701,0,0
3,35,-3.250000,2.750000,4.429555,99,0.287627,0.992328,0.011962,0,0
3,36,-3.250000,3.250000,4.710460,91,0.202435,0.990409,0.012219,0,0
3,37,-3.250000,3.750000,5.105000,60,0.268537,0.986698,0.012606,0,0
3,38,-3.250000,4.250000,5.511897,86,0.319923,0.992405,0.013038,0,0
3,39,-3.250000,4.750000,5.846581,50,0.307284,0.979082,0.013418,0,0
3,40,-3.250000,5.250000,6.266076,54,0.381056,0.979349,0.013926,0,0
3,41,-3.250000,5.750000,6.815333,36,0.548691,0.937213,0.014645,0,0
3,42,-3.250000,6.250000,7.119160,25,0.193967,0.893870,0.015068,0,0
3,43,-3.250000,6.750000,7.603909,11,0.260540,0.659291,0.015782,0,0
3,44,-3.250000,7.250000,8.021613,31,0.356906,0.923111,0.016435,0,0
3,45,-3.250000,7.750000,0.000000,1,0.000000,0.000000,0.010000,0,0
3,46,-3.250000,8.250000,0.000000,1,0.000000,0.000000,0.010000,0,0
3,47,-3.250000,8.750000,9.438432,67,1.000000,0.867424,0.018908,0,0
3,48,-3.250000,9.250000,0.000000,1,0.000000,0.000000,0.010000,0,0
3,53,-3.250000,11.750000,12.405000,12,1.000000,0.508513,0.025388,0,0
3,54,-3.250000,12.250000,12.689421,19,1.000000,0.643662,0.026102,0,0
3,55,-3.250000,12.750000,13.125000,3,0.050503,0.160641,0.027227,0,0
3,59,-3.250000,14.750000,0.000000,1,0.000000,0.000000,0.010000,0,0
4,0,-2.750000,-14.750000,15.147818,11,0.007743,0.635531,0.032946,0,0
4,2,-2.750000,-13.750000,13.874802,5,0.007590,0.318388,0.029251,0,0
4,3,-2.750000,-13.250000,13.623667,9,0.010354,0.569375,0.028560,0,0
4,5,-2.750000,-12.250000,12.482500,10,0.014717,0.616977,0.025581,0,0
4,6,-2.750000,-11.750000,12.231000,3,0.018065,0.251928,0.024960,0,0
4,7,-2.750000,-11.250000,11.389001,8,0.016896,0.538110,0.022971,0,0
4,8,-2.750000,-10.750000,11.296143,7,0.021842,0.493124,0.022760,0,0
4,9,-2.750000,-10.250000,10.561500,14,0.262050,0.740218,0.021155,0,0
4,10,-2.750000,-9.750000,10.211073,14,0.305202,0.742314,0.020427,0,0
4,11,-2.750000,-9.250000,9.642924,13,0.295043,0.716161,0.019299,0,0
4,12,-2.750000,-8.750000,9.193572,14,0.046431,0.736585,0.018452,0,0
4,13,-2.750000,-8.250000,8.791400,15,0.506793,0.765071,0.017729,0,0
4,14,-2.750000,-7.750000,0.000000,1,0.000000,0.000000,0.010000,0,0
4,16,-2.750000,-6.750000,7.228000,43,1.000000,0.914450,0.015224,0,0
4,17,-2.750000,-6.250000,6.872298,94,1.000000,0.920680,0.014723,0,0
4,18,-2.750000,-5.750000,6.412167,36,0.280417,0.959852,0.014112,0,0
4,19,-2.750000,-5.250000,6.034719,57,0.303837,0.979913,0.013642,0,0
4,20,-2.750000,-4.750000,5.585706,95,0.749206,0.984259,0.013120,0,0
4,21,-2.750000,-4.250000,5.225476,59,0.254202,0.979717,0.012731,0,0
4,22,-2.750000,-3.750000,4.733031,97,0.338319,0.986423,0.012240,0,0
4,23,-2.750000,-3.250000,4.402191,126,0.191947,0.994151,0.011938,0,0
4,24,-2.750000,-2.750000,4.136221,136,0.521597,0.984488,0.011711,0,0
4,25,-2.750000,-2.250000,3.902882,42,0.228090,0.976353,0.011523,0,0
4,34,-2.750000,2.250000,3.964000,15,0.297086,0.747446,0.011571,0,0
4,35,-2.750000,2.750000,4.192289,45,0.415675,0.983537,0.011758,0,0
4,36,-2.750000,3.250000,4.434994,139,0.276068,0.994134,0.011967,0,0
4,37,-2.750000,3.750000,4.753988,87,0.342247,0.982206,0.012260,0,0
4,38,-2.750000,4.250000,5.238431,79,0.218603,0.988479,0.012744,0,0
4,39,-2.750000,4.750000,5.617021,49,0.316303,0.985567,0.013155,0,0
4,40,-2.750000,5.250000,6.071058,52,0.199135,0.986642,0.013686,0,0
4,41,-2.750000,5.750000,6.549166,42,0.330204,0.965014,0.014289,0,0
4,42,-2.750000,6.250000,6.952333,30,0.631912,0.898618,0.014833,0,0
4,43,-2.750000,6.750000,7.416285,21,0.140454,0.863196,0.015500,0,0
4,44,-2.750000,7.250000,7.760000,3,0.137738,0.252655,0.016022,0,0
4,45,-2.750000,7.750000,8.470000,4,1.000000,0.319052,0.017174,0,0
4,47,-2.750000,8.750000,9.469429,7,1.000000,0.484465,0.018967,0,0
4,51,-2.750000,10.750000,0.000000,1,0.000000,0.000000,0.010000,0,0
4,53,-2.750000,11.750000,0.000000,2,0.000000,0.000000,0.010000,0,0
4,54,-2.750000,12.250000,12.604858,21,1.000000,0.731055,0.025888,0,0
4,55,-2.750000,12.750000,0.000000,1,0.000000,0.000000,0.010000,0,0
4,57,-2.750000,13.750000,0.000000,1,0.000000,0.000000,0.010000,0,0
5,0,-2.250000,-14.750000,15.415446,9,0.007405,0.573351,0.033764,0,0
5,2,-2.250000,-13.750000,13.971300,10,0.009197,0.604120,0.029520,0,0
5,5,-2.250000,-12.250000,12.559153,13,0.016690,0.712734,0.025773,0,0
5,6,-2.250000,-11.750000,11.950201,5,0.019011,0.378967,0.024281,0,0
5,7,-2.250000,-11.250000,11.506750,8,0.033525,0.538738,0.023241,0,0
5,8,-2.250000,-10.750000,10.873777,9,0.131099,0.582048,0.021824,0,0
5,9,-2.250000,-10.250000,10.707285,7,0.022488,0.482521,0.021465,0,0
5,10,-2.250000,-9.750000,10.016000,11,0.033931,0.660555,0.020032,0,0
5,11,-2.250000,-9.250000,9.559770,13,0.243401,0.720417,0.019139,0,0
5,12,-2.250000,-8.750000,9.008766,17,0.362804,0.799489,0.018116,0,0
5,13,-2.250000,-8.250000,8.557354,17,0.122313,0.808501,0.017323,0,0
5,14,-2.250000,-7.750000,8.016501,6,0.277029,0.412106,0.016426,0,0
5,15,-2.250000,-7.250000,7.603112,18,1.000000,0.753303,0.015781,0,0
5,16,-2.250000,-6.750000,7.235648,68,1.000000,0.880745,0.015235,0,0
5,17,-2.250000,-6.250000,6.715844,45,0.407999,0.980996,0.014510,0,0
5,18,-2.250000,-5.750000,6.243211,57,0.421745,0.971273,0.013898,0,0
5,19,-2.250000,-5.250000,5.745177,79,0.444621,0.980610,0.013301,0,0
5,20,-2.250000,-4.750000,5.371813,97,0.313735,0.990510,0.012886,0,0
5,21,-2.250000,-4.250000,5.054222,36,0.203095,0.963180,0.012555,0,0
5,22,-2.250000,-3.750000,4.540978,44,0.300514,0.972003,0.012062,0,0
5,23,-2.250000,-3.250000,4.145358,81,0.154176,0.992324,0.011718,0,0
5,24,-2.250000,-2.750000,4.014900,10,0.300932,0.585901,0.011612,0,0
5,36,-2.250000,3.250000,4.343238,21,0.307274,0.861705,0.011886,0,0
5,37,-2.250000,3.750000,4.570918,109,0.128907,0.991486,0.012089,0,0
5,38,-2.250000,4.250000,4.957839,87,0.273803,0.992688,0.012458,0,0
5,39,-2.250000,4.750000,5.432487,66,0.241340,0.990139,0.012951,0,0
5,40,-2.250000,5.250000,5.874046,43,0.157947,0.976072,0.013450,0,0
5,41,-2.250000,5.750000,6.307143,28,0.204842,0.931112,0.013978,0,0
5,42,-2.250000,6.250000,6.773584,36,0.363863,0.939249,0.014588,0,0
5,43,-2.250000,6.750000,7.294481,25,0.226910,0.910555,0.015321,0,0
5,44,-2.250000,7.250000,7.615188,16,0.219365,0.792780,0.015799,0,0
5,45,-2.250000,7.750000,8.182500,12,0.171136,0.688493,0.016695,0,0
5,46,-2.250000,8.250000,8.472000,3,0.118633,0.257307,0.017177,0,0
5,51,-2.250000,10.750000,11.266667,3,0.082625,0.220864,0.022694,0,0
5,52,-2.250000,11.250000,11.532400,5,1.000000,0.373105,0.023300,0,0
5,59,-2.250000,14.750000,0.000000,1,0.000000,0.000000,0.010000,0,0
6,0,-1.750000,-14.750000,0.000000,2,0.000000,0.000000,0.010000,0,0
6,2,-1.750000,-13.750000,13.986600,10,0.007798,0.604820,0.029562,0,0
6,4,-1.750000,-12.750000,12.890223,9,0.019540,0.581460,0.026616,0,0
6,5,-1.750000,-12.250000,0.000000,2,0.000000,0.000000,0.010000,0,0
6,6,-1.750000,-11.750000,11.953818,11,0.023467,0.653410,0.024289,0,0
6,8,-1.750000,-10.750000,10.811334,12,0.022921,0.683119,0.021688,0,0
6,9,-1.750000,-10.250000,10.248715,7,0.024591,0.492386,0.020504,0,0
6,10,-1.750000,-9.750000,10.036716,7,0.047440,0.492861,0.020074,0,0
6,11,-1.750000,-9.250000,9.407272,11,0.042841,0.657879,0.018850,0,0
6,12,-1.750000,-8.750000,8.943467,15,0.044568,0.766138,0.017999,0,0
6,13,-1.750000,-8.250000,8.608538,13,0.061164,0.717999,0.017411,0,0
6,14,-1.750000,-7.750000,0.000000,2,0.000000,0.000000,0.010000,0,0
6,15,-1.750000,-7.250000,7.397000,11,0.482703,0.657291,0.015472,0,0
6,16,-1.750000,-6.750000,7.100154,39,0.908556,0.920343,0.015041,0,0
6,17,-1.750000,-6.250000,6.535714,35,0.714497,0.951835,0.014272,0,0
6,18,-1.750000,-5.750000,6.071233,69,1.000000,0.949796,0.013686,0,0
6,19,-1.750000,-5.250000,5.605711,76,0.459783,0.961402,0.013142,0,0
6,20,-1.750000,-4.750000,5.170442,104,0.565079,0.982484,0.012673,0,0
6,21,-1.750000,-4.250000,4.881049,41,0.177752,0.972777,0.012382,0,0
6,22,-1.750000,-3.750000,4.145667,3,0.305566,0.221883,0.011719,0,0
6,23,-1.750000,-3.250000,4.126857,7,0.320600,0.472236,0.011703,0,0
6,37,-1.750000,3.750000,4.448375,32,0.301614,0.945688,0.011979,0,0
6,38,-1.750000,4.250000,4.789795,102,0.374663,0.994030,0.012294,0,0
6,39,-1.750000,4.750000,5.248230,61,0.253343,0.992083,0.012754,0,0
6,40,-1.750000,5.250000,5.710515,66,0.595563,0.982206,0.013261,0,0
6,41,-1.750000,5.750000,6.174812,48,0.587620,0.964568,0.013813,0,0
6,42,-1.750000,6.250000,6.536058,35,0.121260,0.960104,0.014272,0,0
6,43,-1.750000,6.750000,7.170501,26,0.197923,0.910318,0.015142,0,0
6,44,-1.750000,7.250000,7.559077,13,0.527838,0.721144,0.015714,0,0
6,45,-1.750000,7.750000,8.290890,9,0.261112,0.534737,0.016874,0,0
6,46,-1.750000,8.250000,8.483666,3,0.109659,0.160593,0.017197,0,0
7,1,-1.250000,-14.250000,14.152572,7,0.008250,0.471048,0.030030,0,0
7,2,-1.250000,-13.750000,14.009168,6,0.007241,0.439120,0.029626,0,0
7,3,-1.250000,-13.250000,13.154636,11,0.012171,0.639602,0.027304,0,0
7,4,-1.250000,-12.750000,0.000000,2,0.000000,0.000000,0.010000,0,0
7,5,-1.250000,-12.250000,12.304126,8,0.019743,0.525001,0.025139,0,0
7,6,-1.250000,-11.750000,11.984834,6,0.021679,0.420350,0.024364,0,0
7,7,-1.250000,-11.250000,11.363439,16,0.041500,0.788370,0.022913,0,0
7,8,-1.250000,-10.750000,0.000000,1,0.000000,0.000000,0.010000,0,0
7,9,-1.250000,-10.250000,10.272467,15,0.031678,0.762746,0.020552,0,0
7,10,-1.250000,-9.750000,0.000000,1,0.000000,0.000000,0.010000,0,0
7,11,-1.250000,-9.250000,9.453526,19,0.143863,0.839125,0.018937,0,0
7,12,-1.250000,-8.750000,8.967890,18,0.091677,0.825587,0.018042,0,0
7,13,-1.250000,-8.250000,8.429291,24,0.242391,0.895655,0.017105,0,0
7,14,-1.250000,-7.750000,7.884133,15,0.123870,0.769976,0.016216,0,0
7,15,-1.250000,-7.250000,7.393182,11,0.411956,0.648323,0.015466,0,0
7,16,-1.250000,-6.750000,6.973698,33,0.772788,0.891792,0.014863,0,0
7,17,-1.250000,-6.250000,6.383548,64,1.000000,0.928424,0.014075,0,0
7,18,-1.250000,-5.750000,5.960610,41,0.303691,0.968777,0.013553,0,0
7,19,-1.250000,-5.250000,5.468634,109,0.894179,0.985394,0.012991,0,0
7,20,-1.250000,-4.750000,5.062701,137,0.562017,0.990635,0.012563,0,0
7,21,-1.250000,-4.250000,4.592902,71,0.123213,0.992078,0.012109,0,0
7,22,-1.250000,-3.750000,4.212376,16,0.028943,0.791775,0.011774,0,0
7,38,-1.250000,4.250000,4.758107,37,0.186564,0.965982,0.012264,0,0
7,39,-1.250000,4.750000,5.072677,93,0.275946,0.991119,0.012573,0,0
7,40,-1.250000,5.250000,5.544796,49,0.402403,0.985219,0.013074,0,0
7,41,-1.250000,5.750000,6.031048,65,0.173496,0.989772,0.013637,0,0
7,42,-1.250000,6.250000,6.534631,46,0.994430,0.954343,0.014270,0,0
7,43,-1.250000,6.750000,6.942324,34,0.391749,0.897653,0.014820,0,0
7,44,-1.250000,7.250000,7.394715,7,0.204226,0.499072,0.015468,0,0
7,45,-1.250000,7.750000,0.000000,2,0.000000,0.000000,0.010000,0,0
7,46,-1.250000,8.250000,0.000000,2,0.000000,0.000000,0.010000,0,0
7,48,-1.250000,9.250000,9.614501,4,0.095336,0.246062,0.019244,0,0
7,51,-1.250000,10.750000,10.956001,3,1.000000,0.246913,0.022003,0,0
7,52,-1.250000,11.250000,11.550105,19,1.000000,0.783798,0.023340,0,0
7,53,-1.250000,11.750000,11.831833,6,0.113171,0.432050,0.023999,0,0
7,54,-1.250000,12.250000,0.000000,1,0.000000,0.000000,0.010000,0,0
7,55,-1.250000,12.750000,12.873668,3,0.891867,0.243094,0.026573,0,0
7,56,-1.250000,13.250000,0.000000,2,0.000000,0.000000,0.010000,0,0
8,0,-0.750000,-14.750000,14.636668,3,0.008882,0.250334,0.031423,0,0
8,1,-0.750000,-14.250000,14.450624,8,0.011148,0.524599,0.030882,0,0
8,3,-0.750000,-13.250000,13.374156,13,0.017430,0.710164,0.027887,0,0
8,5,-0.750000,-12.250000,12.285573,14,0.015947,0.733654,0.025094,0,0
8,6,-0.750000,-11.750000,11.736667,3,0.021707,0.235607,0.023775,0,0
8,7,-0.750000,-11.250000,11.211910,11,0.031581,0.647877,0.022571,0,0
8,8,-0.750000,-10.750000,10.585401,5,0.026350,0.373771,0.021205,0,0
8,9,-0.750000,-10.250000,10.465399,10,0.026131,0.615634,0.020952,0,0
8,10,-0.750000,-9.750000,9.636501,4,0.035789,0.326365,0.019286,0,0
8,11,-0.750000,-9.250000,9.471000,11,0.039235,0.652944,0.018970,0,0
8,12,-0.750000,-8.750000,8.881364,22,0.097847,0.878486,0.017888,0,0
8,13,-0.750000,-8.250000,8.360519,27,0.367247,0.889152,0.016990,0,0
8,14,-0.750000,-7.750000,7.845167,6,0.069015,0.447900,0.016155,0,0
8,15,-0.750000,-7.250000,7.236162,31,0.634596,0.901904,0.015236,0,0
8,16,-0.750000,-6.750000,6.937659,47,0.681757,0.960288,0.014813,0,0
8,17,-0.750000,-6.250000,6.458048,21,0.168594,0.867729,0.014171,0,0
8,18,-0.750000,-5.750000,5.784524,21,0.500755,0.830230,0.013346,0,0
8,19,-0.750000,-5.250000,5.412193,139,0.987232,0.976066,0.012929,0,0
8,20,-0.750000,-4.750000,4.898450,149,0.691195,0.980039,0.012399,0,0
8,21,-0.750000,-4.250000,4.515749,99,0.375436,0.990016,0.012039,0,0
8,22,-0.750000,-3.750000,4.150140,43,0.352490,0.979523,0.011722,0,0
8,39,-0.750000,4.750000,5.057580,62,0.323267,0.980265,0.012558,0,0
8,40,-0.750000,5.250000,5.482146,62,0.328899,0.983982,0.013005,0,0
8,41,-0.750000,5.750000,5.922980,49,0.179673,0.980867,0.013508,0,0
8,42,-0.750000,6.250000,6.413928,42,0.189115,0.960401,0.014114,0,0
8,43,-0.750000,6.750000,6.951967,31,0.976814,0.911195,0.014833,0,0
8,44,-0.750000,7.250000,7.340657,35,0.702842,0.925832,0.015389,0,0
8,45,-0.750000,7.750000,8.003167,6,0.252124,0.445827,0.016405,0,0
8,46,-0.750000,8.250000,8.348734,15,0.236148,0.759729,0.016970,0,0
8,47,-0.750000,8.750000,8.717501,4,1.000000,0.243231,0.017599,0,0
8,51,-0.750000,10.750000,0.000000,1,0.000000,0.000000,0.010000,0,0
8,52,-0.750000,11.250000,11.494667,3,0.119130,0.247470,0.023213,0,0
8,53,-0.750000,11.750000,11.774000,10,0.386887,0.600439,0.023863,0,0
8,54,-0.750000,12.250000,12.433000,3,0.066150,0.154574,0.025458,0,0
8,55,-0.750000,12.750000,13.071667,6,1.000000,0.410959,0.027087,0,0
8,56,-0.750000,13.250000,13.499201,5,1.000000,0.382661,0.028223,0,0
8,57,-0.750000,13.750000,0.000000,1,0.000000,0.000000,0.010000,0,0
8,58,-0.750000,14.250000,14.452667,3,0.070004,0.217951,0.030888,0,0
9,0,-0.250000,-14.750000,14.755085,12,0.009285,0.670933,0.031771,0,0
9,2,-0.250000,-13.750000,13.641858,7,0.012648,0.463312,0.028610,0,0
9,3,-0.250000,-13.250000,13.462000,5,0.010732,0.319383,0.028123,0,0
9,4,-0.250000,-12.750000,12.638626,8,0.020018,0.520133,0.025973,0,0
9,5,-0.250000,-12.250000,12.440801,5,0.021994,0.372596,0.025477,0,0
9,6,-0.250000,-11.750000,11.815786,14,0.029215,0.734009,0.023961,0,0
9,8,-0.250000,-10.750000,10.776716,14,0.044646,0.739356,0.021614,0,0
9,9,-0.250000,-10.250000,0.000000,1,0.000000,0.000000,0.010000,0,0
9,10,-0.250000,-9.750000,9.762216,14,0.046973,0.742286,0.019530,0,0
9,11,-0.250000,-9.250000,9.207390,18,0.172850,0.819450,0.018478,0,0
9,12,-0.250000,-8.750000,8.791201,15,0.060163,0.761821,0.017729,0,0
9,13,-0.250000,-8.250000,8.334579,19,0.131662,0.840536,0.016947,0,0
9,14,-0.250000,-7.750000,7.900144,14,0.451212,0.725984,0.016241,0,0
9,15,-0.250000,-7.250000,7.270800,25,0.299991,0.898678,0.015286,0,0
9,16,-0.250000,-6.750000,6.874935,31,1.000000,0.912221,0.014726,0,0
9,17,-0.250000,-6.250000,6.297194,36,0.805787,0.917078,0.013965,0,0
9,18,-0.250000,-5.750000,5.839820,61,1.000000,0.939659,0.013410,0,0
9,19,-0.250000,-5.250000,5.356419,91,0.349678,0.986390,0.012869,0,0
9,20,-0.250000,-4.750000,4.890160,69,0.380619,0.981956,0.012391,0,0
9,21,-0.250000,-4.250000,4.499600,15,0.289127,0.769235,0.012025,0,0
9,22,-0.250000,-3.750000,4.135273,11,1.000000,0.580074,0.011710,0,0
9,38,-0.250000,4.250000,0.000000,2,0.000000,0.000000,0.010000,0,0
9,39,-0.250000,4.750000,4.911834,6,1.000000,0.442785,0.012413,0,0
9,40,-0.250000,5.250000,5.501625,8,0.425452,0.548778,0.013027,0,0
9,41,-0.250000,5.750000,6.057565,23,0.117355,0.879607,0.013669,0,0
9,42,-0.250000,6.250000,6.447857,7,0.734366,0.498563,0.014157,0,0
9,43,-0.250000,6.750000,6.882782,23,0.427674,0.879886,0.014737,0,0
9,44,-0.250000,7.250000,7.357800,10,0.371312,0.616813,0.015414,0,0
9,45,-0.250000,7.750000,7.969250,4,0.343221,0.327410,0.016351,0,0
9,46,-0.250000,8.250000,8.268000,7,1.000000,0.483289,0.016836,0,0
9,47,-0.250000,8.750000,0.000000,1,0.000000,0.000000,0.010000,0,0
9,50,-0.250000,10.250000,10.291000,4,0.095310,0.244346,0.020590,0,0
9,51,-0.250000,10.750000,0.000000,1,0.000000,0.000000,0.010000,0,0
9,52,-0.250000,11.250000,11.546501,6,1.000000,0.386404,0.023332,0,0
9,53,-0.250000,11.750000,11.837335,15,1.000000,0.712825,0.024012,0,0
9,54,-0.250000,12.250000,12.249250,4,0.086453,0.291801,0.025004,0,0
9,56,-0.250000,13.250000,13.508223,9,0.803451,0.569508,0.028247,0,0
9,57,-0.250000,13.750000,13.756752,8,1.000000,0.527278,0.028925,0,0
9,58,-0.250000,14.250000,14.333799,10,1.000000,0.512019,0.030546,0,0
10,0,0.250000,-14.750000,15.003801,10,0.026954,0.620494,0.032511,0,0
10,2,0.250000,-13.750000,13.728364,11,0.015222,0.640628,0.028847,0,0
10,4,0.250000,-12.750000,12.723079,13,0.021179,0.707396,0.026188,0,0
10,6,0.250000,-11.750000,11.888727,11,0.021509,0.646815,0.024134,0,0
10,7,0.250000,-11.250000,0.000000,2,0.000000,0.000000,0.010000,0,0
10,8,0.250000,-10.750000,10.683834,12,0.029654,0.686449,0.021414,0,0
10,9,0.250000,-10.250000,10.209265,19,0.418956,0.834021,0.020423,0,0
10,10,0.250000,-9.750000,9.630143,7,0.039119,0.456129,0.019274,0,0
10,11,0.250000,-9.250000,9.388000,9,0.048466,0.571454,0.018813,0,0
10,12,0.250000,-8.750000,8.834312,16,0.067257,0.786576,0.017805,0,0
10,13,0.250000,-8.250000,8.288191,21,0.188860,0.861220,0.016869,0,0
10,14,0.250000,-7.750000,7.849500,14,1.000000,0.703390,0.016161,0,0
10,15,0.250000,-7.250000,7.285685,19,0.908213,0.811934,0.015308,0,0
10,16,0.250000,-6.750000,6.843933,44,1.000000,0.921457,0.014684,0,0
10,17,0.250000,-6.250000,6.320926,41,1.000000,0.882313,0.013995,0,0
10,18,0.250000,-5.750000,5.859848,46,0.849328,0.884399,0.013434,0,0
10,19,0.250000,-5.250000,5.354967,88,0.396920,0.976866,0.012868,0,0
10,20,0.250000,-4.750000,4.916140,86,0.631131,0.956815,0.012417,0,0
10,21,0.250000,-4.250000,4.421200,35,0.769070,0.950856,0.011955,0,0
10,22,0.250000,-3.750000,4.104286,14,0.300090,0.714247,0.011685,0,0
10,39,0.250000,4.750000,0.000000,2,0.000000,0.000000,0.010000,0,0
10,41,0.250000,5.750000,5.952616,13,0.166798,0.715356,0.013543,0,0
10,42,0.250000,6.250000,6.494438,16,0.327304,0.646915,0.014218,0,0
10,43,0.250000,6.750000,6.916000,8,0.044702,0.544838,0.014783,0,0
10,44,0.250000,7.250000,7.392850,20,0.078386,0.855798,0.015465,0,0
10,45,0.250000,7.750000,0.000000,2,0.000000,0.000000,0.010000,0,0
10,46,0.250000,8.250000,8.579599,5,1.000000,0.389471,0.017361,0,0
10,48,0.250000,9.250000,0.000000,2,0.000000,0.000000,0.010000,0,0
10,49,0.250000,9.750000,10.044333,6,0.832351,0.248710,0.020089,0,0
10,50,0.250000,10.250000,10.437501,6,0.152007,0.447132,0.020894,0,0
10,51,0.250000,10.750000,0.000000,2,0.000000,0.000000,0.010000,0,0
10,52,0.250000,11.250000,11.504834,6,0.856460,0.427289,0.023236,0,0
10,53,0.250000,11.750000,11.712400,5,1.000000,0.368038,0.023718,0,0
10,54,0.250000,12.250000,12.479500,6,0.099277,0.422106,0.025574,0,0
10,56,0.250000,13.250000,13.425694,13,0.517254,0.707012,0.028025,0,0
10,57,0.250000,13.750000,13.691376,8,0.078601,0.525327,0.028745,0,0
10,58,0.250000,14.250000,14.205001,3,1.000000,0.218234,0.030178,0,0
11,0,0.750000,-14.750000,15.099500,12,0.021467,0.678880,0.032799,0,0
11,1,0.750000,-14.250000,0.000000,1,0.000000,0.000000,0.010000,0,0
11,2,0.750000,-13.750000,13.875910,11,0.016606,0.637185,0.029254,0,0
11,4,0.750000,-12.750000,12.837461,13,0.020650,0.706226,0.026480,0,0
11,6,0.750000,-11.750000,11.720417,12,0.039356,0.680810,0.023737,0,0
11,7,0.750000,-11.250000,0.000000,2,0.000000,0.000000,0.010000,0,0
11,8,0.750000,-10.750000,10.845333,15,0.038772,0.760923,0.021762,0,0
11,9,0.750000,-10.250000,10.198000,15,0.040751,0.761751,0.020400,0,0
11,10,0.750000,-9.750000,9.677847,13,0.050512,0.707210,0.019366,0,0
11,11,0.750000,-9.250000,9.487500,4,0.037920,0.295870,0.019001,0,0
11,12,0.750000,-8.750000,8.859843,19,0.106787,0.841065,0.017850,0,0
11,13,0.750000,-8.250000,8.347751,4,0.036008,0.328307,0.016968,0,0
11,14,0.750000,-7.750000,7.786667,3,0.493537,0.256006,0.016063,0,0
11,15,0.750000,-7.250000,7.268667,3,1.000000,0.255753,0.015283,0,0
11,16,0.750000,-6.750000,6.781714,14,1.000000,0.718691,0.014599,0,0
11,17,0.750000,-6.250000,6.363200,40,1.000000,0.810237,0.014049,0,0
11,18,0.750000,-5.750000,5.779366,66,1.000000,0.865625,0.013340,0,0
11,19,0.750000,-5.250000,5.444332,91,1.000000,0.959588,0.012964,0,0
11,20,0.750000,-4.750000,4.980474,116,0.652890,0.979604,0.012481,0,0
11,21,0.750000,-4.250000,4.539955,132,0.417020,0.985125,0.012061,0,0
11,22,0.750000,-3.750000,4.186200,10,0.304513,0.626075,0.011752,0,0
11,39,0.750000,4.750000,5.194126,24,0.153311,0.903784,0.012698,0,0
11,40,0.750000,5.250000,5.444280,43,0.498766,0.971756,0.012964,0,0
11,41,0.750000,5.750000,6.007341,44,0.972746,0.974787,0.013609,0,0
11,42,0.750000,6.250000,6.447660,47,0.383315,0.954031,0.014157,0,0
11,43,0.750000,6.750000,6.936826,23,0.062626,0.889171,0.014812,0,0
11,44,0.750000,7.250000,7.429471,17,0.128731,0.805815,0.015520,0,0
11,45,0.750000,7.750000,7.793077,13,0.168337,0.705106,0.016073,0,0
11,46,0.750000,8.250000,8.650668,3,1.000000,0.237289,0.017483,0,0
11,47,0.750000,8.750000,8.816446,9,0.254451,0.569939,0.017773,0,0
11,48,0.750000,9.250000,9.560500,6,1.000000,0.438716,0.019140,0,0
11,49,0.750000,9.750000,10.021666,6,1.000000,0.419110,0.020043,0,0
11,50,0.750000,10.250000,0.000000,2,0.000000,0.000000,0.010000,0,0
11,52,0.750000,11.250000,11.622001,3,1.000000,0.224075,0.023507,0,0
11,53,0.750000,11.750000,0.000000,1,0.000000,0.000000,0.010000,0,0
11,57,0.750000,13.750000,13.772251,4,0.077850,0.321718,0.028967,0,0
11,58,0.750000,14.250000,14.449876,16,1.000000,0.644944,0.030880,0,0
11,59,0.750000,14.750000,0.000000,1,0.000000,0.000000,0.010000,0,0
12,0,1.250000,-14.750000,15.108252,8,0.049542,0.545594,0.032826,0,0
12,1,1.250000,-14.250000,14.189667,9,0.579628,0.574701,0.030135,0,0
12,2,1.250000,-13.750000,14.046666,3,0.011103,0.201507,0.029731,0,0
12,4,1.250000,-12.750000,12.808728,11,0.018284,0.638415,0.026406,0,0
12,6,1.250000,-11.750000,11.890924,13,0.269991,0.706375,0.024139,0,0
12,7,1.250000,-11.250000,0.000000,1,0.000000,0.000000,0.010000,0,0
12,8,1.250000,-10.750000,10.835636,11,0.039271,0.649368,0.021741,0,0
12,9,1.250000,-10.250000,10.212428,7,0.255319,0.495861,0.020429,0,0
12,10,1.250000,-9.750000,9.959001,11,0.184618,0.659279,0.019918,0,0
12,11,1.250000,-9.250000,9.424294,17,0.091683,0.806301,0.018882,0,0
12,12,1.250000,-8.750000,9.039668,12,0.056734,0.687858,0.018172,0,0
12,13,1.250000,-8.250000,8.473300,20,0.295150,0.850275,0.017180,0,0
12,14,1.250000,-7.750000,7.948215,14,0.870956,0.725263,0.016317,0,0
12,15,1.250000,-7.250000,7.377000,21,0.577792,0.864150,0.015442,0,0
12,16,1.250000,-6.750000,6.898456,46,0.934999,0.912483,0.014759,0,0
12,17,1.250000,-6.250000,6.472027,36,1.000000,0.909691,0.014189,0,0
12,18,1.250000,-5.750000,5.989342,41,1.000000,0.898840,0.013587,0,0
12,19,1.250000,-5.250000,5.519517,87,1.000000,0.887032,0.013047,0,0
12,20,1.250000,-4.750000,5.046432,51,0.273116,0.988078,0.012547,0,0
12,21,1.250000,-4.250000,4.664587,150,0.284990,0.982407,0.012176,0,0
12,22,1.250000,-3.750000,4.299834,6,0.287018,0.448673,0.011849,0,0
12,39,1.250000,4.750000,5.230385,13,0.387392,0.710811,0.012736,0,0
12,40,1.250000,5.250000,5.698112,45,0.262582,0.978489,0.013247,0,0
12,41,1.250000,5.750000,6.070808,57,0.189018,0.985983,0.013685,0,0
12,42,1.250000,6.250000,6.582799,50,0.395020,0.965447,0.014333,0,0
12,43,1.250000,6.750000,7.029696,23,0.502086,0.887180,0.014942,0,0
12,44,1.250000,7.250000,7.433144,21,0.200220,0.866972,0.015525,0,0
12,45,1.250000,7.750000,7.940208,24,0.645546,0.849020,0.016305,0,0
12,46,1.250000,8.250000,0.000000,2,0.000000,0.000000,0.010000,0,0
12,47,1.250000,8.750000,0.000000,1,0.000000,0.000000,0.010000,0,0
12,48,1.250000,9.250000,9.644250,4,0.151903,0.320264,0.019301,0,0
12,49,1.250000,9.750000,0.000000,2,0.000000,0.000000,0.010000,0,0
12,51,1.250000,10.750000,0.000000,2,0.000000,0.000000,0.010000,0,0
12,52,1.250000,11.250000,11.545800,5,1.000000,0.372405,0.023331,0,0
12,53,1.250000,11.750000,11.817333,3,0.097571,0.241659,0.023965,0,0
12,54,1.250000,12.250000,12.434462,13,0.840950,0.688505,0.025462,0,0
12,55,1.250000,12.750000,12.822429,7,0.537916,0.479318,0.026441,0,0
12,56,1.250000,13.250000,0.000000,1,0.000000,0.000000,0.010000,0,0
12,57,1.250000,13.750000,14.037666,3,0.068837,0.165980,0.029706,0,0
12,58,1.250000,14.250000,14.399501,4,0.089551,0.299846,0.030735,0,0
12,59,1.250000,14.750000,0.000000,1,0.000000,0.000000,0.010000,0,0
13,0,1.750000,-14.750000,15.311728,11,0.018451,0.647162,0.033445,0,0
13,1,1.750000,-14.250000,14.164858,7,0.011791,0.489049,0.030064,0,0
13,2,1.750000,-13.750000,14.073603,5,0.011008,0.317649,0.029807,0,0
13,3,1.750000,-13.250000,0.000000,1,0.000000,0.000000,0.010000,0,0
13,4,1.750000,-12.750000,12.992727,11,0.019931,0.640346,0.026881,0,0
13,5,1.750000,-12.250000,0.000000,1,0.000000,0.000000,0.010000,0,0
13,6,1.750000,-11.750000,12.061819,11,0.023355,0.645503,0.024549,0,0
13,7,1.750000,-11.250000,11.346250,4,0.024953,0.256361,0.022874,0,0
13,8,1.750000,-10.750000,11.012750,8,0.032374,0.522298,0.022128,0,0
13,9,1.750000,-10.250000,10.351750,16,0.037756,0.783102,0.020716,0,0
13,10,1.750000,-9.750000,9.861800,5,0.037868,0.349907,0.019726,0,0
13,11,1.750000,-9.250000,9.451707,17,0.084665,0.810353,0.018933,0,0
13,12,1.750000,-8.750000,9.066113,9,0.121970,0.587528,0.018219,0,0
13,13,1.750000,-8.250000,8.449000,19,0.268923,0.826125,0.017139,0,0
13,14,1.750000,-7.750000,8.048626,16,0.553126,0.782477,0.016478,0,0
13,15,1.750000,-7.250000,7.494632,19,0.751414,0.783035,0.015617,0,0
13,16,1.750000,-6.750000,6.979778,45,1.000000,0.904328,0.014872,0,0
13,17,1.750000,-6.250000,6.597100,60,1.000000,0.917358,0.014352,0,0
13,18,1.750000,-5.750000,6.153999,65,1.000000,0.919093,0.013787,0,0
13,19,1.750000,-5.250000,5.638116,87,1.000000,0.927303,0.013179,0,0
13,20,1.750000,-4.750000,5.225542,59,0.577384,0.976099,0.012731,0,0
13,21,1.750000,-4.250000,4.795163,166,0.823126,0.967634,0.012299,0,0
13,22,1.750000,-3.750000,4.525429,14,0.388351,0.748322,0.012048,0,0
13,39,1.750000,4.750000,5.432051,20,0.482491,0.833782,0.012951,0,0
13,40,1.750000,5.250000,5.767899,69,0.664547,0.971310,0.013327,0,0
13,41,1.750000,5.750000,6.186816,38,0.900068,0.942301,0.013828,0,0
13,42,1.750000,6.250000,6.672773,44,0.580622,0.936665,0.014453,0,0
13,43,1.750000,6.750000,7.166124,24,0.214963,0.901514,0.015135,0,0
13,44,1.750000,7.250000,7.695084,36,0.708495,0.880816,0.015921,0,0
13,45,1.750000,7.750000,8.016666,18,0.280796,0.816096,0.016427,0,0
13,46,1.750000,8.250000,8.455334,6,0.170067,0.422054,0.017149,0,0
13,47,1.750000,8.750000,9.124183,11,0.128305,0.638929,0.018325,0,0
13,48,1.750000,9.250000,0.000000,1,0.000000,0.000000,0.010000,0,0
13,49,1.750000,9.750000,10.087250,4,1.000000,0.301225,0.020175,0,0
13,50,1.750000,10.250000,0.000000,1,0.000000,0.000000,0.010000,0,0
13,51,1.750000,10.750000,11.217889,9,1.000000,0.524955,0.022584,0,0
13,52,1.750000,11.250000,11.483390,18,1.000000,0.795188,0.023187,0,0
13,53,1.750000,11.750000,11.954876,8,0.701657,0.531989,0.024292,0,0
13,54,1.750000,12.250000,12.498000,4,0.108422,0.312893,0.025620,0,0
13,55,1.750000,12.750000,12.945501,8,0.168200,0.539586,0.026759,0,0
13,56,1.750000,13.250000,13.353668,3,0.082228,0.231722,0.027832,0,0
13,57,1.750000,13.750000,14.067334,3,0.089722,0.252364,0.029789,0,0
13,58,1.750000,14.250000,14.341167,6,0.076568,0.427286,0.030567,0,0
13,59,1.750000,14.750000,14.895601,5,0.910284,0.381139,0.032188,0,0
14,0,2.250000,-14.750000,15.357126,8,0.028727,0.542236,0.033584,0,0
14,1,2.250000,-14.250000,14.295182,11,0.012017,0.637036,0.030435,0,0
14,4,2.250000,-12.750000,12.977233,13,0.020219,0.704705,0.026841,0,0
14,5,2.250000,-12.250000,12.316669,12,0.022428,0.677471,0.025170,0,0
14,6,2.250000,-11.750000,0.000000,1,0.000000,0.000000,0.010000,0,0
14,7,2.250000,-11.250000,11.483545,11,0.041256,0.648493,0.023187,0,0
14,8,2.250000,-10.750000,11.222000,4,0.027973,0.315618,0.022593,0,0
14,9,2.250000,-10.250000,10.414701,10,0.250442,0.620645,0.020847,0,0
14,10,2.250000,-9.750000,9.984800,5,0.118664,0.390697,0.019970,0,0
14,11,2.250000,-9.250000,9.677800,15,0.117274,0.763716,0.019366,0,0
14,12,2.250000,-8.750000,9.174333,12,0.154911,0.686873,0.018417,0,0
14,13,2.250000,-8.250000,8.665571,14,0.765728,0.721901,0.017509,0,0
14,14,2.250000,-7.750000,8.207750,8,0.137028,0.545108,0.016737,0,0
14,15,2.250000,-7.250000,7.672750,4,1.000000,0.326360,0.015887,0,0
14,16,2.250000,-6.750000,7.152042,47,0.659341,0.948809,0.015115,0,0
14,17,2.250000,-6.250000,6.713786,65,1.000000,0.900668,0.014507,0,0
14,18,2.250000,-5.750000,6.291243,66,1.000000,0.901658,0.013958,0,0
14,19,2.250000,-5.250000,5.872840,62,0.427199,0.976788,0.013449,0,0
14,20,2.250000,-4.750000,5.390243,70,0.352176,0.979296,0.012905,0,0
14,21,2.250000,-4.250000,4.987136,126,0.500307,0.978083,0.012487,0,0
14,22,2.250000,-3.750000,4.630203,104,1.000000,0.928943,0.012144,0,0
14,39,2.250000,4.750000,5.604053,38,0.077893,0.970251,0.013141,0,0
14,40,2.250000,5.250000,5.921412,61,0.119520,0.986731,0.013506,0,0
14,41,2.250000,5.750000,6.346372,51,0.205921,0.987959,0.014028,0,0
14,42,2.250000,6.250000,6.882897,29,0.818624,0.903965,0.014737,0,0
14,43,2.250000,6.750000,7.345524,21,0.666072,0.869098,0.015396,0,0
14,44,2.250000,7.250000,7.738367,30,0.471085,0.924178,0.015988,0,0
14,45,2.250000,7.750000,8.215351,20,0.349387,0.846572,0.016749,0,0
14,46,2.250000,8.250000,8.557401,5,0.150447,0.383868,0.017323,0,0
14,47,2.250000,8.750000,9.181500,14,0.433068,0.733604,0.018430,0,0
14,48,2.250000,9.250000,9.758223,9,0.604870,0.587144,0.019522,0,0
14,49,2.250000,9.750000,10.134274,11,0.607113,0.642095,0.020270,0,0
14,50,2.250000,10.250000,10.564001,11,0.209224,0.653369,0.021160,0,0
14,51,2.250000,10.750000,11.137032,32,1.000000,0.918182,0.022403,0,0
14,52,2.250000,11.250000,11.488001,10,0.355644,0.605389,0.023197,0,0
14,54,2.250000,12.250000,0.000000,1,0.000000,0.000000,0.010000,0,0
14,55,2.250000,12.750000,0.000000,1,0.000000,0.000000,0.010000,0,0
14,57,2.250000,13.750000,14.162999,6,0.155814,0.435888,0.030059,0,0
14,58,2.250000,14.250000,14.449001,6,0.084600,0.407758,0.030877,0,0
14,59,2.250000,14.750000,14.996500,10,0.725684,0.604024,0.032490,0,0
15,0,2.750000,-14.750000,15.647501,8,0.010078,0.502451,0.034484,0,0
15,1,2.750000,-14.250000,14.369877,8,0.011569,0.526981,0.030649,0,0
15,2,2.750000,-13.750000,14.195002,4,0.011163,0.247332,0.030150,0,0
15,4,2.750000,-12.750000,13.132501,12,0.016276,0.672913,0.027246,0,0
15,5,2.750000,-12.250000,12.422002,12,0.020760,0.678026,0.025431,0,0
15,6,2.750000,-11.750000,0.000000,1,0.000000,0.000000,0.010000,0,0
15,7,2.750000,-11.250000,11.639223,9,0.030173,0.570838,0.023547,0,0
15,8,2.750000,-10.750000,11.261668,3,0.025292,0.209977,0.022683,0,0
15,9,2.750000,-10.250000,10.539858,14,0.032171,0.737529,0.021109,0,0
15,10,2.750000,-9.750000,9.963001,4,0.037967,0.317339,0.019926,0,0
15,11,2.750000,-9.250000,9.776000,14,0.053991,0.747279,0.019557,0,0
15,12,2.750000,-8.750000,9.289429,7,0.104047,0.498639,0.018629,0,0
15,13,2.750000,-8.250000,0.000000,1,0.000000,0.000000,0.010000,0,0
15,14,2.750000,-7.750000,0.000000,1,0.000000,0.000000,0.010000,0,0
15,15,2.750000,-7.250000,7.672313,16,0.471877,0.733933,0.015886,0,0
15,16,2.750000,-6.750000,7.357406,42,0.808671,0.942155,0.015413,0,0
15,17,2.750000,-6.250000,6.960297,47,0.941240,0.895129,0.014845,0,0
15,18,2.750000,-5.750000,6.493033,63,1.000000,0.946696,0.014216,0,0
15,19,2.750000,-5.250000,5.984522,67,1.000000,0.912009,0.013581,0,0
15,20,2.750000,-4.750000,5.648394,76,1.000000,0.908905,0.013190,0,0
15,21,2.750000,-4.250000,5.215784,60,0.978282,0.935223,0.012720,0,0
15,22,2.750000,-3.750000,4.769774,106,1.000000,0.971910,0.012275,0,0
15,23,2.750000,-3.250000,4.614085,47,0.210012,0.966890,0.012129,0,0
15,38,2.750000,4.250000,5.529000,10,0.317983,0.598662,0.013057,0,0
15,39,2.750000,4.750000,5.692326,49,0.170860,0.983667,0.013240,0,0
15,40,2.750000,5.250000,6.051257,35,0.496288,0.956837,0.013662,0,0
15,41,2.750000,5.750000,6.612357,42,0.172752,0.976430,0.014372,0,0
15,42,2.750000,6.250000,7.034041,24,0.114465,0.900126,0.014948,0,0
15,43,2.750000,6.750000,7.503463,26,0.158481,0.902666,0.015630,0,0
15,44,2.750000,7.250000,7.816000,24,0.085762,0.896066,0.016109,0,0
15,45,2.750000,7.750000,8.336700,10,0.294339,0.623099,0.016950,0,0
15,46,2.750000,8.250000,8.822421,19,0.607731,0.814637,0.017784,0,0
15,47,2.750000,8.750000,9.370601,15,0.182903,0.767536,0.018781,0,0
15,48,2.750000,9.250000,9.899649,17,0.116472,0.802967,0.019800,0,0
15,49,2.750000,9.750000,10.368252,8,0.196555,0.541271,0.020750,0,0
15,50,2.750000,10.250000,10.768750,12,0.235139,0.686386,0.021597,0,0
15,51,2.750000,10.750000,11.207778,18,0.487641,0.798584,0.022561,0,0
15,52,2.750000,11.250000,11.682500,10,0.671654,0.618823,0.023648,0,0
15,53,2.750000,11.750000,12.210250,4,0.193725,0.323554,0.024909,0,0
15,54,2.750000,12.250000,12.488667,3,1.000000,0.227063,0.025597,0,0
15,55,2.750000,12.750000,0.000000,1,0.000000,0.000000,0.010000,0,0
15,56,2.750000,13.250000,13.678401,5,0.696951,0.366624,0.028710,0,0
15,57,2.750000,13.750000,14.071834,6,1.000000,0.436382,0.029802,0,0
15,58,2.750000,14.250000,0.000000,1,0.000000,0.000000,0.010000,0,0
16,1,3.250000,-14.250000,14.434875,8,0.010699,0.518245,0.030837,0,0
16,2,3.250000,-13.750000,14.325001,3,0.010719,0.242176,0.030521,0,0
16,3,3.250000,-13.250000,0.000000,1,0.000000,0.000000,0.010000,0,0
16,4,3.250000,-12.750000,13.295002,9,0.016938,0.565138,0.027676,0,0
16,5,3.250000,-12.250000,12.517100,10,0.018925,0.607047,0.025668,0,0
16,6,3.250000,-11.750000,12.396667,3,0.019206,0.190056,0.025368,0,0
16,7,3.250000,-11.250000,11.565201,10,0.032532,0.617535,0.023375,0,0
16,8,3.250000,-10.750000,11.418000,3,0.032035,0.250787,0.023037,0,0
16,9,3.250000,-10.250000,10.836667,12,0.046354,0.681592,0.021743,0,0
16,10,3.250000,-9.750000,10.361251,4,0.040685,0.313444,0.020736,0,0
16,11,3.250000,-9.250000,9.881250,4,0.046903,0.285703,0.019764,0,0
16,13,3.250000,-8.250000,0.000000,1,0.000000,0.000000,0.010000,0,0
16,15,3.250000,-7.250000,7.810101,10,1.000000,0.603198,0.016100,0,0
16,16,3.250000,-6.750000,7.519501,38,0.480680,0.942669,0.015654,0,0
16,17,3.250000,-6.250000,7.165897,19,0.890731,0.815995,0.015135,0,0
16,18,3.250000,-5.750000,6.628541,72,1.000000,0.956336,0.014394,0,0
16,19,3.250000,-5.250000,6.319253,75,1.000000,0.890787,0.013993,0,0
16,20,3.250000,-4.750000,5.917325,80,0.855351,0.963440,0.013501,0,0
16,21,3.250000,-4.250000,5.486578,78,0.320506,0.972737,0.013010,0,0
16,22,3.250000,-3.750000,5.144338,74,0.497583,0.985031,0.012646,0,0
16,23,3.250000,-3.250000,4.790692,127,0.653648,0.980360,0.012295,0,0
16,24,3.250000,-2.750000,4.570813,16,0.265390,0.765524,0.012089,0,0
16,38,3.250000,4.250000,5.682867,30,0.119317,0.942608,0.013229,0,0
16,39,3.250000,4.750000,6.000694,36,0.183533,0.964854,0.013601,0,0
16,40,3.250000,5.250000,6.393667,51,0.202242,0.985054,0.014088,0,0
16,41,3.250000,5.750000,6.765571,35,0.050332,0.961077,0.014577,0,0
16,42,3.250000,6.250000,7.248786,28,0.118254,0.930809,0.015254,0,0
16,43,3.250000,6.750000,7.648238,38,0.127517,0.963736,0.015850,0,0
16,44,3.250000,7.250000,8.242001,15,0.246134,0.762107,0.016793,0,0
16,45,3.250000,7.750000,8.598760,25,0.087539,0.910199,0.017394,0,0
16,46,3.250000,8.250000,9.133078,13,0.062956,0.722678,0.018341,0,0
16,47,3.250000,8.750000,9.451365,11,0.360180,0.649807,0.018933,0,0
16,48,3.250000,9.250000,9.938733,15,0.160651,0.761739,0.019878,0,0
16,49,3.250000,9.750000,10.555642,14,0.115471,0.734181,0.021142,0,0
16,50,3.250000,10.250000,10.869401,15,1.000000,0.721885,0.021814,0,0
16,51,3.250000,10.750000,11.234867,15,0.562929,0.732549,0.022622,0,0
16,52,3.250000,11.250000,11.705801,10,0.689819,0.574367,0.023703,0,0
16,54,3.250000,12.250000,0.000000,2,0.000000,0.000000,0.010000,0,0
16,55,3.250000,12.750000,0.000000,1,0.000000,0.000000,0.010000,0,0
16,56,3.250000,13.250000,0.000000,2,0.000000,0.000000,0.010000,0,0
17,1,3.750000,-14.250000,14.512668,3,0.010186,0.245509,0.031062,0,0
17,2,3.750000,-13.750000,14.514834,6,0.010329,0.435486,0.031068,0,0
17,3,3.750000,-13.250000,13.633334,3,0.019835,0.156709,0.028587,0,0
17,4,3.750000,-12.750000,13.495500,6,0.016272,0.404631,0.028213,0,0
17,5,3.750000,-12.250000,12.690572,7,0.023835,0.488970,0.026105,0,0
17,6,3.750000,-11.750000,12.448334,3,0.020202,0.240496,0.025496,0,0
17,7,3.750000,-11.250000,11.720301,10,0.026064,0.600964,0.023737,0,0
17,8,3.750000,-10.750000,11.511499,4,0.031781,0.312478,0.023251,0,0
17,9,3.750000,-10.250000,10.803751,8,0.030227,0.524921,0.021672,0,0
17,10,3.750000,-9.750000,10.432918,12,0.213701,0.691230,0.020885,0,0
17,11,3.750000,-9.250000,10.016251,4,0.165980,0.324656,0.020033,0,0
17,12,3.750000,-8.750000,9.656000,4,0.050074,0.325453,0.019324,0,0
17,15,3.750000,-7.250000,0.000000,2,0.000000,0.000000,0.010000,0,0
17,16,3.750000,-6.750000,7.860500,12,0.398825,0.681362,0.016179,0,0
17,17,3.750000,-6.250000,7.337778,9,0.364738,0.579985,0.015384,0,0
17,18,3.750000,-5.750000,6.859724,29,0.631208,0.924543,0.014706,0,0
17,19,3.750000,-5.250000,6.548741,54,0.357438,0.978385,0.014289,0,0
17,20,3.750000,-4.750000,6.180737,61,0.692791,0.982097,0.013820,0,0
17,21,3.750000,-4.250000,5.787222,54,0.506389,0.973721,0.013349,0,0
17,22,3.750000,-3.750000,5.458063,63,0.394622,0.980956,0.012979,0,0
17,23,3.750000,-3.250000,5.102441,59,0.197323,0.987964,0.012603,0,0
17,24,3.750000,-2.750000,4.886370,46,0.423201,0.956432,0.012388,0,0
17,25,3.750000,-2.250000,0.000000,2,0.000000,0.000000,0.010000,0,0
17,37,3.750000,3.750000,5.749000,16,0.315416,0.780193,0.013305,0,0
17,38,3.750000,4.250000,5.915348,43,0.178405,0.979371,0.013499,0,0
17,39,3.750000,4.750000,6.256476,42,0.199740,0.978728,0.013914,0,0
17,40,3.750000,5.250000,6.654280,25,0.299237,0.910247,0.014428,0,0
17,41,3.750000,5.750000,7.105122,33,0.048473,0.955550,0.015048,0,0
17,42,3.750000,6.250000,7.478376,40,0.146805,0.972806,0.015593,0,0
17,43,3.750000,6.750000,7.838696,23,0.235232,0.891221,0.016145,0,0
17,44,3.750000,7.250000,8.266370,19,0.179030,0.837536,0.016833,0,0
17,45,3.750000,7.750000,8.946547,11,0.160178,0.654366,0.018004,0,0
17,46,3.750000,8.250000,9.175143,14,0.130086,0.744897,0.018418,0,0
17,47,3.750000,8.750000,9.649092,11,0.485528,0.662535,0.019310,0,0
17,48,3.750000,9.250000,10.107501,8,0.184705,0.542801,0.020216,0,0
17,49,3.750000,9.750000,10.723715,7,0.156895,0.492380,0.021500,0,0
17,50,3.750000,10.250000,11.099401,10,0.388586,0.625299,0.022320,0,0
17,51,3.750000,10.750000,11.474700,10,0.457269,0.590991,0.023167,0,0
17,52,3.750000,11.250000,12.067701,10,0.124850,0.609308,0.024563,0,0
17,53,3.750000,11.750000,12.499333,6,1.000000,0.437490,0.025623,0,0
17,54,3.750000,12.250000,13.034701,10,0.685501,0.584691,0.026990,0,0
17,55,3.750000,12.750000,13.219000,5,0.069247,0.347684,0.027474,0,0
17,58,3.750000,14.250000,14.953000,6,0.114584,0.422213,0.032359,0,0
17,59,3.750000,14.750000,15.432335,6,0.359447,0.435418,0.033816,0,0
18,1,4.250000,-14.250000,14.789833,6,0.015506,0.418714,0.031874,0,0
18,2,4.250000,-13.750000,14.595334,3,0.010807,0.167443,0.031302,0,0
18,3,4.250000,-13.250000,13.941751,8,0.016214,0.504962,0.029437,0,0
18,4,4.250000,-12.750000,13.631668,3,0.014930,0.160561,0.028582,0,0
18,5,4.250000,-12.250000,12.842556,9,0.019408,0.575736,0.026493,0,0
18,6,4.250000,-11.750000,0.000000,1,0.000000,0.000000,0.010000,0,0
18,7,4.250000,-11.250000,11.936002,7,0.028361,0.462750,0.024247,0,0
18,8,4.250000,-10.750000,0.000000,2,0.000000,0.000000,0.010000,0,0
18,9,4.250000,-10.250000,10.978500,6,0.045006,0.445269,0.022053,0,0
18,10,4.250000,-9.750000,10.629167,6,0.338289,0.447386,0.021298,0,0
18,11,4.250000,-9.250000,0.000000,2,0.000000,0.000000,0.010000,0,0
18,12,4.250000,-8.750000,9.801666,3,1.000000,0.254741,0.019607,0,0
18,14,4.250000,-7.750000,8.873668,3,0.631924,0.255146,0.017874,0,0
18,15,4.250000,-7.250000,8.277667,3,0.083659,0.256180,0.016852,0,0
18,16,4.250000,-6.750000,8.091251,8,0.189295,0.540943,0.016547,0,0
18,17,4.250000,-6.250000,7.654607,28,0.286184,0.922111,0.015859,0,0
18,18,4.250000,-5.750000,7.238193,26,0.620434,0.871575,0.015239,0,0
18,19,4.250000,-5.250000,6.836595,37,0.577024,0.948641,0.014674,0,0
18,20,4.250000,-4.750000,6.441569,72,1.000000,0.958573,0.014149,0,0
18,21,4.250000,-4.250000,6.140483,56,0.968881,0.969543,0.013771,0,0
18,22,4.250000,-3.750000,5.917088,34,0.137454,0.948998,0.013501,0,0
18,23,4.250000,-3.250000,5.447034,30,0.176246,0.941500,0.012967,0,0
18,25,4.250000,-2.250000,5.012053,19,0.151699,0.843182,0.012512,0,0
18,26,4.250000,-1.750000,4.917819,33,0.298227,0.955928,0.012418,0,0
18,27,4.250000,-1.250000,0.000000,1,0.000000,0.000000,0.010000,0,0
18,36,4.250000,3.250000,5.742600,5,0.324487,0.388389,0.013298,0,0
18,37,4.250000,3.750000,5.929927,41,0.113528,0.974882,0.013516,0,0
18,38,4.250000,4.250000,6.216631,38,0.186026,0.971092,0.013865,0,0
18,39,4.250000,4.750000,6.560100,40,0.089397,0.972831,0.014303,0,0
18,40,4.250000,5.250000,7.009293,41,0.108018,0.975894,0.014913,0,0
18,41,4.250000,5.750000,7.284151,40,0.168150,0.971146,0.015306,0,0
18,42,4.250000,6.250000,7.727678,31,0.056028,0.946933,0.015972,0,0
18,43,4.250000,6.750000,8.253059,17,0.059132,0.808780,0.016811,0,0
18,44,4.250000,7.250000,8.472616,13,0.204535,0.713743,0.017179,0,0
18,45,4.250000,7.750000,9.050150,20,0.182925,0.853236,0.018191,0,0
18,46,4.250000,8.250000,9.559842,19,0.142797,0.838074,0.019139,0,0
18,47,4.250000,8.750000,9.849948,19,0.102355,0.836689,0.019702,0,0
18,48,4.250000,9.250000,10.421968,30,0.893631,0.924424,0.020862,0,0
18,49,4.250000,9.750000,10.707850,20,1.000000,0.845240,0.021466,0,0
18,50,4.250000,10.250000,11.288668,15,0.394656,0.760368,0.022743,0,0
18,51,4.250000,10.750000,11.558400,15,0.103387,0.764100,0.023360,0,0
18,52,4.250000,11.250000,12.151668,9,0.620046,0.574480,0.024766,0,0
18,53,4.250000,11.750000,12.459876,8,0.098623,0.528438,0.025525,0,0
18,54,4.250000,12.250000,12.948251,4,0.158526,0.322692,0.026766,0,0
18,59,4.250000,14.750000,15.390668,6,0.059780,0.436403,0.033687,0,0
19,1,4.750000,-14.250000,14.947556,9,0.016270,0.561775,0.032343,0,0
19,2,4.750000,-13.750000,0.000000,2,0.000000,0.000000,0.010000,0,0
19,3,4.750000,-13.250000,14.010222,9,0.018189,0.569470,0.029629,0,0
19,4,4.750000,-12.750000,0.000000,2,0.000000,0.000000,0.010000,0,0
19,5,4.750000,-12.250000,13.084500,10,0.022090,0.608398,0.027120,0,0
19,7,4.750000,-11.250000,12.086601,5,0.025863,0.362321,0.024609,0,0
19,8,4.750000,-10.750000,11.941167,6,0.036031,0.429821,0.024259,0,0
19,9,4.750000,-10.250000,11.234571,7,0.036925,0.493175,0.022622,0,0
19,10,4.750000,-9.750000,10.827084,12,0.300663,0.688275,0.021723,0,0
19,11,4.750000,-9.250000,10.527667,3,1.000000,0.256397,0.021083,0,0
19,12,4.750000,-8.750000,10.140251,4,0.092353,0.326886,0.020282,0,0
19,13,4.750000,-8.250000,9.610001,9,0.074569,0.575790,0.019235,0,0
19,14,4.750000,-7.750000,9.140000,6,0.135416,0.447615,0.018354,0,0
19,15,4.750000,-7.250000,8.740786,14,0.148591,0.742631,0.017640,0,0
19,16,4.750000,-6.750000,8.403191,21,0.271060,0.861997,0.017061,0,0
19,17,4.750000,-6.250000,7.882459,24,0.117280,0.899170,0.016213,0,0
19,18,4.750000,-5.750000,7.595364,33,0.614475,0.923912,0.015769,0,0
19,19,4.750000,-5.250000,7.156720,25,0.572848,0.876881,0.015122,0,0
19,20,4.750000,-4.750000,6.791501,42,0.676172,0.952089,0.014612,0,0
19,21,4.750000,-4.250000,6.524566,53,0.299979,0.978009,0.014257,0,0
19,22,4.750000,-3.750000,6.147382,42,1.000000,0.884662,0.013779,0,0
19,23,4.750000,-3.250000,5.946643,14,1.000000,0.662198,0.013536,0,0
19,25,4.750000,-2.250000,5.401658,38,0.198150,0.970044,0.012918,0,0
19,26,4.750000,-1.750000,5.239655,81,0.168248,0.991807,0.012745,0,0
19,27,4.750000,-1.250000,5.160894,57,0.687550,0.989720,0.012663,0,0
19,28,4.750000,-0.750000,5.233600,30,0.328315,0.943178,0.012739,0,0
19,29,4.750000,-0.250000,5.200600,5,0.289452,0.391463,0.012705,0,0
19,30,4.750000,0.250000,5.102222,9,0.320746,0.552442,0.012603,0,0
19,33,4.750000,1.750000,0.000000,2,0.000000,0.000000,0.010000,0,0
19,34,4.750000,2.250000,5.682615,13,0.390934,0.714091,0.013229,0,0
19,35,4.750000,2.750000,5.774966,29,0.459574,0.939158,0.013335,0,0
19,36,4.750000,3.250000,6.002897,48,0.129413,0.984591,0.013603,0,0
19,37,4.750000,3.750000,6.252620,21,0.048940,0.871429,0.013910,0,0
19,38,4.750000,4.250000,6.563450,49,0.135633,0.981930,0.014308,0,0
19,39,4.750000,4.750000,6.953321,25,0.459218,0.910944,0.014835,0,0
19,40,4.750000,5.250000,7.283039,53,0.340128,0.967660,0.015304,0,0
19,41,4.750000,5.750000,7.625363,22,0.226878,0.879288,0.015815,0,0
19,42,4.750000,6.250000,8.026858,21,0.216318,0.867877,0.016443,0,0
19,43,4.750000,6.750000,8.521232,13,0.290132,0.720834,0.017261,0,0
19,44,4.750000,7.250000,8.891867,15,0.252634,0.762481,0.017907,0,0
19,45,4.750000,7.750000,9.209077,13,0.510066,0.719459,0.018481,0,0
19,46,4.750000,8.250000,9.666751,16,0.173282,0.785003,0.019345,0,0
19,47,4.750000,8.750000,10.130136,22,0.078667,0.874895,0.020262,0,0
19,48,4.750000,9.250000,10.472051,20,0.466525,0.813223,0.020966,0,0
19,49,4.750000,9.750000,0.000000,2,0.000000,0.000000,0.010000,0,0
19,50,4.750000,10.250000,11.363400,5,0.095176,0.387039,0.022913,0,0
19,51,4.750000,10.750000,0.000000,1,0.000000,0.000000,0.010000,0,0
19,52,4.750000,11.250000,12.276199,5,0.226637,0.388691,0.025071,0,0
19,53,4.750000,11.750000,0.000000,1,0.000000,0.000000,0.010000,0,0
19,58,4.750000,14.250000,15.270250,4,0.061460,0.289757,0.033318,0,0
19,59,4.750000,14.750000,15.461500,4,0.083067,0.305862,0.033906,0,0
20,1,5.250000,-14.250000,15.078001,10,0.015473,0.602900,0.032735,0,0
20,3,5.250000,-13.250000,14.219286,7,0.026797,0.487577,0.030219,0,0
20,5,5.250000,-12.250000,13.302301,10,0.026196,0.609316,0.027695,0,0
20,7,5.250000,-11.250000,12.225200,5,0.025571,0.356160,0.024946,0,0
20,8,5.250000,-10.750000,12.194799,5,0.034389,0.384355,0.024871,0,0
20,9,5.250000,-10.250000,11.439667,12,0.038084,0.680465,0.023087,0,0
20,10,5.250000,-9.750000,11.060417,12,0.233658,0.685102,0.022233,0,0
20,11,5.250000,-9.250000,10.834501,4,0.123909,0.326466,0.021739,0,0
20,12,5.250000,-8.750000,10.281073,14,0.059359,0.742674,0.020570,0,0
20,13,5.250000,-8.250000,9.728900,10,0.055643,0.607408,0.019465,0,0
20,14,5.250000,-7.750000,9.338201,5,0.054056,0.382593,0.018720,0,0
20,15,5.250000,-7.250000,8.976890,9,0.276760,0.567312,0.018058,0,0
20,16,5.250000,-6.750000,8.620471,17,0.227012,0.805629,0.017431,0,0
20,17,5.250000,-6.250000,8.118354,17,0.198737,0.798160,0.016591,0,0
20,18,5.250000,-5.750000,7.794501,28,0.466659,0.915544,0.016075,0,0
20,19,5.250000,-5.250000,7.507108,37,0.330992,0.954729,0.015636,0,0
20,20,5.250000,-4.750000,7.210763,38,0.246350,0.951307,0.015200,0,0
20,21,5.250000,-4.250000,6.880582,24,0.624212,0.896046,0.014734,0,0
20,22,5.250000,-3.750000,6.502734,15,0.694081,0.719792,0.014229,0,0
20,24,5.250000,-2.750000,6.108667,3,0.206665,0.157946,0.013732,0,0
20,25,5.250000,-2.250000,5.863850,53,0.158089,0.986272,0.013438,0,0
20,26,5.250000,-1.750000,5.691631,54,0.244737,0.986693,0.013239,0,0
20,27,5.250000,-1.250000,5.578261,61,0.208312,0.990888,0.013112,0,0
20,28,5.250000,-0.750000,5.552537,54,0.348359,0.980974,0.013083,0,0
20,29,5.250000,-0.250000,5.448936,62,0.238293,0.990598,0.012969,0,0
20,30,5.250000,0.250000,5.494593,27,0.831033,0.926990,0.013019,0,0
20,31,5.250000,0.750000,5.664516,33,0.117702,0.946827,0.013209,0,0
20,32,5.250000,1.250000,5.742363,33,0.122164,0.955934,0.013297,0,0
20,33,5.250000,1.750000,5.784453,42,0.212857,0.976823,0.013346,0,0
20,34,5.250000,2.250000,5.968000,44,0.138738,0.981359,0.013562,0,0
20,35,5.250000,2.750000,6.159701,47,0.111294,0.982343,0.013794,0,0
20,36,5.250000,3.250000,6.340768,39,0.361111,0.953604,0.014021,0,0
20,37,5.250000,3.750000,6.625351,37,0.030104,0.964526,0.014390,0,0
20,38,5.250000,4.250000,7.013801,10,0.196803,0.628585,0.014919,0,0
20,39,5.250000,4.750000,7.290138,36,0.085536,0.961544,0.015315,0,0
20,40,5.250000,5.250000,7.565839,31,0.301427,0.939060,0.015724,0,0
20,41,5.250000,5.750000,0.000000,2,0.000000,0.000000,0.010000,0,0
20,42,5.250000,6.250000,8.323121,25,0.087590,0.909077,0.016927,0,0
20,43,5.250000,6.750000,8.692306,23,0.221323,0.889405,0.017556,0,0
20,44,5.250000,7.250000,9.020619,21,0.189949,0.867361,0.018137,0,0
20,45,5.250000,7.750000,9.604474,19,0.164789,0.837954,0.019225,0,0
20,46,5.250000,8.250000,10.028551,20,0.163004,0.850582,0.020057,0,0
20,47,5.250000,8.750000,10.301000,24,0.369579,0.896700,0.020611,0,0
20,48,5.250000,9.250000,0.000000,2,0.000000,0.000000,0.010000,0,0
20,49,5.250000,9.750000,11.260801,5,0.260333,0.388714,0.022681,0,0
20,51,5.250000,10.750000,0.000000,1,0.000000,0.000000,0.010000,0,0
20,52,5.250000,11.250000,12.603750,8,0.101970,0.533575,0.025885,0,0
20,54,5.250000,12.250000,0.000000,1,0.000000,0.000000,0.010000,0,0
21,1,5.750000,-14.250000,15.340000,9,0.017937,0.560338,0.033532,0,0
21,3,5.750000,-13.250000,14.365430,7,0.015523,0.486553,0.030637,0,0
21,4,5.750000,-12.750000,14.143002,3,0.015454,0.153108,0.030002,0,0
21,5,5.750000,-12.250000,13.553223,9,0.035398,0.576015,0.028369,0,0
21,8,5.750000,-10.750000,12.285583,12,0.028722,0.673791,0.025094,0,0
21,9,5.750000,-10.250000,11.574501,6,0.040170,0.439483,0.023397,0,0
21,10,5.750000,-9.750000,11.575001,6,0.031823,0.395220,0.023398,0,0
21,11,5.750000,-9.250000,10.968637,11,0.048024,0.655069,0.022031,0,0
21,12,5.750000,-8.750000,10.429111,9,0.051745,0.585532,0.020877,0,0
21,14,5.750000,-7.750000,9.713572,7,0.115521,0.495745,0.019435,0,0
21,15,5.750000,-7.250000,9.281455,11,0.084335,0.656286,0.018615,0,0
21,16,5.750000,-6.750000,0.000000,2,0.000000,0.000000,0.010000,0,0
21,18,5.750000,-5.750000,8.176773,22,0.218833,0.878381,0.016686,0,0
21,19,5.750000,-5.250000,7.713000,7,0.153371,0.499451,0.015949,0,0
21,20,5.750000,-4.750000,0.000000,1,0.000000,0.000000,0.010000,0,0
21,21,5.750000,-4.250000,7.264317,41,0.620847,0.969286,0.015277,0,0
21,22,5.750000,-3.750000,0.000000,2,0.000000,0.000000,0.010000,0,0
21,24,5.750000,-2.750000,6.454619,21,0.203702,0.870817,0.014166,0,0
21,25,5.750000,-2.250000,6.284558,43,0.036601,0.977399,0.013950,0,0
21,26,5.750000,-1.750000,6.177397,48,0.322712,0.977825,0.013816,0,0
21,27,5.750000,-1.250000,6.063168,60,0.258100,0.989644,0.013676,0,0
21,28,5.750000,-0.750000,5.953219,41,0.103237,0.974568,0.013544,0,0
21,29,5.750000,-0.250000,5.915342,41,0.311449,0.965826,0.013499,0,0
21,30,5.750000,0.250000,6.014999,50,0.274092,0.983449,0.013618,0,0
21,31,5.750000,0.750000,6.044810,42,0.188753,0.977083,0.013654,0,0
21,32,5.750000,1.250000,6.134490,51,0.099236,0.985115,0.013763,0,0
21,33,5.750000,1.750000,6.209899,39,0.152885,0.971643,0.013856,0,0
21,34,5.750000,2.250000,6.344228,57,0.264375,0.984201,0.014025,0,0
21,35,5.750000,2.750000,6.525478,46,0.344052,0.974457,0.014258,0,0
21,36,5.750000,3.250000,6.753100,20,0.234742,0.853744,0.014560,0,0
21,37,5.750000,3.750000,7.142537,28,0.129551,0.930332,0.015102,0,0
21,38,5.750000,4.250000,7.334351,20,0.088487,0.858653,0.015379,0,0
21,39,5.750000,4.750000,7.635668,24,0.142079,0.899895,0.015830,0,0
21,40,5.750000,5.250000,7.891263,19,0.042607,0.843307,0.016227,0,0
21,41,5.750000,5.750000,8.343577,33,0.088739,0.955494,0.016962,0,0
21,42,5.750000,6.250000,8.523429,14,0.091745,0.733375,0.017265,0,0
21,43,5.750000,6.750000,9.053042,24,0.269960,0.901037,0.018196,0,0
21,44,5.750000,7.250000,9.466849,20,0.023184,0.851214,0.018962,0,0
21,45,5.750000,7.750000,9.703142,7,0.040327,0.498351,0.019415,0,0
21,46,5.750000,8.250000,10.191968,30,0.198140,0.938146,0.020388,0,0
21,47,5.750000,8.750000,10.617824,17,0.154251,0.806818,0.021274,0,0
21,48,5.750000,9.250000,10.962001,4,0.167514,0.322686,0.022017,0,0
21,49,5.750000,9.750000,11.384091,11,0.428502,0.652226,0.022960,0,0
21,50,5.750000,10.250000,12.004601,5,0.219745,0.383373,0.024411,0,0
21,51,5.750000,10.750000,12.345599,5,0.198186,0.385106,0.025241,0,0
21,52,5.750000,11.250000,0.000000,1,0.000000,0.000000,0.010000,0,0
21,53,5.750000,11.750000,0.000000,1,0.000000,0.000000,0.010000,0,0
21,56,5.750000,13.250000,0.000000,1,0.000000,0.000000,0.010000,0,0
21,57,5.750000,13.750000,0.000000,1,0.000000,0.000000,0.010000,0,0
21,58,5.750000,14.250000,0.000000,1,0.000000,0.000000,0.010000,0,0
22,1,6.250000,-14.250000,15.626126,8,0.022536,0.530892,0.034418,0,0
22,3,6.250000,-13.250000,14.556144,7,0.016832,0.486054,0.031188,0,0
22,4,6.250000,-12.750000,14.355250,4,0.015211,0.245625,0.030607,0,0
22,5,6.250000,-12.250000,13.654888,9,0.022643,0.573335,0.028646,0,0
22,6,6.250000,-11.750000,13.524501,6,0.021432,0.422509,0.028291,0,0
22,8,6.250000,-10.750000,12.578307,13,0.038450,0.706860,0.025821,0,0
22,9,6.250000,-10.250000,11.849600,5,0.039274,0.381479,0.024041,0,0
22,10,6.250000,-9.750000,11.789001,8,0.040332,0.537635,0.023898,0,0
22,11,6.250000,-9.250000,11.209876,8,0.053027,0.539378,0.022566,0,0
22,12,6.250000,-8.750000,10.645625,8,0.061126,0.534999,0.021333,0,0
22,13,6.250000,-8.250000,0.000000,1,0.000000,0.000000,0.010000,0,0
22,14,6.250000,-7.750000,0.000000,2,0.000000,0.000000,0.010000,0,0
22,18,6.250000,-5.750000,8.587000,10,0.093529,0.624521,0.017374,0,0
22,21,6.250000,-4.250000,7.491001,3,0.099837,0.195566,0.015612,0,0
22,24,6.250000,-2.750000,6.961414,46,0.652077,0.960864,0.014846,0,0
22,25,6.250000,-2.250000,6.803889,45,0.353392,0.967742,0.014629,0,0
22,26,6.250000,-1.750000,6.652200,35,0.109710,0.961305,0.014425,0,0
22,27,6.250000,-1.250000,6.547353,34,0.169769,0.958439,0.014287,0,0
22,28,6.250000,-0.750000,6.449224,49,0.099055,0.985720,0.014159,0,0
22,29,6.250000,-0.250000,6.447365,63,0.445652,0.970923,0.014157,0,0
22,30,6.250000,0.250000,6.456728,44,0.505790,0.969375,0.014169,0,0
22,31,6.250000,0.750000,6.496154,39,0.130810,0.971396,0.014220,0,0
22,32,6.250000,1.250000,6.596137,44,0.108259,0.980875,0.014351,0,0
22,33,6.250000,1.750000,6.719606,48,0.110832,0.985092,0.014515,0,0
22,34,6.250000,2.250000,6.891590,39,0.204492,0.953585,0.014749,0,0
22,35,6.250000,2.750000,7.009324,31,0.150836,0.943890,0.014913,0,0
22,36,6.250000,3.250000,7.301815,38,0.076315,0.970722,0.015332,0,0
22,37,6.250000,3.750000,7.546121,33,0.073473,0.951559,0.015694,0,0
22,38,6.250000,4.250000,7.739053,39,0.388036,0.969153,0.015989,0,0
22,39,6.250000,4.750000,8.083571,7,0.120234,0.498671,0.016534,0,0
22,40,6.250000,5.250000,8.318750,16,0.129571,0.785154,0.016920,0,0
22,41,6.250000,5.750000,8.760365,22,0.184552,0.879859,0.017674,0,0
22,42,6.250000,6.250000,9.034412,17,0.215656,0.805802,0.018162,0,0
22,43,6.250000,6.750000,9.462000,12,0.132581,0.693494,0.018953,0,0
22,44,6.250000,7.250000,9.648429,14,0.035475,0.747723,0.019309,0,0
22,45,6.250000,7.750000,10.131501,22,0.043635,0.878109,0.020265,0,0
22,46,6.250000,8.250000,10.579376,24,0.557424,0.849580,0.021192,0,0
22,47,6.250000,8.750000,10.746751,8,1.000000,0.537826,0.021549,0,0
22,49,6.250000,9.750000,11.572001,4,0.128915,0.319246,0.023391,0,0
22,50,6.250000,10.250000,12.062500,8,0.141686,0.531149,0.024550,0,0
22,51,6.250000,10.750000,12.764287,7,0.104334,0.477616,0.026293,0,0
22,52,6.250000,11.250000,12.941751,8,0.706563,0.528174,0.026749,0,0
22,53,6.250000,11.750000,13.419002,3,0.081066,0.252035,0.028007,0,0
22,54,6.250000,12.250000,0.000000,2,0.000000,0.000000,0.010000,0,0
23,1,6.750000,-14.250000,15.745001,8,0.021776,0.529149,0.034791,0,0
23,3,6.750000,-13.250000,14.839001,9,0.023160,0.562631,0.032020,0,0
23,6,6.750000,-11.750000,13.625101,10,0.033143,0.603845,0.028564,0,0
23,8,6.750000,-10.750000,12.755924,13,0.037631,0.707664,0.026271,0,0
23,10,6.750000,-9.750000,11.999625,8,0.034427,0.508086,0.024399,0,0
23,11,6.750000,-9.250000,11.439910,11,0.057645,0.648626,0.023087,0,0
23,13,6.750000,-8.250000,10.589286,7,0.065936,0.491814,0.021213,0,0
23,16,6.750000,-6.750000,0.000000,1,0.000000,0.000000,0.010000,0,0
23,18,6.750000,-5.750000,8.741334,3,0.094907,0.251483,0.017641,0,0
23,23,6.750000,-3.250000,7.515401,5,0.057038,0.381237,0.015648,0,0
23,24,6.750000,-2.750000,7.393864,66,0.858733,0.976698,0.015467,0,0
23,25,6.750000,-2.250000,7.218265,34,0.825690,0.841860,0.015210,0,0
23,26,6.750000,-1.750000,7.093667,30,0.089617,0.942598,0.015032,0,0
23,27,6.750000,-1.250000,7.025000,44,0.387286,0.977770,0.014935,0,0
23,28,6.750000,-0.750000,7.023327,43,0.221758,0.972724,0.014933,0,0
23,29,6.750000,-0.250000,6.947429,21,0.553090,0.848260,0.014827,0,0
23,30,6.750000,0.250000,6.951522,23,0.371342,0.893266,0.014832,0,0
23,31,6.750000,0.750000,7.007397,43,0.086539,0.979095,0.014910,0,0
23,32,6.750000,1.250000,7.066144,35,0.105494,0.960984,0.014993,0,0
23,33,6.750000,1.750000,7.151392,23,0.093525,0.885952,0.015114,0,0
23,34,6.750000,2.250000,7.252810,21,0.179129,0.862860,0.015260,0,0
23,35,6.750000,2.750000,7.457310,29,0.098298,0.938132,0.015561,0,0
23,36,6.750000,3.250000,7.643921,25,0.280740,0.899380,0.015843,0,0
23,37,6.750000,3.750000,7.872925,26,0.061741,0.917918,0.016198,0,0
23,38,6.750000,4.250000,8.130685,19,0.342366,0.832249,0.016611,0,0
23,39,6.750000,4.750000,8.329000,14,0.266667,0.745009,0.016937,0,0
23,40,6.750000,5.250000,8.804000,6,1.000000,0.446434,0.017751,0,0
23,41,6.750000,5.750000,9.074477,21,0.051700,0.866973,0.018235,0,0
23,42,6.750000,6.250000,9.388650,20,0.088905,0.853647,0.018815,0,0
23,43,6.750000,6.750000,9.699739,23,0.045724,0.886207,0.019408,0,0
23,44,6.750000,7.250000,10.187601,20,0.228865,0.853232,0.020379,0,0
23,45,6.750000,7.750000,10.549214,14,0.167353,0.737624,0.021129,0,0
23,46,6.750000,8.250000,10.905001,4,1.000000,0.321796,0.021892,0,0
23,47,6.750000,8.750000,11.060286,7,1.000000,0.490852,0.022233,0,0
23,50,6.750000,10.250000,0.000000,1,0.000000,0.000000,0.010000,0,0
23,51,6.750000,10.750000,12.900573,7,0.144327,0.478998,0.026642,0,0
23,52,6.750000,11.250000,0.000000,2,0.000000,0.000000,0.010000,0,0
23,53,6.750000,11.750000,13.586668,9,0.099797,0.576051,0.028460,0,0
23,54,6.750000,12.250000,0.000000,2,0.000000,0.000000,0.010000,0,0
23,56,6.750000,13.250000,0.000000,1,0.000000,0.000000,0.010000,0,0
23,59,6.750000,14.750000,0.000000,1,0.000000,0.000000,0.010000,0,0
24,1,7.250000,-14.250000,16.073002,4,0.015102,0.318919,0.035834,0,0
24,3,7.250000,-13.250000,15.081890,9,0.016404,0.554760,0.032746,0,0
24,4,7.250000,-12.750000,14.932001,4,0.018400,0.286307,0.032296,0,0
24,6,7.250000,-11.750000,13.955547,11,0.020724,0.637685,0.029476,0,0
24,8,7.250000,-10.750000,12.956401,5,0.028227,0.355306,0.026787,0,0
24,10,7.250000,-9.750000,12.172336,12,0.045813,0.678868,0.024817,0,0
24,11,7.250000,-9.250000,11.616222,9,0.040174,0.562058,0.023494,0,0
24,12,7.250000,-8.750000,11.513501,4,0.041255,0.307625,0.023256,0,0
24,13,7.250000,-8.250000,0.000000,1,0.000000,0.000000,0.010000,0,0
24,15,7.250000,-7.250000,0.000000,1,0.000000,0.000000,0.010000,0,0
24,16,7.250000,-6.750000,10.035144,7,0.057034,0.495044,0.020070,0,0
24,23,7.250000,-3.250000,0.000000,2,0.000000,0.000000,0.010000,0,0
24,24,7.250000,-2.750000,7.844250,20,0.772210,0.856524,0.016153,0,0
24,25,7.250000,-2.250000,7.651259,31,0.940494,0.790496,0.015854,0,0
24,26,7.250000,-1.750000,7.646001,30,0.166096,0.943919,0.015846,0,0
24,27,7.250000,-1.250000,7.545363,22,0.046494,0.878790,0.015693,0,0
24,28,7.250000,-0.750000,7.373369,19,0.322284,0.844883,0.015437,0,0
24,29,7.250000,-0.250000,7.419453,31,0.645410,0.887700,0.015505,0,0
24,30,7.250000,0.250000,7.430258,31,0.593383,0.936685,0.015521,0,0
24,31,7.250000,0.750000,7.496864,22,0.305037,0.881098,0.015620,0,0
24,32,7.250000,1.250000,7.568819,33,0.597303,0.938486,0.015729,0,0
24,33,7.250000,1.750000,7.655515,33,0.088978,0.953886,0.015861,0,0
24,34,7.250000,2.250000,7.765413,29,0.038658,0.936270,0.016030,0,0
24,35,7.250000,2.750000,7.961258,35,0.088033,0.959725,0.016338,0,0
24,36,7.250000,3.250000,8.158136,22,0.182073,0.879362,0.016656,0,0
24,37,7.250000,3.750000,8.294375,16,0.082772,0.789294,0.016880,0,0
24,38,7.250000,4.250000,8.625072,14,0.166542,0.742635,0.017439,0,0
24,39,7.250000,4.750000,8.799350,20,0.206810,0.854297,0.017743,0,0
24,40,7.250000,5.250000,9.191334,12,0.115771,0.693516,0.018448,0,0
24,41,7.250000,5.750000,9.543251,4,0.133452,0.247494,0.019107,0,0
24,42,7.250000,6.250000,9.636144,14,0.047625,0.744332,0.019286,0,0
24,43,7.250000,6.750000,10.102173,29,0.268971,0.916163,0.020205,0,0
24,44,7.250000,7.250000,10.509901,10,0.127704,0.617362,0.021046,0,0
24,45,7.250000,7.750000,10.794695,23,0.663425,0.885979,0.021653,0,0
24,46,7.250000,8.250000,11.335167,6,0.124078,0.423566,0.022849,0,0
24,47,7.250000,8.750000,11.433235,17,0.414749,0.797819,0.023072,0,0
24,50,7.250000,10.250000,12.728833,6,0.092350,0.414686,0.026202,0,0
24,53,7.250000,11.750000,0.000000,2,0.000000,0.000000,0.010000,0,0
24,57,7.250000,13.750000,15.564501,4,0.077822,0.319468,0.034225,0,0
24,59,7.250000,14.750000,0.000000,2,0.000000,0.000000,0.010000,0,0
25,0,7.750000,-14.750000,0.000000,1,0.000000,0.000000,0.010000,0,0
25,1,7.750000,-14.250000,0.000000,1,0.000000,0.000000,0.010000,0,0
25,3,7.750000,-13.250000,0.000000,2,0.000000,0.000000,0.010000,0,0
25,4,7.750000,-12.750000,15.126502,6,0.021775,0.435788,0.032881,0,0
25,6,7.750000,-11.750000,14.115601,5,0.019998,0.379166,0.029925,0,0
25,8,7.750000,-10.750000,13.117779,9,0.031176,0.564672,0.027208,0,0
25,9,7.750000,-10.250000,13.145401,5,0.027180,0.357291,0.027280,0,0
25,10,7.750000,-9.750000,12.416700,10,0.038786,0.615830,0.025417,0,0
25,12,7.750000,-8.750000,0.000000,1,0.000000,0.000000,0.010000,0,0
25,16,7.750000,-6.750000,0.000000,1,0.000000,0.000000,0.010000,0,0
25,23,7.750000,-3.250000,8.622500,4,0.370767,0.325072,0.017435,0,0
25,24,7.750000,-2.750000,8.287112,9,0.508318,0.588199,0.016868,0,0
25,25,7.750000,-2.250000,8.201731,26,0.822914,0.910914,0.016727,0,0
25,26,7.750000,-1.750000,8.116100,30,0.180067,0.934330,0.016587,0,0
25,27,7.750000,-1.250000,8.112429,21,0.176199,0.866794,0.016581,0,0
25,28,7.750000,-0.750000,7.976278,18,0.259494,0.827623,0.016362,0,0
25,29,7.750000,-0.250000,7.884945,18,0.301554,0.813371,0.016217,0,0
25,30,7.750000,0.250000,8.014555,27,0.253326,0.893266,0.016423,0,0
25,31,7.750000,0.750000,7.995143,21,0.370942,0.868109,0.016392,0,0
25,32,7.750000,1.250000,8.068300,30,0.318216,0.942307,0.016510,0,0
25,33,7.750000,1.750000,8.172612,18,0.086734,0.824008,0.016679,0,0
25,34,7.750000,2.250000,8.255794,29,0.115281,0.934724,0.016816,0,0
25,35,7.750000,2.750000,8.399773,22,0.288996,0.879065,0.017056,0,0
25,36,7.750000,3.250000,8.600534,15,0.504296,0.763229,0.017397,0,0
25,37,7.750000,3.750000,8.855475,21,0.093523,0.863279,0.017842,0,0
25,38,7.750000,4.250000,9.034042,24,0.078811,0.899075,0.018161,0,0
25,39,7.750000,4.750000,9.268813,16,0.194782,0.784555,0.018591,0,0
25,40,7.750000,5.250000,9.500223,18,0.022711,0.827830,0.019025,0,0
25,41,7.750000,5.750000,9.723875,8,0.133817,0.508058,0.019455,0,0
25,42,7.750000,6.250000,10.124701,10,0.154803,0.603868,0.020251,0,0
25,43,7.750000,6.750000,10.546386,13,0.149912,0.710286,0.021123,0,0
25,44,7.750000,7.250000,10.761101,10,0.253653,0.621645,0.021580,0,0
25,45,7.750000,7.750000,11.075833,6,0.101530,0.402474,0.022267,0,0
25,46,7.750000,8.250000,11.469949,19,0.444832,0.824594,0.023156,0,0
25,47,7.750000,8.750000,0.000000,2,0.000000,0.000000,0.010000,0,0
26,0,8.250000,-14.750000,0.000000,1,0.000000,0.000000,0.010000,0,0
26,1,8.250000,-14.250000,16.622667,3,0.013004,0.234273,0.037631,0,0
26,3,8.250000,-13.250000,15.628801,5,0.020495,0.367031,0.034426,0,0
26,6,8.250000,-11.750000,14.430500,8,0.033481,0.524629,0.030824,0,0
26,9,8.250000,-10.250000,13.269557,9,0.038793,0.570190,0.027608,0,0
26,10,8.250000,-9.750000,12.639601,5,0.034301,0.369554,0.025976,0,0
26,22,8.250000,-3.750000,9.301667,3,0.077896,0.207146,0.018652,0,0
26,23,8.250000,-3.250000,9.048000,7,0.565888,0.496025,0.018187,0,0
26,24,8.250000,-2.750000,8.749728,11,0.214640,0.658023,0.017656,0,0
26,25,8.250000,-2.250000,8.657351,20,0.448845,0.844639,0.017495,0,0
26,26,8.250000,-1.750000,8.578769,26,1.000000,0.873834,0.017360,0,0
26,27,8.250000,-1.250000,8.548790,19,0.150137,0.837711,0.017308,0,0
26,28,8.250000,-0.750000,8.306580,19,0.043352,0.843705,0.016900,0,0
26,29,8.250000,-0.250000,8.367589,17,0.227827,0.807043,0.017002,0,0
26,30,8.250000,0.250000,8.488000,6,0.152171,0.404542,0.017205,0,0
26,31,8.250000,0.750000,8.480166,12,0.214292,0.689252,0.017191,0,0
26,32,8.250000,1.250000,8.506857,21,0.145236,0.868823,0.017237,0,0
26,33,8.250000,1.750000,8.598409,22,0.166498,0.879648,0.017393,0,0
26,34,8.250000,2.250000,8.780294,17,0.262846,0.808823,0.017709,0,0
26,35,8.250000,2.750000,8.803178,17,0.208173,0.805396,0.017750,0,0
26,36,8.250000,3.250000,8.984118,17,0.250739,0.804656,0.018071,0,0
26,37,8.250000,3.750000,9.184633,19,0.250090,0.838639,0.018436,0,0
26,38,8.250000,4.250000,9.476588,17,0.557518,0.797159,0.018981,0,0
26,39,8.250000,4.750000,9.826334,15,0.148086,0.761668,0.019656,0,0
26,40,8.250000,5.250000,9.876056,18,0.066460,0.819911,0.019754,0,0
26,41,8.250000,5.750000,10.241765,17,0.156295,0.803137,0.020489,0,0
26,42,8.250000,6.250000,10.337001,3,0.119255,0.156918,0.020685,0,0
26,43,8.250000,6.750000,10.844501,4,0.204184,0.323755,0.021760,0,0
26,44,8.250000,7.250000,11.169716,7,0.194522,0.493998,0.022476,0,0
26,45,8.250000,7.750000,0.000000,1,0.000000,0.000000,0.010000,0,0
27,0,8.750000,-14.750000,16.963251,4,0.010894,0.229522,0.038775,0,0
27,3,8.750000,-13.250000,15.751001,4,0.021568,0.299663,0.034809,0,0
27,5,8.750000,-12.250000,0.000000,2,0.000000,0.000000,0.010000,0,0
27,6,8.750000,-11.750000,14.758835,6,0.038125,0.438995,0.031782,0,0
27,9,8.750000,-10.250000,13.644667,9,0.030331,0.568776,0.028618,0,0
27,11,8.750000,-9.250000,12.926001,4,0.043834,0.323159,0.026708,0,0
27,13,8.750000,-8.250000,0.000000,1,0.000000,0.000000,0.010000,0,0
27,22,8.750000,-3.750000,9.440333,3,0.088288,0.247390,0.018912,0,0
27,23,8.750000,-3.250000,9.320616,13,0.129660,0.720052,0.018687,0,0
27,24,8.750000,-2.750000,9.196834,6,0.375005,0.447382,0.018458,0,0
27,25,8.750000,-2.250000,9.136572,7,0.239239,0.499702,0.018348,0,0
27,26,8.750000,-1.750000,9.085917,24,0.642217,0.882351,0.018255,0,0
27,27,8.750000,-1.250000,9.112224,18,0.154790,0.821295,0.018303,0,0
27,28,8.750000,-0.750000,8.891637,22,0.232485,0.879036,0.017906,0,0
27,29,8.750000,-0.250000,8.866308,13,0.189447,0.713954,0.017861,0,0
27,31,8.750000,0.750000,8.934250,16,0.229365,0.789191,0.017982,0,0
27,32,8.750000,1.250000,8.979616,13,0.128778,0.720511,0.018063,0,0
27,33,8.750000,1.750000,8.984500,10,0.034786,0.623072,0.018072,0,0
27,34,8.750000,2.250000,9.080875,8,0.162227,0.538270,0.018246,0,0
27,35,8.750000,2.750000,9.508143,7,0.191375,0.495182,0.019040,0,0
27,36,8.750000,3.250000,9.537000,19,0.211847,0.840389,0.019095,0,0
27,37,8.750000,3.750000,9.589144,14,0.194456,0.742778,0.019195,0,0
27,38,8.750000,4.250000,9.845666,12,0.251038,0.689059,0.019694,0,0
27,39,8.750000,4.750000,10.144002,19,0.154058,0.833407,0.020290,0,0
27,40,8.750000,5.250000,10.329876,16,0.133780,0.783102,0.020671,0,0
27,41,8.750000,5.750000,10.700273,11,0.090153,0.655110,0.021450,0,0
27,42,8.750000,6.250000,11.014832,12,0.128005,0.673916,0.022133,0,0
27,43,8.750000,6.750000,0.000000,1,0.000000,0.000000,0.010000,0,0
27,44,8.750000,7.250000,11.592601,10,0.209695,0.618721,0.023439,0,0
27,45,8.750000,7.750000,11.836615,13,0.876302,0.707401,0.024011,0,0
28,0,9.250000,-14.750000,17.319666,3,0.010999,0.161081,0.039997,0,0
28,3,9.250000,-13.250000,16.261890,9,0.019090,0.559377,0.036445,0,0
28,6,9.250000,-11.750000,15.026001,9,0.025635,0.559150,0.032578,0,0
28,9,9.250000,-10.250000,13.914801,5,0.049131,0.380569,0.029362,0,0
28,11,9.250000,-9.250000,13.164001,6,0.041247,0.431794,0.027329,0,0
28,12,9.250000,-8.750000,0.000000,1,0.000000,0.000000,0.010000,0,0
28,21,9.250000,-4.250000,0.000000,1,0.000000,0.000000,0.010000,0,0
28,22,9.250000,-3.750000,9.920250,4,0.346306,0.325607,0.019841,0,0
28,23,9.250000,-3.250000,9.831249,8,0.103651,0.520506,0.019665,0,0
28,24,9.250000,-2.750000,9.855546,11,0.319903,0.656107,0.019713,0,0
28,25,9.250000,-2.250000,9.640250,12,0.185587,0.689060,0.019293,0,0
28,26,9.250000,-1.750000,9.528077,13,0.241333,0.721056,0.019078,0,0
28,27,9.250000,-1.250000,9.678867,15,0.119378,0.765214,0.019368,0,0
28,28,9.250000,-0.750000,9.374705,17,0.030892,0.807914,0.018789,0,0
28,29,9.250000,-0.250000,9.350801,5,0.164057,0.367095,0.018744,0,0
28,30,9.250000,0.250000,9.599200,5,0.139558,0.386718,0.019214,0,0
28,31,9.250000,0.750000,9.492167,18,0.251566,0.826808,0.019010,0,0
28,32,9.250000,1.250000,9.510056,18,0.115006,0.825600,0.019044,0,0
28,33,9.250000,1.750000,9.499134,15,0.164457,0.763170,0.019023,0,0
28,34,9.250000,2.250000,9.699929,28,0.033002,0.930312,0.019409,0,0
28,35,9.250000,2.750000,9.797101,20,0.104237,0.855765,0.019598,0,0
28,36,9.250000,3.250000,10.088470,17,0.023391,0.801535,0.020178,0,0
28,37,9.250000,3.750000,10.201648,17,0.146329,0.803115,0.020407,0,0
28,38,9.250000,4.250000,10.283615,13,0.168351,0.707108,0.020575,0,0
28,39,9.250000,4.750000,10.499770,13,0.222840,0.706175,0.021025,0,0
28,40,9.250000,5.250000,10.788571,21,0.183250,0.864828,0.021639,0,0
28,41,9.250000,5.750000,10.991500,16,0.581251,0.781913,0.022081,0,0
28,42,9.250000,6.250000,11.354335,15,0.268603,0.757638,0.022892,0,0
28,43,9.250000,6.750000,11.561401,15,0.270070,0.758847,0.023367,0,0
28,45,9.250000,7.750000,12.110001,3,0.133869,0.250539,0.024665,0,0
29,3,9.750000,-13.250000,16.535749,8,0.024987,0.522211,0.037343,0,0
29,6,9.750000,-11.750000,15.330126,8,0.021006,0.502833,0.033501,0,0
29,9,9.750000,-10.250000,14.248221,9,0.039077,0.571080,0.030301,0,0
29,12,9.750000,-8.750000,0.000000,1,0.000000,0.000000,0.010000,0,0
29,21,9.750000,-4.250000,0.000000,2,0.000000,0.000000,0.010000,0,0
29,22,9.750000,-3.750000,10.610939,16,0.117582,0.783261,0.021259,0,0
29,23,9.750000,-3.250000,10.444626,8,0.078274,0.541266,0.020909,0,0
29,24,9.750000,-2.750000,10.169856,7,0.351165,0.496385,0.020343,0,0
29,25,9.750000,-2.250000,10.290001,3,0.085768,0.158996,0.020588,0,0
29,26,9.750000,-1.750000,10.003067,15,0.180729,0.767550,0.020006,0,0
29,27,9.750000,-1.250000,9.950251,4,0.041733,0.326936,0.019901,0,0
29,28,9.750000,-0.750000,9.743923,13,0.694669,0.706974,0.019494,0,0
29,29,9.750000,-0.250000,9.921612,18,0.680464,0.823804,0.019844,0,0
29,30,9.750000,0.250000,10.097942,17,1.000000,0.785161,0.020197,0,0
29,31,9.750000,0.750000,9.999333,18,0.851977,0.821336,0.019999,0,0
29,32,9.750000,1.250000,9.881820,11,0.323111,0.655746,0.019765,0,0
29,33,9.750000,1.750000,10.042001,15,0.174292,0.760199,0.020084,0,0
29,34,9.750000,2.250000,10.122890,9,0.105048,0.588900,0.020247,0,0
29,35,9.750000,2.750000,10.263500,8,0.056812,0.544732,0.020534,0,0
29,36,9.750000,3.250000,10.608084,12,0.136753,0.685553,0.021253,0,0
29,37,9.750000,3.750000,10.661000,14,0.228888,0.737353,0.021366,0,0
29,38,9.750000,4.250000,10.849936,16,0.145415,0.782785,0.021772,0,0
29,39,9.750000,4.750000,10.922334,12,0.293516,0.678623,0.021930,0,0
29,40,9.750000,5.250000,11.272001,15,0.167495,0.764003,0.022706,0,0
29,41,9.750000,5.750000,0.000000,1,0.000000,0.000000,0.010000,0,0
29,42,9.750000,6.250000,11.650111,9,0.126821,0.569130,0.023573,0,0
29,43,9.750000,6.750000,11.848301,10,0.098143,0.603832,0.024038,0,0
29,44,9.750000,7.250000,0.000000,1,0.000000,0.000000,0.010000,0,0
29,45,9.750000,7.750000,0.000000,1,0.000000,0.000000,0.010000,0,0
29,46,9.750000,8.250000,0.000000,1,0.000000,0.000000,0.010000,0,0
30,3,10.250000,-13.250000,16.776377,8,0.017631,0.514236,0.038145,0,0
30,4,10.250000,-12.750000,0.000000,1,0.000000,0.000000,0.010000,0,0
30,6,10.250000,-11.750000,0.000000,2,0.000000,0.000000,0.010000,0,0
30,9,10.250000,-10.250000,14.402202,5,0.039206,0.374885,0.030742,0,0
30,10,10.250000,-9.750000,14.413667,3,0.028014,0.221602,0.030775,0,0
30,12,10.250000,-8.750000,0.000000,2,0.000000,0.000000,0.010000,0,0
30,15,10.250000,-7.250000,0.000000,2,0.000000,0.000000,0.010000,0,0
30,21,10.250000,-4.250000,11.135251,8,0.087288,0.539810,0.022399,0,0
30,22,10.250000,-3.750000,11.103001,11,0.062312,0.643738,0.022328,0,0
30,24,10.250000,-2.750000,10.729715,14,0.160933,0.734425,0.021513,0,0
30,25,10.250000,-2.250000,10.472835,6,0.098377,0.399100,0.020968,0,0
30,26,10.250000,-1.750000,10.559314,16,0.487169,0.768732,0.021150,0,0
30,27,10.250000,-1.250000,10.398313,16,0.133877,0.786420,0.020812,0,0
30,28,10.250000,-0.750000,10.494802,15,0.191595,0.760490,0.021014,0,0
30,29,10.250000,-0.250000,10.319616,13,0.103546,0.717573,0.020649,0,0
30,30,10.250000,0.250000,10.232446,9,1.000000,0.572149,0.020470,0,0
30,31,10.250000,0.750000,10.457638,11,0.238241,0.653199,0.020936,0,0
30,32,10.250000,1.250000,10.657287,14,0.162324,0.738258,0.021358,0,0
30,33,10.250000,1.750000,10.655715,14,0.138986,0.735116,0.021354,0,0
30,34,10.250000,2.250000,10.559357,14,0.163025,0.743504,0.021150,0,0
30,35,10.250000,2.750000,10.582693,13,0.118426,0.709682,0.021199,0,0
30,36,10.250000,3.250000,11.009334,9,0.081073,0.587330,0.022121,0,0
30,37,10.250000,3.750000,11.212334,9,1.000000,0.575789,0.022572,0,0
30,38,10.250000,4.250000,11.380113,9,0.113155,0.561166,0.022951,0,0
30,39,10.250000,4.750000,11.430666,15,0.158695,0.763065,0.023066,0,0
30,40,10.250000,5.250000,11.733833,6,0.325422,0.445557,0.023768,0,0
30,41,10.250000,5.750000,11.786924,13,0.121723,0.708669,0.023893,0,0
30,45,10.250000,7.750000,0.000000,1,0.000000,0.000000,0.010000,0,0
30,47,10.250000,8.750000,0.000000,1,0.000000,0.000000,0.010000,0,0
31,3,10.750000,-13.250000,17.023859,7,0.025052,0.468308,0.038981,0,0
31,6,10.750000,-11.750000,15.999501,6,0.030428,0.407751,0.035598,0,0
31,9,10.750000,-10.250000,0.000000,1,0.000000,0.000000,0.010000,0,0
31,10,10.750000,-9.750000,0.000000,2,0.000000,0.000000,0.010000,0,0
31,12,10.750000,-8.750000,0.000000,1,0.000000,0.000000,0.010000,0,0
31,22,10.750000,-3.750000,0.000000,1,0.000000,0.000000,0.010000,0,0
31,24,10.750000,-2.750000,11.162801,10,0.091885,0.607765,0.022461,0,0
31,25,10.750000,-2.250000,11.260501,10,0.080797,0.606907,0.022680,0,0
31,26,10.750000,-1.750000,11.094910,11,0.863440,0.644743,0.022310,0,0
31,27,10.750000,-1.250000,11.103168,12,0.096362,0.674019,0.022328,0,0
31,28,10.750000,-0.750000,11.085000,7,0.086622,0.495637,0.022288,0,0
31,29,10.750000,-0.250000,10.842693,13,0.141012,0.705438,0.021756,0,0
31,30,10.750000,0.250000,10.749001,6,0.111774,0.420397,0.021554,0,0
31,31,10.750000,0.750000,10.780667,3,1.000000,0.252663,0.021622,0,0
31,32,10.750000,1.250000,10.869334,3,0.054364,0.257262,0.021814,0,0
31,33,10.750000,1.750000,11.227000,7,0.101274,0.453555,0.022605,0,0
31,34,10.750000,2.250000,11.134202,20,0.322499,0.847578,0.022397,0,0
31,35,10.750000,2.750000,11.214462,26,0.274067,0.909103,0.022576,0,0
31,36,10.750000,3.250000,11.307281,25,0.563087,0.888915,0.022785,0,0
31,37,10.750000,3.750000,11.472638,11,0.672637,0.650422,0.023162,0,0
31,38,10.750000,4.250000,11.705917,12,0.170739,0.689189,0.023703,0,0
31,39,10.750000,4.750000,11.940231,13,0.106357,0.705520,0.024257,0,0
31,40,10.750000,5.250000,11.970572,14,0.110031,0.733437,0.024329,0,0
31,41,10.750000,5.750000,0.000000,1,0.000000,0.000000,0.010000,0,0
31,42,10.750000,6.250000,12.631601,5,0.089136,0.348214,0.025956,0,0
31,43,10.750000,6.750000,0.000000,1,0.000000,0.000000,0.010000,0,0
31,44,10.750000,7.250000,0.000000,1,0.000000,0.000000,0.010000,0,0
31,47,10.750000,8.750000,13.979501,6,0.307618,0.440575,0.029543,0,0
31,48,10.750000,9.250000,0.000000,1,0.000000,0.000000,0.010000,0,0
31,49,10.750000,9.750000,0.000000,1,0.000000,0.000000,0.010000,0,0
32,3,11.250000,-13.250000,17.289751,8,0.019156,0.517367,0.039894,0,0
32,6,11.250000,-11.750000,16.265202,5,0.030485,0.360976,0.036456,0,0
32,7,11.250000,-11.250000,0.000000,1,0.000000,0.000000,0.010000,0,0
32,23,11.250000,-3.250000,11.862667,6,0.063307,0.392796,0.024072,0,0
32,24,11.250000,-2.750000,11.856334,6,0.448688,0.441154,0.024057,0,0
32,25,11.250000,-2.250000,11.686334,3,0.099474,0.255651,0.023657,0,0
32,26,11.250000,-1.750000,11.586500,8,0.139195,0.539454,0.023425,0,0
32,27,11.250000,-1.250000,11.514947,19,0.144213,0.837109,0.023259,0,0
32,28,11.250000,-0.750000,11.417389,18,0.310098,0.821844,0.023036,0,0
32,29,11.250000,-0.250000,11.512751,8,0.085691,0.508905,0.023254,0,0
32,30,11.250000,0.250000,11.431557,9,0.111037,0.558682,0.023068,0,0
32,31,11.250000,0.750000,11.395539,13,0.165302,0.712714,0.022986,0,0
32,32,11.250000,1.250000,11.420642,14,0.110385,0.735839,0.023043,0,0
32,33,11.250000,1.750000,11.488500,18,0.276569,0.822950,0.023199,0,0
32,34,11.250000,2.250000,11.491668,12,0.097966,0.674502,0.023206,0,0
32,35,11.250000,2.750000,11.721375,8,0.178848,0.543806,0.023739,0,0
32,36,11.250000,3.250000,0.000000,2,0.000000,0.000000,0.010000,0,0
32,37,11.250000,3.750000,0.000000,1,0.000000,0.000000,0.010000,0,0
32,38,11.250000,4.250000,12.069201,10,0.118627,0.612456,0.024567,0,0
32,39,11.250000,4.750000,12.308251,4,1.000000,0.324940,0.025149,0,0
32,40,11.250000,5.250000,12.587501,6,0.133460,0.433007,0.025845,0,0
32,41,11.250000,5.750000,12.730400,5,0.099250,0.367490,0.026206,0,0
32,42,11.250000,6.250000,12.828667,3,0.102509,0.254522,0.026457,0,0
32,47,11.250000,8.750000,0.000000,1,0.000000,0.000000,0.010000,0,0
32,48,11.250000,9.250000,14.612001,9,0.127394,0.577283,0.031351,0,0
32,49,11.250000,9.750000,14.947601,5,0.173005,0.381512,0.032343,0,0
32,50,11.250000,10.250000,0.000000,2,0.000000,0.000000,0.010000,0,0
33,3,11.750000,-13.250000,17.605251,4,0.022385,0.295747,0.040994,0,0
33,6,11.750000,-11.750000,16.426668,3,0.021169,0.192087,0.036984,0,0
33,7,11.750000,-11.250000,0.000000,1,0.000000,0.000000,0.010000,0,0
33,25,11.750000,-2.250000,11.928462,13,0.085328,0.708489,0.024229,0,0
33,27,11.750000,-1.250000,12.112666,6,0.072831,0.400869,0.024672,0,0
33,28,11.750000,-0.750000,0.000000,1,0.000000,0.000000,0.010000,0,0
33,30,11.750000,0.250000,12.105000,12,0.089413,0.673397,0.024653,0,0
33,31,11.750000,0.750000,12.100077,13,0.098690,0.704851,0.024641,0,0
33,32,11.750000,1.250000,12.027867,15,0.160895,0.763975,0.024467,0,0
33,33,11.750000,1.750000,12.002091,11,0.172130,0.659859,0.024405,0,0
33,34,11.750000,2.250000,11.995933,15,0.099488,0.760108,0.024390,0,0
33,35,11.750000,2.750000,0.000000,2,0.000000,0.000000,0.010000,0,0
33,38,11.750000,4.250000,0.000000,2,0.000000,0.000000,0.010000,0,0
33,40,11.750000,5.250000,0.000000,2,0.000000,0.000000,0.010000,0,0
33,41,11.750000,5.750000,0.000000,1,0.000000,0.000000,0.010000,0,0
33,42,11.750000,6.250000,0.000000,1,0.000000,0.000000,0.010000,0,0
33,44,11.750000,7.250000,0.000000,2,0.000000,0.000000,0.010000,0,0
33,45,11.750000,7.750000,14.192001,5,0.085745,0.361516,0.030141,0,0
33,47,11.750000,8.750000,14.749001,3,0.090862,0.237812,0.031753,0,0
33,48,11.750000,9.250000,0.000000,1,0.000000,0.000000,0.010000,0,0
34,3,12.250000,-13.250000,17.948334,6,0.024517,0.421467,0.042214,0,0
34,7,12.250000,-11.250000,16.712669,3,0.031828,0.244529,0.037931,0,0
34,24,12.250000,-2.750000,12.523572,7,0.085151,0.483986,0.025684,0,0
34,25,12.250000,-2.250000,12.755429,7,0.061949,0.459171,0.026270,0,0
34,26,12.250000,-1.750000,12.356335,9,0.074794,0.557005,0.025268,0,0
34,27,12.250000,-1.250000,12.273714,7,0.075148,0.487402,0.025064,0,0
34,28,12.250000,-0.750000,12.416000,12,0.756377,0.685600,0.025416,0,0
34,29,12.250000,-0.250000,12.342445,9,1.000000,0.572200,0.025234,0,0
34,30,12.250000,0.250000,12.444958,24,1.000000,0.812833,0.025488,0,0
34,31,12.250000,0.750000,12.588666,3,0.076467,0.162823,0.025847,0,0
34,32,12.250000,1.250000,12.643001,3,0.072520,0.252484,0.025985,0,0
34,33,12.250000,1.750000,12.439454,11,0.449349,0.648923,0.025474,0,0
34,34,12.250000,2.250000,12.672833,6,0.081349,0.433492,0.026060,0,0
34,35,12.250000,2.750000,0.000000,2,0.000000,0.000000,0.010000,0,0
34,38,12.250000,4.250000,13.059001,4,0.078885,0.241287,0.027054,0,0
34,39,12.250000,4.750000,13.264002,11,0.148258,0.648544,0.027593,0,0
34,42,12.250000,6.250000,0.000000,2,0.000000,0.000000,0.010000,0,0
34,43,12.250000,6.750000,0.000000,2,0.000000,0.000000,0.010000,0,0
34,44,12.250000,7.250000,0.000000,2,0.000000,0.000000,0.010000,0,0
34,47,12.250000,8.750000,0.000000,2,0.000000,0.000000,0.010000,0,0
34,48,12.250000,9.250000,0.000000,1,0.000000,0.000000,0.010000,0,0
34,51,12.250000,10.750000,0.000000,1,0.000000,0.000000,0.010000,0,0
34,52,12.250000,11.250000,0.000000,1,0.000000,0.000000,0.010000,0,0
35,3,12.750000,-13.250000,18.241003,6,0.014875,0.374495,0.043273,0,0
35,4,12.750000,-12.750000,0.000000,2,0.000000,0.000000,0.010000,0,0
35,6,12.750000,-11.750000,0.000000,2,0.000000,0.000000,0.010000,0,0
35,7,12.750000,-11.250000,0.000000,2,0.000000,0.000000,0.010000,0,0
35,23,12.750000,-3.250000,0.000000,1,0.000000,0.000000,0.010000,0,0
35,24,12.750000,-2.750000,0.000000,1,0.000000,0.000000,0.010000,0,0
35,25,12.750000,-2.250000,0.000000,2,0.000000,0.000000,0.010000,0,0
35,26,12.750000,-1.750000,13.141335,3,0.062636,0.200674,0.027269,0,0
35,27,12.750000,-1.250000,13.110001,3,0.060577,0.159580,0.027187,0,0
35,28,12.750000,-0.750000,12.849429,7,0.801494,0.471764,0.026511,0,0
35,29,12.750000,-0.250000,12.989697,23,0.763152,0.808694,0.026873,0,0
35,30,12.750000,0.250000,12.779750,4,0.468390,0.323407,0.026332,0,0
35,31,12.750000,0.750000,12.845067,15,0.691271,0.746772,0.026500,0,0
35,32,12.750000,1.250000,12.764101,10,0.084275,0.611047,0.026292,0,0
35,33,12.750000,1.750000,12.830429,7,0.373172,0.485195,0.026462,0,0
35,38,12.750000,4.250000,0.000000,1,0.000000,0.000000,0.010000,0,0
35,39,12.750000,4.750000,0.000000,2,0.000000,0.000000,0.010000,0,0
35,40,12.750000,5.250000,0.000000,1,0.000000,0.000000,0.010000,0,0
35,41,12.750000,5.750000,0.000000,1,0.000000,0.000000,0.010000,0,0
35,42,12.750000,6.250000,14.187601,5,0.074089,0.337666,0.030129,0,0
35,43,12.750000,6.750000,0.000000,1,0.000000,0.000000,0.010000,0,0
35,45,12.750000,7.750000,0.000000,1,0.000000,0.000000,0.010000,0,0
35,46,12.750000,8.250000,15.181668,3,0.090687,0.240744,0.033048,0,0
35,52,12.750000,11.250000,0.000000,2,0.000000,0.000000,0.010000,0,0
36,3,13.250000,-13.250000,0.000000,2,0.000000,0.000000,0.010000,0,0
36,4,13.250000,-12.750000,18.608335,6,0.018232,0.393411,0.044627,0,0
36,24,13.250000,-2.750000,0.000000,2,0.000000,0.000000,0.010000,0,0
36,26,13.250000,-1.750000,13.276002,8,0.059916,0.508195,0.027625,0,0
36,27,13.250000,-1.250000,13.322601,10,0.092012,0.610625,0.027749,0,0
36,32,13.250000,1.250000,13.478201,10,0.096303,0.606747,0.028166,0,0
36,33,13.250000,1.750000,13.317001,7,0.071278,0.451103,0.027734,0,0
36,38,13.250000,4.250000,0.000000,1,0.000000,0.000000,0.010000,0,0
36,39,13.250000,4.750000,14.137751,4,0.087499,0.303106,0.029988,0,0
36,40,13.250000,5.250000,14.423750,8,1.000000,0.525689,0.030804,0,0
36,41,13.250000,5.750000,14.614750,12,0.208058,0.675695,0.031359,0,0
36,42,13.250000,6.250000,14.673000,6,0.132977,0.435854,0.031530,0,0
36,43,13.250000,6.750000,15.126251,4,0.096808,0.308772,0.032880,0,0
36,46,13.250000,8.250000,0.000000,1,0.000000,0.000000,0.010000,0,0
37,4,13.750000,-12.750000,18.956800,5,0.026100,0.357683,0.045936,0,0
37,24,13.750000,-2.750000,14.055557,9,0.084297,0.555401,0.029756,0,0
37,25,13.750000,-2.250000,0.000000,2,0.000000,0.000000,0.010000,0,0
37,27,13.750000,-1.250000,0.000000,1,0.000000,0.000000,0.010000,0,0
37,28,13.750000,-0.750000,13.956249,8,0.083733,0.525478,0.029478,0,0
37,29,13.750000,-0.250000,13.905200,10,0.133045,0.608821,0.029335,0,0
37,30,13.750000,0.250000,13.962201,5,0.072597,0.350281,0.029494,0,0
37,31,13.750000,0.750000,13.882501,6,0.076084,0.399610,0.029272,0,0
37,32,13.750000,1.250000,13.865334,6,0.567052,0.443794,0.029225,0,0
37,33,13.750000,1.750000,0.000000,1,0.000000,0.000000,0.010000,0,0
37,40,13.750000,5.250000,14.869250,8,0.153207,0.526161,0.032109,0,0
37,43,13.750000,6.750000,15.273000,3,0.070841,0.151547,0.033326,0,0
37,44,13.750000,7.250000,0.000000,1,0.000000,0.000000,0.010000,0,0
37,45,13.750000,7.750000,0.000000,1,0.000000,0.000000,0.010000,0,0
37,47,13.750000,8.750000,0.000000,2,0.000000,0.000000,0.010000,0,0
37,50,13.750000,10.250000,0.000000,1,0.000000,0.000000,0.010000,0,0
38,4,14.250000,-12.750000,19.256502,4,0.025970,0.296789,0.047081,0,0
38,26,14.250000,-1.750000,0.000000,2,0.000000,0.000000,0.010000,0,0
38,28,14.250000,-0.750000,14.294001,5,0.082337,0.358358,0.030432,0,0
38,29,14.250000,-0.250000,0.000000,1,0.000000,0.000000,0.010000,0,0
38,30,14.250000,0.250000,0.000000,1,0.000000,0.000000,0.010000,0,0
38,32,14.250000,1.250000,14.392601,5,0.064068,0.330894,0.030715,0,0
38,39,14.250000,4.750000,0.000000,2,0.000000,0.000000,0.010000,0,0
38,40,14.250000,5.250000,15.386500,10,0.109049,0.611529,0.033674,0,0
38,41,14.250000,5.750000,0.000000,2,0.000000,0.000000,0.010000,0,0
38,43,14.250000,6.750000,0.000000,1,0.000000,0.000000,0.010000,0,0
38,44,14.250000,7.250000,16.102251,4,0.064606,0.278982,0.035928,0,0
38,56,14.250000,13.250000,0.000000,1,0.000000,0.000000,0.010000,0,0
39,23,14.750000,-3.250000,15.065334,3,0.054528,0.231189,0.032696,0,0
39,25,14.750000,-2.250000,15.003200,5,0.059206,0.339368,0.032510,0,0
39,26,14.750000,-1.750000,14.880000,9,0.085408,0.570429,0.032141,0,0
39,27,14.750000,-1.250000,15.017401,5,0.064805,0.363273,0.032552,0,0
39,31,14.750000,0.750000,14.931572,7,0.084614,0.477396,0.032295,0,0
39,32,14.750000,1.250000,14.826167,6,0.071219,0.399474,0.031982,0,0
39,38,14.750000,4.250000,0.000000,2,0.000000,0.000000,0.010000,0,0
39,40,14.750000,5.250000,0.000000,1,0.000000,0.000000,0.010000,0,0
39,41,14.750000,5.750000,0.000000,2,0.000000,0.000000,0.010000,0,0
39,56,14.750000,13.250000,19.849001,3,0.070565,0.239016,0.049398,0,0
40,23,15.250000,-3.250000,0.000000,2,0.000000,0.000000,0.010000,0,0
40,24,15.250000,-2.750000,15.642334,3,0.045668,0.186285,0.034468,0,0
40,27,15.250000,-1.250000,15.389001,7,0.086637,0.474765,0.033682,0,0
40,30,15.250000,0.250000,15.518402,5,0.065360,0.327206,0.034082,0,0
40,31,15.250000,0.750000,15.356001,4,0.063725,0.256803,0.033581,0,0
40,53,15.250000,11.750000,19.364000,4,0.081718,0.305376,0.047496,0,0
41,24,15.750000,-2.750000,16.153002,4,0.059184,0.302257,0.036092,0,0
41,28,15.750000,-0.750000,15.955857,7,0.092626,0.483622,0.035459,0,0
41,29,15.750000,-0.250000,15.714201,5,0.051082,0.314565,0.034694,0,0
41,31,15.750000,0.750000,0.000000,1,0.000000,0.000000,0.010000,0,0
41,32,15.750000,1.250000,15.981601,5,0.066591,0.357555,0.035541,0,0
41,47,15.750000,8.750000,0.000000,1,0.000000,0.000000,0.010000,0,0
41,52,15.750000,11.250000,0.000000,1,0.000000,0.000000,0.010000,0,0
42,24,16.250000,-2.750000,0.000000,1,0.000000,0.000000,0.010000,0,0
42,25,16.250000,-2.250000,16.557625,8,0.065740,0.520860,0.037415,0,0
42,26,16.250000,-1.750000,16.454002,7,0.058921,0.465362,0.037073,0,0
42,28,16.250000,-0.750000,16.177002,3,0.050509,0.145484,0.036170,0,0
42,30,16.250000,0.250000,16.371901,10,0.101836,0.603706,0.036804,0,0
42,31,16.250000,0.750000,16.447001,6,0.079512,0.430336,0.037050,0,0
42,42,16.250000,6.250000,0.000000,2,0.000000,0.000000,0.010000,0,0
42,48,16.250000,9.250000,0.000000,1,0.000000,0.000000,0.010000,0,0
43,22,16.750000,-3.750000,0.000000,1,0.000000,0.000000,0.010000,0,0
43,23,16.750000,-3.250000,17.355001,6,0.040083,0.395590,0.040120,0,0
43,26,16.750000,-1.750000,16.861500,4,0.049227,0.270899,0.038431,0,0
43,27,16.750000,-1.250000,16.978249,4,0.049482,0.258306,0.038826,0,0
43,29,16.750000,-0.250000,16.838202,5,0.082820,0.357951,0.038353,0,0
43,31,16.750000,0.750000,16.888334,3,0.064314,0.222730,0.038522,0,0
43,47,16.750000,8.750000,0.000000,2,0.000000,0.000000,0.010000,0,0
44,23,17.250000,-3.250000,17.686335,3,0.063784,0.250044,0.041281,0,0
44,27,17.250000,-1.250000,0.000000,2,0.000000,0.000000,0.010000,0,0
44,29,17.250000,-0.250000,0.000000,1,0.000000,0.000000,0.010000,0,0
44,32,17.250000,1.250000,0.000000,1,0.000000,0.000000,0.010000,0,0
44,51,17.250000,10.750000,0.000000,1,0.000000,0.000000,0.010000,0,0
45,25,17.750000,-2.250000,0.000000,1,0.000000,0.000000,0.010000,0,0
45,27,17.750000,-1.250000,17.843801,5,0.078101,0.371802,0.041840,0,0
45,30,17.750000,0.250000,17.913601,5,0.043785,0.342765,0.042090,0,0
45,31,17.750000,0.750000,17.899200,5,0.050344,0.372806,0.042038,0,0
46,24,18.250000,-2.750000,0.000000,2,0.000000,0.000000,0.010000,0,0
46,25,18.250000,-2.250000,18.336500,8,0.054243,0.516331,0.043623,0,0
46,26,18.250000,-1.750000,18.494144,7,0.076369,0.473620,0.044203,0,0
46,30,18.250000,0.250000,18.361250,4,0.106085,0.318893,0.043714,0,0
47,26,18.750000,-1.750000,0.000000,2,0.000000,0.000000,0.010000,0,0
47,29,18.750000,-0.250000,18.868603,5,0.056959,0.346354,0.045602,0,0
47,31,18.750000,0.750000,18.728251,4,0.054647,0.277422,0.045075,0,0
47,51,18.750000,10.750000,0.000000,1,0.000000,0.000000,0.010000,0,0
48,26,19.250000,-1.750000,0.000000,2,0.000000,0.000000,0.010000,0,0
48,27,19.250000,-1.250000,19.583334,6,1.000000,0.421340,0.048351,0,0
48,28,19.250000,-0.750000,19.476603,5,0.050382,0.341729,0.047934,0,0
48,29,19.250000,-0.250000,19.405502,4,0.106318,0.308325,0.047657,0,0
49,27,19.750000,-1.250000,19.766335,3,0.037189,0.141108,0.049071,0,0
49,28,19.750000,-0.750000,19.751669,9,1.000000,0.527774,0.049013,0,0
51,24,20.750000,-2.750000,21.181400,5,0.035964,0.322191,0.054865,0,0
51,55,20.750000,12.750000,0.000000,1,0.000000,0.000000,0.010000,0,0
52,24,21.250000,-2.750000,0.000000,1,0.000000,0.000000,0.010000,0,0
53,26,21.750000,-1.750000,0.000000,2,0.000000,0.000000,0.010000,0,0
54,26,22.250000,-1.750000,0.000000,1,0.000000,0.000000,0.010000,0,0
54,27,22.250000,-1.250000,22.515669,3,0.031119,0.175139,0.060696,0,0
54,54,22.250000,12.250000,0.000000,2,0.000000,0.000000,0.010000,0,0
55,26,22.750000,-1.750000,0.000000,2,0.000000,0.000000,0.010000,0,0
55,27,22.750000,-1.250000,0.000000,2,0.000000,0.000000,0.010000,0,0
61,23,25.750000,-3.250000,0.000000,2,0.000000,0.000000,0.010000,0,0
64,26,27.250000,-1.750000,0.000000,1,0.000000,0.000000,0.010000,0,0
65,27,27.750000,-1.250000,0.000000,1,0.000000,0.000000,0.010000,0,0
66,27,28.250000,-1.250000,0.000000,1,0.000000,0.000000,0.010000,0,0
