ix,iy,x_center,y_center,range,point_count,risk,confidence,sigma_r,lambda_min,lambda_max
0,0,-4.750000,-14.750000,16.048777,9,0.052519,0.577735,0.035756,0,0
0,1,-4.750000,-14.250000,14.950168,6,0.039565,0.422000,0.032351,0,0
0,2,-4.750000,-13.750000,14.562858,7,0.051884,0.486238,0.031208,0,0
0,3,-4.750000,-13.250000,14.126000,7,0.041147,0.484384,0.029954,0,0
0,4,-4.750000,-12.750000,13.691857,7,0.046250,0.481988,0.028747,0,0
0,5,-4.750000,-12.250000,13.281501,8,0.042017,0.529483,0.027640,0,0
0,6,-4.750000,-11.750000,12.789547,11,0.291084,0.663095,0.026357,0,0
0,7,-4.750000,-11.250000,12.333412,17,0.381653,0.813981,0.025211,0,0
0,8,-4.750000,-10.750000,11.929154,13,0.262939,0.723644,0.024230,0,0
0,9,-4.750000,-10.250000,11.418273,11,0.051995,0.653391,0.023038,0,0
0,10,-4.750000,-9.750000,10.978251,12,0.196615,0.692616,0.022052,0,0
0,11,-4.750000,-9.250000,10.517917,24,0.332249,0.905060,0.021063,0,0
0,12,-4.750000,-8.750000,10.154957,23,0.289644,0.895481,0.020312,0,0
0,13,-4.750000,-8.250000,9.791859,21,0.224229,0.872822,0.019588,0,0
0,14,-4.750000,-7.750000,9.177099,30,0.167412,0.945223,0.018422,0,0
0,15,-4.750000,-7.250000,8.845140,29,0.173673,0.939559,0.017824,0,0
0,16,-4.750000,-6.750000,8.428365,41,0.330119,0.980620,0.017104,0,0
0,17,-4.750000,-6.250000,8.078829,47,0.347668,0.988240,0.016527,0,0
0,18,-4.750000,-5.750000,7.621602,45,0.298987,0.985079,0.015809,0,0
0,19,-4.750000,-5.250000,7.282640,61,0.365294,0.994919,0.015304,0,0
0,20,-4.750000,-4.750000,6.921556,72,0.456314,0.996925,0.014791,0,0
0,21,-4.750000,-4.250000,6.621101,78,0.373990,0.997246,0.014384,0,0
0,22,-4.750000,-3.750000,6.270011,86,0.506703,0.997440,0.013931,0,0
0,23,-4.750000,-3.250000,5.949333,105,0.449196,0.997165,0.013539,0,0
0,24,-4.750000,-2.750000,5.698976,124,0.806493,0.997561,0.013248,0,0
0,25,-4.750000,-2.250000,5.483624,151,0.442702,0.997902,0.013007,0,0
0,26,-4.750000,-1.750000,5.333610,177,0.339750,0.998082,0.012845,0,0
0,27,-4.750000,-1.250000,5.162929,157,0.300399,0.997612,0.012666,0,0
0,28,-4.750000,-0.750000,5.090185,189,0.410435,0.997777,0.012591,0,0
0,29,-4.750000,-0.250000,5.059104,183,0.799396,0.998064,0.012559,0,0
0,30,-4.750000,0.250000,5.021990,202,0.731910,0.997916,0.012522,0,0
0,31,-4.750000,0.750000,5.094677,170,0.781598,0.995797,0.012596,0,0
0,32,-4.750000,1.250000,5.137688,177,0.614454,0.996791,0.012640,0,0
0,33,-4.750000,1.750000,5.314415,174,0.758962,0.998153,0.012824,0,0
0,34,-4.750000,2.250000,5.529139,145,0.541095,0.997866,0.013057,0,0
0,35,-4.750000,2.750000,5.683275,145,0.692889,0.997124,0.013230,0,0
0,36,-4.750000,3.250000,5.997240,125,1.000000,0.997304,0.013597,0,0
0,37,-4.750000,3.750000,6.230872,141,1.000000,0.997397,0.013882,0,0
0,38,-4.750000,4.250000,6.678473,38,0.284832,0.969273,0.014460,0,0
0,39,-4.750000,4.750000,6.949667,3,0.011023,0.211606,0.014830,0,0
1,0,-4.250000,-14.750000,15.644917,12,0.131452,0.689609,0.034476,0,0
1,1,-4.250000,-14.250000,0.000000,1,0.000000,0.000000,0.010000,0,0
1,3,-4.250000,-13.250000,0.000000,1,0.000000,0.000000,0.010000,0,0
1,4,-4.250000,-12.750000,13.450714,7,0.050074,0.481757,0.028092,0,0
1,5,-4.250000,-12.250000,13.052250,8,0.053439,0.531876,0.027036,0,0
1,6,-4.250000,-11.750000,12.670286,7,0.044075,0.478872,0.026054,0,0
1,8,-4.250000,-10.750000,11.535750,8,0.055920,0.530377,0.023307,0,0
1,9,-4.250000,-10.250000,11.154728,11,0.066095,0.653579,0.022443,0,0
1,10,-4.250000,-9.750000,10.768901,10,0.062523,0.617101,0.021597,0,0
1,11,-4.250000,-9.250000,10.045857,7,0.052454,0.475086,0.020092,0,0
1,12,-4.250000,-8.750000,9.784924,13,0.082092,0.715878,0.019574,0,0
1,13,-4.250000,-8.250000,9.403572,14,0.073513,0.742505,0.018843,0,0
1,14,-4.250000,-7.750000,8.834499,16,0.141668,0.786947,0.017805,0,0
1,15,-4.250000,-7.250000,8.485438,16,0.085163,0.788203,0.017200,0,0
1,16,-4.250000,-6.750000,8.034541,24,0.134970,0.901831,0.016455,0,0
1,17,-4.250000,-6.250000,7.597319,22,0.124387,0.879436,0.015772,0,0
1,18,-4.250000,-5.750000,7.231395,33,0.163243,0.954187,0.015229,0,0
1,19,-4.250000,-5.250000,6.776333,36,0.082053,0.962451,0.014592,0,0
1,20,-4.250000,-4.750000,6.454812,37,0.062627,0.968710,0.014166,0,0
1,21,-4.250000,-4.250000,6.085479,48,0.156514,0.984876,0.013703,0,0
1,22,-4.250000,-3.750000,5.692015,73,0.284121,0.992126,0.013240,0,0
1,23,-4.250000,-3.250000,5.412374,59,0.120336,0.990101,0.012929,0,0
1,24,-4.250000,-2.750000,5.141784,79,0.102444,0.992649,0.012644,0,0
1,25,-4.250000,-2.250000,4.868840,106,0.132900,0.993065,0.012371,0,0
1,26,-4.250000,-1.750000,4.680115,133,0.327534,0.992746,0.012190,0,0
1,27,-4.250000,-1.250000,4.509356,149,0.312423,0.994386,0.012033,0,0
1,28,-4.250000,-0.750000,4.401552,136,0.188148,0.994299,0.011937,0,0
1,29,-4.250000,-0.250000,4.334737,201,0.559897,0.988593,0.011879,0,0
1,30,-4.250000,0.250000,4.339780,159,0.341442,0.991606,0.011883,0,0
1,31,-4.250000,0.750000,4.392517,149,0.407351,0.990879,0.011929,0,0
1,32,-4.250000,1.250000,4.488747,146,0.222187,0.993606,0.012015,0,0
1,33,-4.250000,1.750000,4.647897,134,0.252390,0.993195,0.012160,0,0
1,34,-4.250000,2.250000,4.862943,122,0.355137,0.993598,0.012365,0,0
1,35,-4.250000,2.750000,5.113361,111,0.399402,0.990874,0.012615,0,0
1,36,-4.250000,3.250000,5.363638,80,0.281653,0.992218,0.012877,0,0
1,37,-4.250000,3.750000,5.638594,79,1.000000,0.978428,0.013179,0,0
1,38,-4.250000,4.250000,0.000000,1,0.000000,0.000000,0.010000,0,0
1,39,-4.250000,4.750000,6.497000,3,0.020763,0.242403,0.014221,0,0
2,1,-3.750000,-14.250000,14.666000,5,0.051334,0.374720,0.031509,0,0
2,2,-3.750000,-13.750000,14.307287,7,0.061201,0.486686,0.030470,0,0
2,3,-3.750000,-13.250000,13.910286,7,0.054805,0.485154,0.029350,0,0
2,5,-3.750000,-12.250000,0.000000,1,0.000000,0.000000,0.010000,0,0
2,6,-3.750000,-11.750000,12.359556,9,0.067089,0.577897,0.025276,0,0
2,7,-3.750000,-11.250000,11.955301,10,0.071831,0.617535,0.024293,0,0
2,8,-3.750000,-10.750000,0.000000,2,0.000000,0.000000,0.010000,0,0
2,9,-3.750000,-10.250000,10.880445,9,0.063475,0.574220,0.021838,0,0
2,10,-3.750000,-9.750000,10.527585,12,0.083919,0.687489,0.021083,0,0
2,11,-3.750000,-9.250000,10.172143,7,0.114271,0.498472,0.020347,0,0
2,12,-3.750000,-8.750000,9.550500,14,0.085127,0.742756,0.019121,0,0
2,13,-3.750000,-8.250000,9.171400,15,0.083319,0.766723,0.018411,0,0
2,14,-3.750000,-7.750000,8.626352,17,0.131240,0.806338,0.017441,0,0
2,15,-3.750000,-7.250000,8.228900,20,0.136223,0.854807,0.016771,0,0
2,16,-3.750000,-6.750000,7.805591,22,0.140433,0.878873,0.016093,0,0
2,17,-3.750000,-6.250000,7.349676,34,0.113395,0.958181,0.015402,0,0
2,18,-3.750000,-5.750000,6.887300,30,0.136074,0.939163,0.014743,0,0
2,19,-3.750000,-5.250000,6.534002,41,0.123848,0.977180,0.014269,0,0
2,20,-3.750000,-4.750000,6.144420,50,0.177069,0.985041,0.013775,0,0
2,21,-3.750000,-4.250000,5.762155,58,0.178134,0.991000,0.013320,0,0
2,22,-3.750000,-3.750000,5.384588,68,0.088271,0.992388,0.012899,0,0
2,23,-3.750000,-3.250000,5.008908,75,0.180247,0.993519,0.012509,0,0
2,24,-3.750000,-2.750000,4.742347,147,0.337123,0.993005,0.012249,0,0
2,25,-3.750000,-2.250000,4.480214,172,0.366162,0.993374,0.012007,0,0
2,26,-3.750000,-1.750000,4.256124,169,0.211663,0.994476,0.011811,0,0
2,27,-3.750000,-1.250000,4.026585,164,0.157380,0.993929,0.011621,0,0
2,28,-3.750000,-0.750000,3.915232,228,0.496239,0.988494,0.011533,0,0
2,29,-3.750000,-0.250000,3.865749,171,0.184605,0.994328,0.011494,0,0
2,30,-3.750000,0.250000,3.851326,194,0.502057,0.975388,0.011483,0,0
2,31,-3.750000,0.750000,3.935449,216,0.438832,0.989465,0.011549,0,0
2,32,-3.750000,1.250000,4.035637,199,0.299121,0.993911,0.011629,0,0
2,33,-3.750000,1.750000,4.213040,184,0.608082,0.992479,0.011775,0,0
2,34,-3.750000,2.250000,4.431396,149,0.337366,0.985783,0.011964,0,0
2,35,-3.750000,2.750000,4.702683,117,0.177621,0.990964,0.012212,0,0
2,36,-3.750000,3.250000,4.987952,128,1.000000,0.987319,0.012488,0,0
2,37,-3.750000,3.750000,5.232724,116,0.983515,0.957272,0.012738,0,0
2,38,-3.750000,4.250000,5.572208,48,0.562441,0.958511,0.013105,0,0
2,39,-3.750000,4.750000,0.000000,1,0.000000,0.000000,0.010000,0,0
2,40,-3.750000,5.250000,0.000000,1,0.000000,0.000000,0.010000,0,0
2,41,-3.750000,5.750000,6.915334,6,0.094244,0.447319,0.014782,0,0
3,0,-3.250000,-14.750000,15.383666,12,0.146838,0.690293,0.033666,0,0
3,1,-3.250000,-14.250000,0.000000,2,0.000000,0.000000,0.010000,0,0
3,3,-3.250000,-13.250000,0.000000,2,0.000000,0.000000,0.010000,0,0
3,4,-3.250000,-12.750000,13.227301,10,0.077299,0.619026,0.027496,0,0
3,5,-3.250000,-12.250000,12.775145,7,0.058001,0.482663,0.026320,0,0
3,7,-3.250000,-11.250000,11.702445,9,0.071981,0.578304,0.023695,0,0
3,8,-3.250000,-10.750000,11.330636,11,0.078139,0.652830,0.022838,0,0
3,9,-3.250000,-10.250000,10.907001,3,0.087707,0.257912,0.021896,0,0
3,10,-3.250000,-9.750000,10.302418,12,0.084752,0.686810,0.020614,0,0
3,11,-3.250000,-9.250000,9.936463,13,0.094784,0.715961,0.019873,0,0
3,12,-3.250000,-8.750000,9.322846,13,0.085940,0.714868,0.018692,0,0
3,13,-3.250000,-8.250000,8.961294,17,0.133198,0.805101,0.018030,0,0
3,14,-3.250000,-7.750000,8.449056,18,0.137520,0.825427,0.017139,0,0
3,15,-3.250000,-7.250000,7.998720,25,0.112040,0.910537,0.016398,0,0
3,16,-3.250000,-6.750000,7.550637,22,0.097659,0.879893,0.015701,0,0
3,17,-3.250000,-6.250000,7.157968,29,0.115005,0.935813,0.015124,0,0
3,18,-3.250000,-5.750000,6.713513,39,0.172192,0.970880,0.014507,0,0
3,19,-3.250000,-5.250000,6.286149,47,0.183272,0.983433,0.013952,0,0
3,20,-3.250000,-4.750000,5.829193,57,0.106300,0.989248,0.013398,0,0
3,21,-3.250000,-4.250000,5.417722,72,0.165714,0.992122,0.012935,0,0
3,22,-3.250000,-3.750000,5.040216,88,0.237873,0.992778,0.012540,0,0
3,23,-3.250000,-3.250000,4.695184,126,0.181311,0.993310,0.012204,0,0
3,24,-3.250000,-2.750000,4.360359,148,0.199796,0.994564,0.011901,0,0
3,25,-3.250000,-2.250000,4.083443,181,0.178129,0.993516,0.011667,0,0
3,26,-3.250000,-1.750000,3.860414,186,0.210196,0.994459,0.011490,0,0
3,27,-3.250000,-1.250000,3.725791,134,0.354954,0.992877,0.011388,0,0
3,28,-3.250000,-0.750000,3.614062,96,0.057889,0.994340,0.011306,0,0
3,29,-3.250000,-0.250000,3.521416,106,0.128430,0.994004,0.011240,0,0
3,30,-3.250000,0.250000,3.511072,127,0.201314,0.982130,0.011233,0,0
3,31,-3.250000,0.750000,3.532541,172,0.180763,0.991084,0.011248,0,0
3,32,-3.250000,1.250000,3.669472,173,0.134118,0.994722,0.011347,0,0
3,33,-3.250000,1.750000,3.786019,226,0.467352,0.988742,0.011433,0,0
3,34,-3.250000,2.250000,4.057946,186,0.465648,0.993689,0.011647,0,0
3,35,-3.250000,2.750000,4.331410,178,0.399572,0.990667,0.011876,0,0
3,36,-3.250000,3.250000,4.644849,165,0.828167,0.989666,0.012157,0,0
3,37,-3.250000,3.750000,5.025196,102,0.648436,0.979388,0.012525,0,0
3,38,-3.250000,4.250000,5.394230,61,0.868543,0.953747,0.012910,0,0
3,39,-3.250000,4.750000,0.000000,2,0.000000,0.000000,0.010000,0,0
4,1,-2.750000,-14.250000,14.425501,4,0.046915,0.297811,0.030810,0,0
4,2,-2.750000,-13.750000,14.078287,7,0.065506,0.482316,0.029820,0,0
4,3,-2.750000,-13.250000,13.697200,5,0.043383,0.355177,0.028761,0,0
4,5,-2.750000,-12.250000,12.537375,8,0.069364,0.532433,0.025719,0,0
4,6,-2.750000,-11.750000,12.157001,8,0.070379,0.532407,0.024779,0,0
4,7,-2.750000,-11.250000,11.881333,3,0.043916,0.180241,0.024117,0,0
4,8,-2.750000,-10.750000,11.077778,9,0.079026,0.576662,0.022272,0,0
4,9,-2.750000,-10.250000,10.731500,12,0.092433,0.685768,0.021517,0,0
4,10,-2.750000,-9.750000,10.031430,7,0.071386,0.476800,0.020063,0,0
4,11,-2.750000,-9.250000,9.755358,14,0.111940,0.742806,0.019517,0,0
4,12,-2.750000,-8.750000,9.214500,12,0.123424,0.693848,0.018491,0,0
4,13,-2.750000,-8.250000,8.838589,17,0.107502,0.808041,0.017812,0,0
4,14,-2.750000,-7.750000,8.301501,18,0.126126,0.825956,0.016891,0,0
4,15,-2.750000,-7.250000,7.835001,25,0.142428,0.910953,0.016139,0,0
4,16,-2.750000,-6.750000,7.350346,29,0.169480,0.935580,0.015403,0,0
4,17,-2.750000,-6.250000,6.884829,35,0.142663,0.961251,0.014740,0,0
4,18,-2.750000,-5.750000,6.428616,39,0.082732,0.971532,0.014133,0,0
4,19,-2.750000,-5.250000,6.000836,49,0.159545,0.985402,0.013601,0,0
4,20,-2.750000,-4.750000,5.574216,65,0.182742,0.990897,0.013107,0,0
4,21,-2.750000,-4.250000,5.178342,79,0.151119,0.991858,0.012682,0,0
4,22,-2.750000,-3.750000,4.758972,104,0.142936,0.993771,0.012265,0,0
4,23,-2.750000,-3.250000,4.365751,124,0.156676,0.993081,0.011906,0,0
4,24,-2.750000,-2.750000,4.022865,185,0.150871,0.993833,0.011618,0,0
4,25,-2.750000,-2.250000,3.881989,85,0.070870,0.991404,0.011507,0,0
4,26,-2.750000,-1.750000,0.000000,1,0.000000,0.000000,0.010000,0,0
4,33,-2.750000,1.750000,3.503736,140,0.158329,0.992038,0.011228,0,0
4,34,-2.750000,2.250000,3.698617,220,0.378638,0.988320,0.011368,0,0
4,35,-2.750000,2.750000,3.988022,200,0.327403,0.993562,0.011590,0,0
4,36,-2.750000,3.250000,4.339160,175,0.586230,0.989572,0.011883,0,0
4,37,-2.750000,3.750000,4.643951,148,1.000000,0.895523,0.012157,0,0
4,38,-2.750000,4.250000,5.062679,87,1.000000,0.957206,0.012563,0,0
4,39,-2.750000,4.750000,5.452024,42,0.368393,0.945279,0.012972,0,0
5,0,-2.250000,-14.750000,15.132183,11,0.146793,0.656431,0.032898,0,0
5,1,-2.250000,-14.250000,14.641001,4,0.041206,0.279428,0.031436,0,0
5,3,-2.250000,-13.250000,13.389200,5,0.063447,0.371779,0.027927,0,0
5,4,-2.250000,-12.750000,13.025223,9,0.086398,0.578892,0.026966,0,0
5,5,-2.250000,-12.250000,0.000000,2,0.000000,0.000000,0.010000,0,0
5,6,-2.250000,-11.750000,11.911751,4,0.064660,0.304096,0.024189,0,0
5,7,-2.250000,-11.250000,11.578835,12,0.101419,0.686280,0.023407,0,0
5,8,-2.250000,-10.750000,11.164750,4,0.122540,0.327481,0.022465,0,0
5,9,-2.250000,-10.250000,10.543386,13,0.120661,0.716699,0.021116,0,0
5,10,-2.250000,-9.750000,10.182751,8,0.101189,0.543990,0.020369,0,0
5,11,-2.250000,-9.250000,9.593201,15,0.119505,0.766923,0.019203,0,0
5,12,-2.250000,-8.750000,9.127847,13,0.053001,0.723305,0.018332,0,0
5,13,-2.250000,-8.250000,8.661527,19,0.152914,0.842840,0.017502,0,0
5,14,-2.250000,-7.750000,8.142050,20,0.150220,0.857161,0.016629,0,0
5,15,-2.250000,-7.250000,7.691375,24,0.131365,0.901349,0.015916,0,0
5,16,-2.250000,-6.750000,7.220827,29,0.137502,0.936967,0.015214,0,0
5,17,-2.250000,-6.250000,6.755242,33,0.071613,0.955215,0.014563,0,0
5,18,-2.250000,-5.750000,6.280889,45,0.141578,0.980234,0.013945,0,0
5,19,-2.250000,-5.250000,5.828968,61,0.128728,0.990259,0.013398,0,0
5,20,-2.250000,-4.750000,5.360000,71,0.080692,0.992045,0.012873,0,0
5,21,-2.250000,-4.250000,4.927780,91,0.192471,0.992938,0.012428,0,0
5,22,-2.250000,-3.750000,4.499642,112,0.140555,0.993036,0.012025,0,0
5,23,-2.250000,-3.250000,4.096272,151,0.179835,0.993812,0.011678,0,0
5,24,-2.250000,-2.750000,3.824975,78,0.085894,0.992909,0.011463,0,0
5,34,-2.250000,2.250000,3.471364,66,0.213311,0.985186,0.011205,0,0
5,35,-2.250000,2.750000,3.595775,208,1.000000,0.948880,0.011293,0,0
5,36,-2.250000,3.250000,4.005087,150,1.000000,0.909944,0.011604,0,0
5,37,-2.250000,3.750000,4.389018,106,1.000000,0.917970,0.011926,0,0
5,38,-2.250000,4.250000,4.904211,38,0.642693,0.933246,0.012405,0,0
5,39,-2.250000,4.750000,5.228600,5,0.022087,0.392568,0.012734,0,0
5,40,-2.250000,5.250000,0.000000,1,0.000000,0.000000,0.010000,0,0
5,41,-2.250000,5.750000,6.287876,8,0.045502,0.547071,0.013954,0,0
5,42,-2.250000,6.250000,6.603500,6,0.127801,0.448519,0.014361,0,0
5,43,-2.250000,6.750000,0.000000,1,0.000000,0.000000,0.010000,0,0
6,0,-1.750000,-14.750000,0.000000,2,0.000000,0.000000,0.010000,0,0
6,1,-1.750000,-14.250000,0.000000,2,0.000000,0.000000,0.010000,0,0
6,2,-1.750000,-13.750000,13.949333,9,0.099066,0.580403,0.029458,0,0
6,3,-1.750000,-13.250000,13.619000,3,0.045206,0.202238,0.028548,0,0
6,5,-1.750000,-12.250000,12.485900,10,0.106473,0.617910,0.025590,0,0
6,6,-1.750000,-11.750000,12.126835,6,0.062148,0.420552,0.024706,0,0
6,7,-1.750000,-11.250000,11.315802,5,0.069208,0.360127,0.022805,0,0
6,8,-1.750000,-10.750000,10.992000,13,0.117075,0.716953,0.022082,0,0
6,9,-1.750000,-10.250000,10.287601,5,0.072351,0.347497,0.020583,0,0
6,10,-1.750000,-9.750000,10.012072,14,0.119034,0.741972,0.020024,0,0
6,11,-1.750000,-9.250000,9.435700,10,0.104614,0.615819,0.018903,0,0
6,12,-1.750000,-8.750000,9.105846,13,0.091657,0.712758,0.018292,0,0
6,13,-1.750000,-8.250000,8.538334,21,0.169381,0.870927,0.017290,0,0
6,14,-1.750000,-7.750000,8.028450,20,0.098111,0.855038,0.016446,0,0
6,15,-1.750000,-7.250000,7.582600,25,0.130147,0.908025,0.015750,0,0
6,16,-1.750000,-6.750000,7.096357,28,0.091178,0.931237,0.015036,0,0
6,17,-1.750000,-6.250000,6.609619,42,0.146680,0.977310,0.014369,0,0
6,18,-1.750000,-5.750000,6.129020,50,0.173071,0.985266,0.013756,0,0
6,19,-1.750000,-5.250000,5.642017,57,0.103419,0.988739,0.013183,0,0
6,20,-1.750000,-4.750000,5.195343,76,0.088665,0.992695,0.012699,0,0
6,21,-1.750000,-4.250000,4.739150,100,0.079063,0.993839,0.012246,0,0
6,22,-1.750000,-3.750000,4.316415,123,0.151276,0.993834,0.011863,0,0
6,23,-1.750000,-3.250000,4.043455,33,0.066737,0.948877,0.011635,0,0
6,34,-1.750000,2.250000,3.317000,3,0.296304,0.172535,0.011100,0,0
6,35,-1.750000,2.750000,3.482131,221,0.867476,0.937607,0.011213,0,0
6,36,-1.750000,3.250000,3.884975,291,1.000000,0.926555,0.011509,0,0
6,37,-1.750000,3.750000,4.076056,160,1.000000,0.802681,0.011661,0,0
6,38,-1.750000,4.250000,4.746500,12,0.423102,0.678741,0.012253,0,0
6,39,-1.750000,4.750000,5.161734,30,0.325254,0.928013,0.012664,0,0
6,40,-1.750000,5.250000,5.531542,24,0.383339,0.884214,0.013060,0,0
6,41,-1.750000,5.750000,6.059429,7,0.209662,0.497013,0.013672,0,0
6,42,-1.750000,6.250000,6.413000,3,0.095264,0.256664,0.014113,0,0
6,43,-1.750000,6.750000,0.000000,1,0.000000,0.000000,0.010000,0,0
6,44,-1.750000,7.250000,0.000000,1,0.000000,0.000000,0.010000,0,0
6,45,-1.750000,7.750000,0.000000,1,0.000000,0.000000,0.010000,0,0
7,0,-1.250000,-14.750000,14.886430,7,0.080005,0.481710,0.032161,0,0
7,1,-1.250000,-14.250000,14.490167,6,0.060773,0.421429,0.030996,0,0
7,3,-1.250000,-13.250000,13.237803,5,0.064449,0.362585,0.027524,0,0
7,4,-1.250000,-12.750000,12.912889,9,0.106381,0.580033,0.026674,0,0
7,6,-1.250000,-11.750000,11.873889,9,0.098807,0.576628,0.024099,0,0
7,7,-1.250000,-11.250000,11.554572,7,0.079370,0.477004,0.023351,0,0
7,8,-1.250000,-10.750000,10.789501,8,0.092610,0.527815,0.021641,0,0
7,9,-1.250000,-10.250000,10.498601,10,0.105392,0.615139,0.021022,0,0
7,10,-1.250000,-9.750000,9.874002,13,0.122130,0.715440,0.019750,0,0
7,11,-1.250000,-9.250000,9.462500,10,0.095022,0.628567,0.018954,0,0
7,12,-1.250000,-8.750000,8.971705,17,0.160843,0.808833,0.018049,0,0
7,13,-1.250000,-8.250000,8.419751,20,0.193504,0.857394,0.017089,0,0
7,14,-1.250000,-7.750000,7.919000,22,0.126424,0.878321,0.016271,0,0
7,15,-1.250000,-7.250000,7.449680,25,0.085171,0.907972,0.015550,0,0
7,16,-1.250000,-6.750000,6.980344,32,0.140475,0.950404,0.014873,0,0
7,17,-1.250000,-6.250000,6.496074,41,0.157523,0.975445,0.014220,0,0
7,18,-1.250000,-5.750000,6.027689,45,0.089596,0.979381,0.013633,0,0
7,19,-1.250000,-5.250000,5.548127,63,0.164593,0.991220,0.013078,0,0
7,20,-1.250000,-4.750000,5.062112,80,0.160779,0.992618,0.012562,0,0
7,21,-1.250000,-4.250000,4.574361,111,0.135007,0.993338,0.012092,0,0
7,22,-1.250000,-3.750000,4.298999,38,0.048793,0.967363,0.011848,0,0
7,35,-1.250000,2.750000,3.307429,7,1.000000,0.490019,0.011094,0,0
7,36,-1.250000,3.250000,3.729976,123,0.143513,0.994645,0.011391,0,0
7,37,-1.250000,3.750000,4.065338,297,1.000000,0.936220,0.011653,0,0
7,38,-1.250000,4.250000,4.418039,125,0.665506,0.949001,0.011952,0,0
7,39,-1.250000,4.750000,4.941201,45,0.321078,0.964218,0.012442,0,0
7,40,-1.250000,5.250000,5.458154,39,0.566998,0.942714,0.012979,0,0
7,41,-1.250000,5.750000,5.915038,27,0.129293,0.925533,0.013499,0,0
7,42,-1.250000,6.250000,0.000000,2,0.000000,0.000000,0.010000,0,0
7,43,-1.250000,6.750000,7.032600,10,0.067358,0.626593,0.014946,0,0
7,44,-1.250000,7.250000,7.480000,7,0.035467,0.483377,0.015595,0,0
7,47,-1.250000,8.750000,0.000000,1,0.000000,0.000000,0.010000,0,0
8,0,-0.750000,-14.750000,15.318001,6,0.075568,0.427612,0.033464,0,0
8,2,-0.750000,-13.750000,13.866126,8,0.089439,0.529033,0.029227,0,0
8,3,-0.750000,-13.250000,13.474600,5,0.060839,0.355315,0.028156,0,0
8,4,-0.750000,-12.750000,0.000000,1,0.000000,0.000000,0.010000,0,0
8,5,-0.750000,-12.250000,12.387901,10,0.138642,0.619558,0.025346,0,0
8,6,-0.750000,-11.750000,12.102666,3,0.061108,0.195834,0.024647,0,0
8,7,-0.750000,-11.250000,11.300728,11,0.118054,0.652166,0.022771,0,0
8,8,-0.750000,-10.750000,11.022401,5,0.079853,0.363942,0.022149,0,0
8,9,-0.750000,-10.250000,10.321923,13,0.152635,0.716982,0.020654,0,0
8,10,-0.750000,-9.750000,9.889001,8,0.081212,0.547802,0.019779,0,0
8,11,-0.750000,-9.250000,9.448268,15,0.141501,0.766224,0.018927,0,0
8,12,-0.750000,-8.750000,8.863531,17,0.168972,0.808208,0.017856,0,0
8,13,-0.750000,-8.250000,8.363707,17,0.124312,0.808684,0.016995,0,0
8,14,-0.750000,-7.750000,7.899477,21,0.065089,0.871647,0.016240,0,0
8,15,-0.750000,-7.250000,7.410242,29,0.103241,0.937006,0.015491,0,0
8,16,-0.750000,-6.750000,6.933344,32,0.129081,0.951343,0.014807,0,0
8,17,-0.750000,-6.250000,6.424257,39,0.080429,0.970916,0.014127,0,0
8,18,-0.750000,-5.750000,5.940215,51,0.084051,0.986372,0.013529,0,0
8,19,-0.750000,-5.250000,5.458251,64,0.110725,0.991219,0.012979,0,0
8,20,-0.750000,-4.750000,4.970736,87,0.121433,0.992701,0.012471,0,0
8,21,-0.750000,-4.250000,4.574078,64,0.154238,0.992018,0.012092,0,0
8,36,-0.750000,3.250000,3.674750,32,0.301731,0.942100,0.011350,0,0
8,37,-0.750000,3.750000,3.953208,255,1.000000,0.972116,0.011563,0,0
8,38,-0.750000,4.250000,4.416813,149,1.000000,0.919407,0.011951,0,0
8,39,-0.750000,4.750000,4.770963,80,0.727393,0.955858,0.012276,0,0
8,40,-0.750000,5.250000,5.267608,28,0.496200,0.862340,0.012775,0,0
9,0,-0.250000,-14.750000,0.000000,2,0.000000,0.000000,0.010000,0,0
9,1,-0.250000,-14.250000,14.379669,9,0.109610,0.574617,0.030677,0,0
9,2,-0.250000,-13.750000,0.000000,1,0.000000,0.000000,0.010000,0,0
9,3,-0.250000,-13.250000,13.177334,3,0.064211,0.213069,0.027364,0,0
9,4,-0.250000,-12.750000,12.869202,10,0.115707,0.616062,0.026562,0,0
9,6,-0.250000,-11.750000,11.804501,10,0.132635,0.617370,0.023935,0,0
9,7,-0.250000,-11.250000,11.555001,4,0.073881,0.283767,0.023352,0,0
9,8,-0.250000,-10.750000,10.822231,13,0.139625,0.714838,0.021712,0,0
9,9,-0.250000,-10.250000,10.458250,4,0.065745,0.327735,0.020937,0,0
9,10,-0.250000,-9.750000,9.920189,16,0.163874,0.788275,0.019841,0,0
9,11,-0.250000,-9.250000,9.284133,15,0.150067,0.765277,0.018620,0,0
9,12,-0.250000,-8.750000,8.830273,11,0.088782,0.662909,0.017797,0,0
9,13,-0.250000,-8.250000,8.420413,17,0.053945,0.812192,0.017090,0,0
9,14,-0.250000,-7.750000,7.892834,24,0.125928,0.901579,0.016230,0,0
9,15,-0.250000,-7.250000,7.374334,24,0.061897,0.904156,0.015438,0,0
9,16,-0.250000,-6.750000,6.871844,32,0.033944,0.953401,0.014722,0,0
9,17,-0.250000,-6.250000,6.463734,15,0.058909,0.768679,0.014178,0,0
9,18,-0.250000,-5.750000,5.900857,21,0.033200,0.871056,0.013482,0,0
9,19,-0.250000,-5.250000,5.482400,10,0.268086,0.623988,0.013006,0,0
9,20,-0.250000,-4.750000,4.830333,3,0.018908,0.255882,0.012333,0,0
9,21,-0.250000,-4.250000,4.619000,3,0.300208,0.124278,0.012134,0,0
9,36,-0.250000,3.250000,3.617178,28,0.655936,0.887117,0.011308,0,0
9,37,-0.250000,3.750000,3.889284,88,0.274626,0.986948,0.011513,0,0
9,38,-0.250000,4.250000,4.337748,75,0.503878,0.977895,0.011882,0,0
9,39,-0.250000,4.750000,4.820001,9,0.199860,0.589982,0.012323,0,0
9,40,-0.250000,5.250000,5.418931,29,0.251835,0.926870,0.012936,0,0
9,41,-0.250000,5.750000,5.624500,10,1.000000,0.609421,0.013163,0,0
10,0,0.250000,-14.750000,15.046820,11,0.158280,0.652215,0.032641,0,0
10,2,0.250000,-13.750000,13.758000,3,0.065381,0.215937,0.028928,0,0
10,3,0.250000,-13.250000,13.446556,9,0.106578,0.575130,0.028081,0,0
10,5,0.250000,-12.250000,12.343201,10,0.115806,0.616075,0.025235,0,0
10,6,0.250000,-11.750000,12.065001,3,0.065316,0.179748,0.024556,0,0
10,7,0.250000,-11.250000,11.343000,8,0.109672,0.529985,0.022866,0,0
10,8,0.250000,-10.750000,11.077001,6,0.080150,0.405020,0.022270,0,0
10,9,0.250000,-10.250000,10.377126,16,0.185629,0.789273,0.020768,0,0
10,10,0.250000,-9.750000,9.736001,9,0.124522,0.571322,0.019479,0,0
10,11,0.250000,-9.250000,9.533875,8,0.115799,0.522966,0.019089,0,0
10,12,0.250000,-8.750000,8.981833,18,0.186088,0.826195,0.018067,0,0
10,13,0.250000,-8.250000,8.433751,20,0.219866,0.857428,0.017113,0,0
10,14,0.250000,-7.750000,7.941144,21,0.200913,0.870017,0.016306,0,0
10,15,0.250000,-7.250000,7.452682,22,0.236882,0.881633,0.015554,0,0
10,16,0.250000,-6.750000,6.951138,29,0.162706,0.937026,0.014832,0,0
10,17,0.250000,-6.250000,6.449914,23,0.151240,0.892915,0.014160,0,0
10,18,0.250000,-5.750000,5.900684,19,0.117845,0.843193,0.013482,0,0
10,19,0.250000,-5.250000,5.550112,9,0.390304,0.585601,0.013080,0,0
10,20,0.250000,-4.750000,5.062800,5,0.934114,0.381067,0.012563,0,0
10,37,0.250000,3.750000,4.044636,22,0.635586,0.874950,0.011636,0,0
10,38,0.250000,4.250000,4.404000,81,0.982950,0.987131,0.011940,0,0
10,39,0.250000,4.750000,4.830095,85,0.347588,0.965370,0.012333,0,0
10,40,0.250000,5.250000,5.309606,33,0.140249,0.945858,0.012819,0,0
10,41,0.250000,5.750000,5.848344,58,0.667943,0.965818,0.013420,0,0
10,42,0.250000,6.250000,6.270120,25,0.716699,0.907150,0.013931,0,0
10,43,0.250000,6.750000,0.000000,1,0.000000,0.000000,0.010000,0,0
10,44,0.250000,7.250000,0.000000,2,0.000000,0.000000,0.010000,0,0
10,45,0.250000,7.750000,7.795001,4,0.045950,0.318149,0.016076,0,0
10,46,0.250000,8.250000,8.341334,9,0.057687,0.583747,0.016958,0,0
11,0,0.750000,-14.750000,15.529501,4,0.058287,0.282891,0.034117,0,0
11,1,0.750000,-14.250000,14.296000,5,0.080201,0.368589,0.030438,0,0
11,2,0.750000,-13.750000,13.988002,6,0.091478,0.426223,0.029566,0,0
11,4,0.750000,-12.750000,12.826101,10,0.109480,0.614618,0.026451,0,0
11,5,0.750000,-12.250000,0.000000,2,0.000000,0.000000,0.010000,0,0
11,6,0.750000,-11.750000,11.780301,10,0.122217,0.614749,0.023878,0,0
11,7,0.750000,-11.250000,11.542501,4,0.088144,0.293593,0.023323,0,0
11,8,0.750000,-10.750000,10.835847,13,0.150794,0.714904,0.021742,0,0
11,9,0.750000,-10.250000,0.000000,2,0.000000,0.000000,0.010000,0,0
11,10,0.750000,-9.750000,10.035645,14,0.149314,0.741561,0.020071,0,0
11,11,0.750000,-9.250000,9.355824,17,0.186149,0.808464,0.018753,0,0
11,12,0.750000,-8.750000,8.794188,16,0.165650,0.786552,0.017734,0,0
11,13,0.750000,-8.250000,8.324812,16,0.104327,0.785542,0.016930,0,0
11,14,0.750000,-7.750000,7.882300,20,0.121622,0.856565,0.016213,0,0
11,15,0.750000,-7.250000,7.425543,24,0.194997,0.900204,0.015514,0,0
11,16,0.750000,-6.750000,6.953594,32,0.225055,0.950328,0.014835,0,0
11,17,0.750000,-6.250000,6.477361,36,0.185756,0.963391,0.014196,0,0
11,18,0.750000,-5.750000,5.990216,51,0.245063,0.986565,0.013588,0,0
11,19,0.750000,-5.250000,5.516139,58,0.254465,0.990122,0.013043,0,0
11,20,0.750000,-4.750000,5.183061,33,0.303865,0.957348,0.012686,0,0
11,37,0.750000,3.750000,4.116508,59,0.088696,0.991328,0.011695,0,0
11,38,0.750000,4.250000,4.507466,172,0.911311,0.971553,0.012032,0,0
11,39,0.750000,4.750000,4.759316,82,1.000000,0.971989,0.012265,0,0
11,40,0.750000,5.250000,5.346667,3,1.000000,0.258562,0.012859,0,0
11,41,0.750000,5.750000,5.880200,5,1.000000,0.392168,0.013458,0,0
11,42,0.750000,6.250000,6.257700,10,1.000000,0.593650,0.013916,0,0
11,43,0.750000,6.750000,0.000000,2,0.000000,0.000000,0.010000,0,0
11,44,0.750000,7.250000,7.360667,3,0.730278,0.257915,0.015418,0,0
11,45,0.750000,7.750000,7.928333,3,0.458052,0.256508,0.016286,0,0
11,46,0.750000,8.250000,8.416183,11,0.464106,0.659476,0.017083,0,0
11,47,0.750000,8.750000,8.805201,10,0.071487,0.624819,0.017753,0,0
11,48,0.750000,9.250000,9.223001,5,0.034870,0.376817,0.018506,0,0
11,49,0.750000,9.750000,0.000000,1,0.000000,0.000000,0.010000,0,0
11,50,0.750000,10.250000,0.000000,1,0.000000,0.000000,0.010000,0,0
12,0,1.250000,-14.750000,14.778667,6,0.074279,0.412830,0.031841,0,0
12,1,1.250000,-14.250000,14.440501,4,0.061306,0.247429,0.030853,0,0
12,3,1.250000,-13.250000,13.411751,8,0.100912,0.528379,0.027988,0,0
12,4,1.250000,-12.750000,13.109501,4,0.071826,0.264923,0.027186,0,0
12,5,1.250000,-12.250000,12.356334,6,0.101711,0.425195,0.025268,0,0
12,6,1.250000,-11.750000,12.087001,6,0.101021,0.425962,0.024610,0,0
12,7,1.250000,-11.250000,11.328125,8,0.115359,0.528321,0.022833,0,0
12,8,1.250000,-10.750000,11.116400,5,0.099494,0.359128,0.022357,0,0
12,9,1.250000,-10.250000,10.454200,15,0.194155,0.767082,0.020929,0,0
12,10,1.250000,-9.750000,9.809818,11,0.131421,0.647394,0.019623,0,0
12,11,1.250000,-9.250000,9.480430,7,0.086185,0.501092,0.018988,0,0
12,12,1.250000,-8.750000,9.097857,14,0.180673,0.740645,0.018277,0,0
12,13,1.250000,-8.250000,8.595411,17,0.207507,0.807347,0.017388,0,0
12,14,1.250000,-7.750000,8.118633,19,0.213437,0.841359,0.016591,0,0
12,15,1.250000,-7.250000,7.564758,33,0.125597,0.955432,0.015723,0,0
12,16,1.250000,-6.750000,7.036200,30,0.118299,0.941426,0.014951,0,0
12,17,1.250000,-6.250000,6.536684,41,0.122883,0.974010,0.014273,0,0
12,18,1.250000,-5.750000,6.041589,51,0.091976,0.988392,0.013650,0,0
12,19,1.250000,-5.250000,5.559501,64,0.102426,0.992056,0.013091,0,0
12,20,1.250000,-4.750000,5.315333,3,0.330671,0.129634,0.012825,0,0
12,37,1.250000,3.750000,4.280196,77,0.537341,0.962408,0.011832,0,0
12,38,1.250000,4.250000,4.596556,72,0.361734,0.981510,0.012113,0,0
12,39,1.250000,4.750000,5.015816,147,1.000000,0.978563,0.012516,0,0
12,40,1.250000,5.250000,5.609000,18,0.607204,0.826817,0.013146,0,0
12,41,1.250000,5.750000,5.911646,31,0.381305,0.937307,0.013495,0,0
12,42,1.250000,6.250000,6.446500,4,1.000000,0.326607,0.014156,0,0
12,43,1.250000,6.750000,0.000000,1,0.000000,0.000000,0.010000,0,0
12,44,1.250000,7.250000,7.616500,4,1.000000,0.324429,0.015801,0,0
12,45,1.250000,7.750000,8.005616,13,0.266874,0.710279,0.016409,0,0
12,46,1.250000,8.250000,8.380857,7,0.570981,0.485041,0.017024,0,0
12,47,1.250000,8.750000,8.870891,9,0.142074,0.570428,0.017869,0,0
13,0,1.750000,-14.750000,15.208113,9,0.157102,0.579187,0.033129,0,0
13,2,1.750000,-13.750000,13.916857,7,0.097568,0.475314,0.029368,0,0
13,3,1.750000,-13.250000,13.648000,3,0.072517,0.165243,0.028627,0,0
13,4,1.750000,-12.750000,12.870667,3,0.084870,0.221043,0.026565,0,0
13,5,1.750000,-12.250000,12.648251,8,0.108588,0.525538,0.025998,0,0
13,6,1.750000,-11.750000,11.856400,5,0.097614,0.351203,0.024057,0,0
13,7,1.750000,-11.250000,11.604126,8,0.141694,0.531406,0.023466,0,0
13,8,1.750000,-10.750000,10.899778,9,0.123111,0.572182,0.021881,0,0
13,9,1.750000,-10.250000,10.697750,4,0.104271,0.262497,0.021444,0,0
13,10,1.750000,-9.750000,10.092733,15,0.190701,0.766474,0.020186,0,0
13,11,1.750000,-9.250000,9.493375,16,0.186229,0.787735,0.019012,0,0
13,12,1.750000,-8.750000,8.943215,14,0.178202,0.740192,0.017998,0,0
13,13,1.750000,-8.250000,8.492843,19,0.098403,0.842837,0.017213,0,0
13,14,1.750000,-7.750000,8.011421,19,0.097027,0.840498,0.016418,0,0
13,15,1.750000,-7.250000,7.586238,21,0.120513,0.868062,0.015755,0,0
13,16,1.750000,-6.750000,7.221095,21,0.269046,0.868347,0.015214,0,0
13,17,1.750000,-6.250000,6.727414,46,0.116692,0.982485,0.014526,0,0
13,18,1.750000,-5.750000,6.153529,51,0.111489,0.985610,0.013787,0,0
13,19,1.750000,-5.250000,5.689697,56,0.130075,0.988204,0.013237,0,0
13,37,1.750000,3.750000,4.447000,5,0.305667,0.348545,0.011978,0,0
13,38,1.750000,4.250000,4.757386,96,0.867987,0.993523,0.012263,0,0
13,39,1.750000,4.750000,5.219164,73,0.336691,0.993031,0.012724,0,0
13,40,1.750000,5.250000,5.635389,87,0.927212,0.982714,0.013176,0,0
13,41,1.750000,5.750000,6.180556,45,0.981515,0.969261,0.013820,0,0
13,42,1.750000,6.250000,6.537968,30,0.456308,0.922973,0.014275,0,0
13,43,1.750000,6.750000,7.150500,16,0.548618,0.763373,0.015113,0,0
13,44,1.750000,7.250000,7.522001,13,0.436903,0.717755,0.015658,0,0
13,45,1.750000,7.750000,7.925589,17,1.000000,0.798264,0.016281,0,0
14,0,2.250000,-14.750000,15.637601,5,0.079588,0.354884,0.034453,0,0
14,1,2.250000,-14.250000,14.423001,6,0.093234,0.414474,0.030802,0,0
14,2,2.250000,-13.750000,14.160751,4,0.089900,0.303297,0.030053,0,0
14,4,2.250000,-12.750000,13.158545,11,0.154533,0.652196,0.027315,0,0
14,6,2.250000,-11.750000,12.137092,11,0.149566,0.651763,0.024731,0,0
14,7,2.250000,-11.250000,0.000000,1,0.000000,0.000000,0.010000,0,0
14,8,2.250000,-10.750000,11.230167,12,0.164447,0.685771,0.022612,0,0
14,9,2.250000,-10.250000,10.534625,8,0.139359,0.529116,0.021098,0,0
14,10,2.250000,-9.750000,10.350501,6,0.115429,0.404009,0.020713,0,0
14,11,2.250000,-9.250000,9.789071,14,0.173430,0.740476,0.019583,0,0
14,12,2.250000,-8.750000,9.240376,16,0.180184,0.786799,0.018538,0,0
14,13,2.250000,-8.250000,8.707354,17,0.204289,0.806123,0.017582,0,0
14,14,2.250000,-7.750000,8.220944,18,0.234338,0.824156,0.016758,0,0
14,15,2.250000,-7.250000,7.809701,20,0.251718,0.855343,0.016099,0,0
14,16,2.250000,-6.750000,7.286227,40,0.111581,0.975071,0.015309,0,0
14,17,2.250000,-6.250000,6.805681,25,0.091973,0.909147,0.014632,0,0
14,18,2.250000,-5.750000,6.343355,48,0.112623,0.982525,0.014024,0,0
14,19,2.250000,-5.250000,5.868796,54,0.111897,0.987143,0.013444,0,0
14,37,2.250000,3.750000,4.839154,13,1.000000,0.601641,0.012342,0,0
14,38,2.250000,4.250000,5.020979,100,0.482324,0.981640,0.012521,0,0
14,39,2.250000,4.750000,5.448156,64,0.467132,0.991491,0.012968,0,0
14,40,2.250000,5.250000,5.836953,62,0.599278,0.988040,0.013407,0,0
14,41,2.250000,5.750000,6.303914,58,1.000000,0.965457,0.013974,0,0
14,42,2.250000,6.250000,6.665125,24,0.183669,0.893006,0.014442,0,0
14,43,2.250000,6.750000,7.199321,28,0.851313,0.901964,0.015183,0,0
14,44,2.250000,7.250000,7.698407,27,0.601685,0.922879,0.015927,0,0
14,45,2.250000,7.750000,8.144516,33,0.731379,0.950063,0.016633,0,0
14,46,2.250000,8.250000,0.000000,1,0.000000,0.000000,0.010000,0,0
14,47,2.250000,8.750000,0.000000,2,0.000000,0.000000,0.010000,0,0
15,0,2.750000,-14.750000,0.000000,2,0.000000,0.000000,0.010000,0,0
15,1,2.750000,-14.250000,14.770431,7,0.100362,0.473884,0.031817,0,0
15,3,2.750000,-13.250000,13.586601,10,0.128892,0.612029,0.028460,0,0
15,5,2.750000,-12.250000,12.596251,8,0.124303,0.530611,0.025867,0,0
15,6,2.750000,-11.750000,12.397667,3,0.086830,0.180105,0.025370,0,0
15,7,2.750000,-11.250000,11.648751,12,0.174772,0.686450,0.023569,0,0
15,9,2.750000,-10.250000,10.838694,13,0.171647,0.713508,0.021748,0,0
15,10,2.750000,-9.750000,10.142538,13,0.150237,0.711249,0.020287,0,0
15,11,2.750000,-9.250000,9.804502,4,0.047068,0.328474,0.019613,0,0
15,12,2.750000,-8.750000,9.500307,13,0.176589,0.712373,0.019026,0,0
15,13,2.750000,-8.250000,8.980938,16,0.211767,0.786034,0.018066,0,0
15,14,2.750000,-7.750000,8.506277,18,0.230455,0.823709,0.017236,0,0
15,15,2.750000,-7.250000,8.050501,18,0.229189,0.822945,0.016481,0,0
15,16,2.750000,-6.750000,7.470123,41,0.109204,0.977167,0.015580,0,0
15,17,2.750000,-6.250000,6.986728,22,0.292257,0.879901,0.014881,0,0
15,18,2.750000,-5.750000,6.538805,46,0.115341,0.981013,0.014276,0,0
15,19,2.750000,-5.250000,6.065228,22,0.031761,0.876710,0.013679,0,0
15,20,2.750000,-4.750000,5.873200,5,0.311510,0.302117,0.013449,0,0
15,37,2.750000,3.750000,5.008800,10,0.423844,0.628443,0.012509,0,0
15,38,2.750000,4.250000,5.290410,61,0.730638,0.984380,0.012799,0,0
15,39,2.750000,4.750000,5.657098,51,0.194205,0.985710,0.013200,0,0
15,40,2.750000,5.250000,6.045564,62,0.389308,0.990120,0.013655,0,0
15,41,2.750000,5.750000,6.487999,53,0.518809,0.961387,0.014209,0,0
15,42,2.750000,6.250000,6.940323,34,0.557992,0.957714,0.014817,0,0
15,43,2.750000,6.750000,7.418715,35,0.345768,0.957767,0.015504,0,0
15,44,2.750000,7.250000,7.814620,21,0.184108,0.870550,0.016107,0,0
15,45,2.750000,7.750000,8.289333,30,0.066315,0.943898,0.016871,0,0
15,46,2.750000,8.250000,8.918063,16,0.467852,0.787796,0.017953,0,0
15,47,2.750000,8.750000,9.180467,15,0.199868,0.765043,0.018428,0,0
16,0,3.250000,-14.750000,15.336779,9,0.162545,0.574208,0.033522,0,0
16,2,3.250000,-13.750000,14.160200,5,0.105627,0.370463,0.030051,0,0
16,3,3.250000,-13.250000,13.926201,5,0.096562,0.361824,0.029394,0,0
16,4,3.250000,-12.750000,0.000000,2,0.000000,0.000000,0.010000,0,0
16,5,3.250000,-12.250000,12.923112,9,0.156636,0.576445,0.026701,0,0
16,7,3.250000,-11.250000,12.001273,11,0.164154,0.651147,0.024403,0,0
16,8,3.250000,-10.750000,11.247334,6,0.123606,0.410214,0.022650,0,0
16,9,3.250000,-10.250000,11.096500,6,0.116652,0.410624,0.022313,0,0
16,10,3.250000,-9.750000,10.452230,13,0.166730,0.713260,0.020925,0,0
16,11,3.250000,-9.250000,9.810801,15,0.183881,0.763788,0.019625,0,0
16,13,3.250000,-8.250000,9.244125,16,0.210392,0.785619,0.018545,0,0
16,14,3.250000,-7.750000,8.764060,17,0.201099,0.805443,0.017681,0,0
16,15,3.250000,-7.250000,8.289833,18,0.229119,0.823272,0.016872,0,0
16,16,3.250000,-6.750000,7.699975,38,0.136779,0.971957,0.015929,0,0
16,17,3.250000,-6.250000,7.152540,13,0.202946,0.704312,0.015116,0,0
16,18,3.250000,-5.750000,6.803334,6,0.236755,0.383833,0.014629,0,0
16,19,3.250000,-5.250000,6.415667,3,0.270847,0.142054,0.014116,0,0
16,20,3.250000,-4.750000,6.120183,11,0.343533,0.641857,0.013746,0,0
16,37,3.250000,3.750000,5.338593,27,0.191490,0.925050,0.012850,0,0
16,38,3.250000,4.250000,5.528678,59,0.273924,0.988624,0.013057,0,0
16,39,3.250000,4.750000,5.861623,53,0.226555,0.986980,0.013436,0,0
16,40,3.250000,5.250000,6.325715,56,0.419118,0.989295,0.014001,0,0
16,41,3.250000,5.750000,6.775818,44,0.291081,0.978720,0.014591,0,0
16,42,3.250000,6.250000,7.154395,38,0.338551,0.968550,0.015119,0,0
16,43,3.250000,6.750000,7.630800,50,0.868898,0.974412,0.015823,0,0
16,44,3.250000,7.250000,8.031407,27,0.222216,0.906959,0.016450,0,0
16,45,3.250000,7.750000,8.403369,19,0.124870,0.832482,0.017062,0,0
16,46,3.250000,8.250000,8.982917,12,0.067065,0.692250,0.018069,0,0
16,47,3.250000,8.750000,9.284723,18,0.504392,0.820320,0.018621,0,0
16,48,3.250000,9.250000,0.000000,2,0.000000,0.000000,0.010000,0,0
16,49,3.250000,9.750000,0.000000,1,0.000000,0.000000,0.010000,0,0
17,0,3.750000,-14.750000,15.813377,8,0.146624,0.529180,0.035006,0,0
17,2,3.750000,-13.750000,14.487778,9,0.112096,0.568485,0.030990,0,0
17,4,3.750000,-12.750000,13.337003,10,0.164964,0.616167,0.027788,0,0
17,6,3.750000,-11.750000,12.378917,12,0.162581,0.681944,0.025324,0,0
17,8,3.750000,-10.750000,11.507918,12,0.190009,0.683754,0.023243,0,0
17,10,3.750000,-9.750000,10.761461,13,0.159944,0.711961,0.021581,0,0
17,11,3.750000,-9.250000,10.114715,14,0.178923,0.739809,0.020231,0,0
17,12,3.750000,-8.750000,9.521462,13,0.168725,0.712410,0.019066,0,0
17,13,3.750000,-8.250000,0.000000,2,0.000000,0.000000,0.010000,0,0
17,14,3.750000,-7.750000,8.988313,16,0.213206,0.785016,0.018079,0,0
17,15,3.750000,-7.250000,8.529564,16,0.190877,0.784675,0.017275,0,0
17,16,3.750000,-6.750000,8.036626,8,0.189162,0.508210,0.016459,0,0
17,18,3.750000,-5.750000,7.116251,8,0.237728,0.506162,0.015064,0,0
17,19,3.750000,-5.250000,6.655094,32,0.105018,0.952373,0.014429,0,0
17,20,3.750000,-4.750000,6.317001,44,0.089104,0.979799,0.013990,0,0
17,37,3.750000,3.750000,5.527567,37,0.344341,0.962941,0.013055,0,0
17,38,3.750000,4.250000,5.882860,57,0.253878,0.987896,0.013461,0,0
17,39,3.750000,4.750000,6.205891,64,0.390544,0.990192,0.013851,0,0
17,40,3.750000,5.250000,6.663289,45,0.176993,0.979960,0.014440,0,0
17,41,3.750000,5.750000,6.936687,32,0.416888,0.951578,0.014812,0,0
17,42,3.750000,6.250000,7.425030,33,0.621082,0.953364,0.015513,0,0
17,43,3.750000,6.750000,7.818568,30,0.356111,0.940785,0.016113,0,0
17,44,3.750000,7.250000,8.253913,23,0.593613,0.880076,0.016813,0,0
17,45,3.750000,7.750000,8.651910,11,0.386728,0.657193,0.017486,0,0
17,46,3.750000,8.250000,9.046000,16,0.753887,0.786575,0.018183,0,0
17,47,3.750000,8.750000,9.735429,7,0.071087,0.483899,0.019478,0,0
17,48,3.750000,9.250000,9.918001,5,0.052763,0.347028,0.019837,0,0
17,49,3.750000,9.750000,10.313444,9,0.045100,0.562497,0.020637,0,0
18,0,4.250000,-14.750000,0.000000,2,0.000000,0.000000,0.010000,0,0
18,1,4.250000,-14.250000,14.916715,7,0.114870,0.472292,0.032251,0,0
18,2,4.250000,-13.750000,0.000000,1,0.000000,0.000000,0.010000,0,0
18,4,4.250000,-12.750000,13.703555,9,0.146703,0.573729,0.028779,0,0
18,6,4.250000,-11.750000,12.747401,10,0.123818,0.606183,0.026250,0,0
18,8,4.250000,-10.750000,11.825546,11,0.154258,0.648043,0.023984,0,0
18,9,4.250000,-10.250000,11.120858,7,0.129323,0.466035,0.022367,0,0
18,10,4.250000,-9.750000,10.965001,5,0.131019,0.353123,0.022023,0,0
18,11,4.250000,-9.250000,10.387847,13,0.193048,0.713153,0.020791,0,0
18,12,4.250000,-8.750000,9.779202,15,0.195304,0.763505,0.019563,0,0
18,14,4.250000,-7.750000,9.168001,7,0.158194,0.459548,0.018405,0,0
18,17,4.250000,-6.250000,7.837222,9,0.124157,0.590222,0.016142,0,0
18,18,4.250000,-5.750000,7.382401,35,0.168280,0.964050,0.015450,0,0
18,19,4.250000,-5.250000,6.973840,31,0.107604,0.946672,0.014863,0,0
18,20,4.250000,-4.750000,6.607750,32,0.090056,0.951759,0.014366,0,0
18,21,4.250000,-4.250000,6.373500,28,0.293037,0.931749,0.014062,0,0
18,36,4.250000,3.250000,0.000000,1,0.000000,0.000000,0.010000,0,0
18,37,4.250000,3.750000,5.904832,54,0.243232,0.989000,0.013487,0,0
18,38,4.250000,4.250000,6.172097,52,0.205314,0.985650,0.013809,0,0
18,39,4.250000,4.750000,6.535698,43,0.237936,0.978733,0.014272,0,0
18,40,4.250000,5.250000,6.953144,35,0.266458,0.957771,0.014835,0,0
18,41,4.250000,5.750000,7.306160,25,0.155925,0.908696,0.015338,0,0
18,42,4.250000,6.250000,7.652126,32,0.200460,0.949444,0.015856,0,0
18,43,4.250000,6.750000,8.043344,35,0.317126,0.957908,0.016470,0,0
18,44,4.250000,7.250000,8.533769,26,0.110444,0.914909,0.017283,0,0
18,45,4.250000,7.750000,8.936728,22,0.818226,0.878361,0.017987,0,0
18,46,4.250000,8.250000,9.416101,10,0.106869,0.626553,0.018866,0,0
18,47,4.250000,8.750000,9.865334,9,0.318082,0.579417,0.019732,0,0
18,48,4.250000,9.250000,10.096001,6,1.000000,0.439968,0.020193,0,0
19,0,4.750000,-14.750000,0.000000,2,0.000000,0.000000,0.010000,0,0
19,1,4.750000,-14.250000,15.285857,7,0.112620,0.473310,0.033366,0,0
19,3,4.750000,-13.250000,14.105499,10,0.152141,0.610175,0.029897,0,0
19,5,4.750000,-12.250000,13.217251,4,0.099787,0.273877,0.027470,0,0
19,6,4.750000,-11.750000,12.982001,6,0.116787,0.412595,0.026853,0,0
19,7,4.750000,-11.250000,12.261601,5,0.113777,0.337013,0.025035,0,0
19,8,4.750000,-10.750000,12.099572,7,0.115816,0.461262,0.024640,0,0
19,9,4.750000,-10.250000,11.348418,12,0.164928,0.682234,0.022879,0,0
19,11,4.750000,-9.250000,10.640585,12,0.160674,0.678976,0.021322,0,0
19,12,4.750000,-8.750000,0.000000,1,0.000000,0.000000,0.010000,0,0
19,15,4.750000,-7.250000,0.000000,1,0.000000,0.000000,0.010000,0,0
19,16,4.750000,-6.750000,8.567668,12,0.231678,0.678420,0.017340,0,0
19,17,4.750000,-6.250000,8.117250,20,0.249342,0.853849,0.016589,0,0
19,18,4.750000,-5.750000,7.739773,22,0.197349,0.879414,0.015990,0,0
19,19,4.750000,-5.250000,7.349965,28,0.110344,0.929849,0.015402,0,0
19,20,4.750000,-4.750000,6.973605,38,0.082350,0.970387,0.014863,0,0
19,21,4.750000,-4.250000,6.645250,8,0.128719,0.547289,0.014416,0,0
19,22,4.750000,-3.750000,6.484201,5,0.307822,0.350364,0.014204,0,0
19,34,4.750000,2.250000,5.768625,8,0.293192,0.497300,0.013328,0,0
19,35,4.750000,2.750000,5.828759,29,0.377822,0.930191,0.013397,0,0
19,36,4.750000,3.250000,6.044516,33,0.376879,0.945284,0.013654,0,0
19,37,4.750000,3.750000,6.289800,35,0.164483,0.959154,0.013956,0,0
19,38,4.750000,4.250000,6.613720,50,0.365913,0.980548,0.014374,0,0
19,39,4.750000,4.750000,6.905781,32,0.254413,0.951635,0.014769,0,0
19,40,4.750000,5.250000,7.224353,37,0.424708,0.962087,0.015219,0,0
19,41,4.750000,5.750000,7.502938,16,0.270969,0.785121,0.015629,0,0
19,42,4.750000,6.250000,7.996367,30,0.349452,0.939075,0.016394,0,0
19,43,4.750000,6.750000,8.412875,24,0.299586,0.896544,0.017078,0,0
19,44,4.750000,7.250000,8.803850,20,0.683238,0.855090,0.017751,0,0
19,45,4.750000,7.750000,9.266000,19,0.199927,0.843665,0.018586,0,0
19,46,4.750000,8.250000,9.498846,13,0.561383,0.716378,0.019023,0,0
19,47,4.750000,8.750000,10.012501,4,0.126143,0.326182,0.020025,0,0
19,48,4.750000,9.250000,10.476000,5,0.051404,0.325045,0.020975,0,0
19,50,4.750000,10.250000,11.349668,3,0.042446,0.162531,0.022881,0,0
20,0,5.250000,-14.750000,15.794750,8,0.155235,0.531808,0.034947,0,0
20,3,5.250000,-13.250000,14.474779,9,0.140901,0.572693,0.030952,0,0
20,5,5.250000,-12.250000,13.421499,10,0.149626,0.611960,0.028014,0,0
20,7,5.250000,-11.250000,12.502701,10,0.149407,0.606379,0.025632,0,0
20,9,5.250000,-10.250000,11.629601,10,0.157277,0.610205,0.023525,0,0
20,14,5.250000,-7.750000,9.779667,3,0.163630,0.184813,0.019564,0,0
20,15,5.250000,-7.250000,9.204666,15,0.201880,0.761724,0.018473,0,0
20,16,5.250000,-6.750000,8.737160,19,0.200004,0.839431,0.017634,0,0
20,17,5.250000,-6.250000,8.299810,21,0.247120,0.867529,0.016889,0,0
20,18,5.250000,-5.750000,7.881834,18,0.256675,0.821210,0.016212,0,0
20,19,5.250000,-5.250000,7.617130,23,0.157044,0.893519,0.015802,0,0
20,20,5.250000,-4.750000,7.281000,10,0.076811,0.628415,0.015301,0,0
20,21,5.250000,-4.250000,7.065384,13,0.148388,0.723571,0.014992,0,0
20,33,5.250000,1.750000,6.006000,11,0.289137,0.631162,0.013607,0,0
20,34,5.250000,2.250000,5.976305,46,0.096781,0.980752,0.013572,0,0
20,35,5.250000,2.750000,6.136256,47,0.215829,0.973433,0.013765,0,0
20,36,5.250000,3.250000,6.430334,48,0.396889,0.960632,0.014135,0,0
20,37,5.250000,3.750000,6.650000,9,0.287640,0.584142,0.014422,0,0
20,38,5.250000,4.250000,6.893733,30,0.376642,0.943038,0.014752,0,0
20,39,5.250000,4.750000,7.242294,41,0.376062,0.974787,0.015245,0,0
20,40,5.250000,5.250000,7.620518,29,0.311094,0.931744,0.015807,0,0
20,41,5.250000,5.750000,7.898572,14,0.172546,0.744810,0.016239,0,0
20,42,5.250000,6.250000,8.319741,27,0.292837,0.922622,0.016922,0,0
20,43,5.250000,6.750000,8.677644,14,0.196341,0.741880,0.017530,0,0
20,44,5.250000,7.250000,8.974126,16,0.459289,0.789238,0.018053,0,0
20,45,5.250000,7.750000,9.496001,15,0.586879,0.767999,0.019017,0,0
20,46,5.250000,8.250000,9.875817,22,0.256360,0.863283,0.019753,0,0
20,47,5.250000,8.750000,10.231401,10,0.360112,0.613890,0.020468,0,0
20,48,5.250000,9.250000,0.000000,1,0.000000,0.000000,0.010000,0,0
20,49,5.250000,9.750000,11.141001,4,0.060596,0.296291,0.022412,0,0
21,0,5.750000,-14.750000,16.222715,7,0.169785,0.481690,0.036318,0,0
21,2,5.750000,-13.750000,14.906334,6,0.114163,0.416517,0.032220,0,0
21,3,5.750000,-13.250000,0.000000,2,0.000000,0.000000,0.010000,0,0
21,5,5.750000,-12.250000,13.737112,9,0.120505,0.565989,0.028871,0,0
21,7,5.750000,-11.250000,12.798910,11,0.159540,0.647164,0.026381,0,0
21,12,5.750000,-8.750000,10.627001,3,0.150629,0.186423,0.021293,0,0
21,14,5.750000,-7.750000,9.930564,16,0.196179,0.784245,0.019862,0,0
21,15,5.750000,-7.250000,9.400001,18,0.216595,0.822868,0.018836,0,0
21,16,5.750000,-6.750000,8.878601,10,0.205510,0.603826,0.017883,0,0
21,17,5.750000,-6.250000,8.968445,9,0.202710,0.563018,0.018043,0,0
21,18,5.750000,-5.750000,8.461525,21,0.218178,0.867792,0.017160,0,0
21,19,5.750000,-5.250000,8.017385,13,0.204728,0.703827,0.016428,0,0
21,20,5.750000,-4.750000,7.647875,8,0.251583,0.503562,0.015849,0,0
21,24,5.750000,-2.750000,6.679462,26,0.277883,0.916899,0.014462,0,0
21,25,5.750000,-2.250000,6.683818,11,0.315436,0.633122,0.014467,0,0
21,31,5.750000,0.750000,6.251471,17,0.307161,0.798456,0.013908,0,0
21,32,5.750000,1.250000,6.225621,29,0.245345,0.937439,0.013876,0,0
21,33,5.750000,1.750000,6.259233,43,0.104419,0.977826,0.013918,0,0
21,34,5.750000,2.250000,6.406619,42,0.105020,0.976146,0.014104,0,0
21,35,5.750000,2.750000,6.574317,38,0.089061,0.967295,0.014322,0,0
21,36,5.750000,3.250000,6.788401,35,0.123394,0.961871,0.014608,0,0
21,37,5.750000,3.750000,7.018144,42,0.256117,0.973087,0.014925,0,0
21,38,5.750000,4.250000,7.386648,17,0.209691,0.814041,0.015456,0,0
21,39,5.750000,4.750000,7.686240,25,0.231392,0.907305,0.015908,0,0
21,40,5.750000,5.250000,7.983334,39,0.307423,0.970549,0.016373,0,0
21,41,5.750000,5.750000,8.391616,13,0.251589,0.715288,0.017042,0,0
21,42,5.750000,6.250000,8.608421,19,0.082430,0.838099,0.017410,0,0
21,43,5.750000,6.750000,9.023215,14,0.196471,0.742827,0.018142,0,0
21,44,5.750000,7.250000,9.347000,14,0.251566,0.741677,0.018737,0,0
21,45,5.750000,7.750000,9.760383,21,0.263359,0.868582,0.019527,0,0
21,46,5.750000,8.250000,10.089200,25,0.877364,0.877828,0.020179,0,0
21,48,5.750000,9.250000,0.000000,2,0.000000,0.000000,0.010000,0,0
21,49,5.750000,9.750000,11.123334,3,0.050067,0.202522,0.022373,0,0
22,0,6.250000,-14.750000,16.604502,8,0.126528,0.522426,0.037571,0,0
22,2,6.250000,-13.750000,15.273780,9,0.141277,0.567469,0.033329,0,0
22,5,6.250000,-12.250000,14.108000,10,0.130535,0.605858,0.029904,0,0
22,12,6.250000,-8.750000,10.730667,9,0.172177,0.566992,0.021515,0,0
22,13,6.250000,-8.250000,10.857801,5,0.142752,0.331156,0.021789,0,0
22,14,6.250000,-7.750000,10.154534,15,0.190152,0.762287,0.020311,0,0
22,15,6.250000,-7.250000,9.531501,6,0.178712,0.393633,0.019085,0,0
22,16,6.250000,-6.750000,9.623181,11,0.197238,0.642450,0.019261,0,0
22,17,6.250000,-6.250000,9.093950,20,0.239592,0.853915,0.018270,0,0
22,18,6.250000,-5.750000,8.559875,8,0.194436,0.506203,0.017327,0,0
22,19,6.250000,-5.250000,8.321502,6,0.145433,0.449159,0.016925,0,0
22,20,6.250000,-4.750000,8.161334,3,0.224573,0.152039,0.016661,0,0
22,23,6.250000,-3.250000,7.299938,16,0.084304,0.793082,0.015329,0,0
22,24,6.250000,-2.750000,7.069750,28,0.345703,0.931848,0.014998,0,0
22,25,6.250000,-2.250000,6.918920,37,0.081510,0.969258,0.014787,0,0
22,26,6.250000,-1.750000,6.701053,19,0.300437,0.835411,0.014490,0,0
22,28,6.250000,-0.750000,6.445333,9,0.311760,0.547862,0.014154,0,0
22,29,6.250000,-0.250000,6.458231,26,0.263663,0.916648,0.014171,0,0
22,30,6.250000,0.250000,6.468632,38,0.174877,0.972363,0.014184,0,0
22,31,6.250000,0.750000,6.563109,37,0.113665,0.967689,0.014307,0,0
22,32,6.250000,1.250000,6.607250,28,0.059508,0.930938,0.014366,0,0
22,33,6.250000,1.750000,6.737812,37,0.103772,0.966654,0.014540,0,0
22,34,6.250000,2.250000,6.867772,35,0.096491,0.960138,0.014717,0,0
22,35,6.250000,2.750000,7.035468,32,0.119418,0.950025,0.014950,0,0
22,36,6.250000,3.250000,7.241711,31,0.120353,0.946812,0.015244,0,0
22,37,6.250000,3.750000,7.487242,29,0.253683,0.937435,0.015606,0,0
22,38,6.250000,4.250000,7.822948,19,0.217316,0.839874,0.016120,0,0
22,39,6.250000,4.750000,7.997555,18,0.655077,0.822978,0.016396,0,0
22,40,6.250000,5.250000,8.305588,17,0.216615,0.806061,0.016898,0,0
22,41,6.250000,5.750000,8.698301,20,0.175369,0.853699,0.017566,0,0
22,42,6.250000,6.250000,9.027687,16,0.163845,0.785442,0.018150,0,0
22,43,6.250000,6.750000,9.354942,17,0.084701,0.804855,0.018751,0,0
22,44,6.250000,7.250000,9.637286,14,0.139711,0.735211,0.019288,0,0
22,45,6.250000,7.750000,10.028934,15,0.307547,0.767551,0.020058,0,0
22,46,6.250000,8.250000,10.438834,6,0.182022,0.443865,0.020897,0,0
22,47,6.250000,8.750000,10.766638,11,0.671933,0.655504,0.021592,0,0
22,48,6.250000,9.250000,0.000000,2,0.000000,0.000000,0.010000,0,0
23,0,6.750000,-14.750000,16.998501,6,0.107750,0.413566,0.038895,0,0
23,2,6.750000,-13.750000,15.652500,8,0.143807,0.524949,0.034500,0,0
23,5,6.750000,-12.250000,14.289250,4,0.101386,0.247087,0.030418,0,0
23,11,6.750000,-9.250000,11.709847,13,0.175996,0.709785,0.023712,0,0
23,13,6.750000,-8.250000,11.015230,13,0.195493,0.710071,0.022134,0,0
23,14,6.750000,-7.750000,10.345155,13,0.198524,0.709450,0.020702,0,0
23,15,6.750000,-7.250000,10.456334,3,0.167413,0.161950,0.020933,0,0
23,16,6.750000,-6.750000,9.797389,18,0.237225,0.822942,0.019599,0,0
23,17,6.750000,-6.250000,9.196800,5,0.203402,0.346809,0.018458,0,0
23,18,6.750000,-5.750000,0.000000,2,0.000000,0.000000,0.010000,0,0
23,19,6.750000,-5.250000,8.717000,6,0.209880,0.389815,0.017599,0,0
23,23,6.750000,-3.250000,7.796499,26,0.076405,0.918718,0.016079,0,0
23,24,6.750000,-2.750000,7.476958,24,0.230434,0.899965,0.015590,0,0
23,25,6.750000,-2.250000,7.426481,27,0.063717,0.923589,0.015515,0,0
23,26,6.750000,-1.750000,7.197365,22,0.099267,0.883870,0.015180,0,0
23,28,6.750000,-0.750000,7.050239,21,0.125812,0.873122,0.014971,0,0
23,29,6.750000,-0.250000,6.961416,36,0.145275,0.967876,0.014846,0,0
23,30,6.750000,0.250000,6.995242,29,0.154061,0.940434,0.014893,0,0
23,31,6.750000,0.750000,7.055334,24,0.297135,0.900074,0.014978,0,0
23,32,6.750000,1.250000,7.035553,29,0.098577,0.936053,0.014950,0,0
23,33,6.750000,1.750000,7.230075,27,0.283010,0.926385,0.015227,0,0
23,34,6.750000,2.250000,7.366251,28,0.133690,0.928991,0.015426,0,0
23,35,6.750000,2.750000,7.508370,27,0.091107,0.925427,0.015638,0,0
23,36,6.750000,3.250000,7.718084,24,0.092860,0.903164,0.015957,0,0
23,37,6.750000,3.750000,7.930699,20,0.076613,0.859673,0.016290,0,0
23,38,6.750000,4.250000,8.092964,28,0.150930,0.924155,0.016550,0,0
23,39,6.750000,4.750000,8.417601,10,0.224005,0.606344,0.017086,0,0
23,40,6.750000,5.250000,8.804354,17,0.090661,0.799771,0.017752,0,0
23,41,6.750000,5.750000,9.056833,18,0.014117,0.829105,0.018203,0,0
23,42,6.750000,6.250000,9.205001,12,0.018591,0.688927,0.018473,0,0
23,43,6.750000,6.750000,9.584668,15,0.167256,0.765308,0.019187,0,0
23,44,6.750000,7.250000,9.979556,9,0.222519,0.583065,0.019959,0,0
23,45,6.750000,7.750000,10.383667,12,0.186436,0.685236,0.020782,0,0
23,46,6.750000,8.250000,10.686546,11,0.501971,0.657189,0.021420,0,0
23,47,6.750000,8.750000,11.068286,7,0.123945,0.491546,0.022251,0,0
23,48,6.750000,9.250000,11.470556,9,0.306731,0.585157,0.023157,0,0
23,49,6.750000,9.750000,0.000000,1,0.000000,0.000000,0.010000,0,0
24,1,7.250000,-14.250000,16.075573,7,0.111258,0.461744,0.035842,0,0
24,9,7.250000,-10.250000,12.846285,7,0.140000,0.468751,0.026503,0,0
24,11,7.250000,-9.250000,11.958771,13,0.178453,0.708531,0.024301,0,0
24,13,7.250000,-8.250000,11.235667,15,0.170406,0.761321,0.022624,0,0
24,15,7.250000,-7.250000,10.558624,16,0.202556,0.783627,0.021148,0,0
24,16,7.250000,-6.750000,9.882168,6,0.176920,0.393430,0.019766,0,0
24,18,7.250000,-5.750000,9.370001,6,0.187491,0.391455,0.018780,0,0
24,22,7.250000,-3.750000,8.413667,12,0.205970,0.672624,0.017079,0,0
24,23,7.250000,-3.250000,8.268119,17,0.151280,0.813142,0.016836,0,0
24,24,7.250000,-2.750000,7.915819,22,0.188844,0.878718,0.016266,0,0
24,25,7.250000,-2.250000,7.911909,22,0.226850,0.878738,0.016260,0,0
24,26,7.250000,-1.750000,7.876500,4,0.235084,0.248851,0.016204,0,0
24,28,7.250000,-0.750000,7.647187,16,0.075184,0.787088,0.015848,0,0
24,29,7.250000,-0.250000,7.409934,15,0.106214,0.771674,0.015491,0,0
24,30,7.250000,0.250000,7.533720,25,0.133577,0.912448,0.015676,0,0
24,31,7.250000,0.750000,7.524087,23,0.272731,0.890441,0.015661,0,0
24,32,7.250000,1.250000,7.525231,26,0.133557,0.919480,0.015663,0,0
24,33,7.250000,1.750000,7.708919,25,0.226774,0.910724,0.015943,0,0
24,34,7.250000,2.250000,7.852088,23,0.100704,0.892109,0.016166,0,0
24,35,7.250000,2.750000,7.955842,19,0.086614,0.845904,0.016330,0,0
24,36,7.250000,3.250000,8.088176,17,0.073041,0.810080,0.016542,0,0
24,37,7.250000,3.750000,8.278893,19,0.221171,0.839945,0.016854,0,0
24,38,7.250000,4.250000,8.549370,19,0.220759,0.840946,0.017309,0,0
24,39,7.250000,4.750000,8.866929,14,0.074313,0.748153,0.017862,0,0
24,40,7.250000,5.250000,9.128000,5,0.151585,0.332800,0.018332,0,0
24,41,7.250000,5.750000,9.463800,10,0.273652,0.624756,0.018956,0,0
24,42,7.250000,6.250000,9.804890,9,0.222445,0.582274,0.019614,0,0
24,43,7.250000,6.750000,10.212714,7,0.081189,0.497878,0.020430,0,0
24,44,7.250000,7.250000,10.347501,12,0.174834,0.685769,0.020707,0,0
24,45,7.250000,7.750000,10.768779,9,0.113167,0.566454,0.021597,0,0
24,46,7.250000,8.250000,11.106334,9,0.143475,0.575286,0.022335,0,0
24,47,7.250000,8.750000,11.565667,9,0.122268,0.576614,0.023376,0,0
24,48,7.250000,9.250000,12.001430,7,0.086447,0.470786,0.024403,0,0
24,49,7.250000,9.750000,12.199668,6,0.098939,0.434964,0.024883,0,0
24,50,7.250000,10.250000,12.420001,3,0.051531,0.179635,0.025426,0,0
25,9,7.750000,-10.250000,13.085728,11,0.150644,0.644107,0.027124,0,0
25,11,7.750000,-9.250000,12.241637,11,0.166078,0.646082,0.024986,0,0
25,13,7.750000,-8.250000,11.446143,14,0.185315,0.736405,0.023101,0,0
25,15,7.750000,-7.250000,10.705112,9,0.156449,0.557019,0.021460,0,0
25,17,7.750000,-6.250000,10.090667,9,0.167843,0.558043,0.020182,0,0
25,22,7.750000,-3.750000,8.993556,18,0.209906,0.821113,0.018088,0,0
25,23,7.750000,-3.250000,8.433666,9,0.221799,0.554703,0.017113,0,0
25,24,7.750000,-2.750000,8.438137,22,0.189379,0.879021,0.017120,0,0
25,25,7.750000,-2.250000,8.422443,18,0.194686,0.820505,0.017094,0,0
25,28,7.750000,-0.750000,8.200313,16,0.212098,0.781038,0.016725,0,0
25,29,7.750000,-0.250000,8.012640,39,0.026357,0.968133,0.016420,0,0
25,30,7.750000,0.250000,7.967464,28,0.110224,0.929193,0.016348,0,0
25,31,7.750000,0.750000,8.026773,22,0.278607,0.879708,0.016443,0,0
25,32,7.750000,1.250000,7.905188,16,0.201864,0.781253,0.016249,0,0
25,33,7.750000,1.750000,8.253565,23,0.268609,0.891575,0.016812,0,0
25,34,7.750000,2.250000,8.297801,15,0.092036,0.773287,0.016885,0,0
25,35,7.750000,2.750000,8.344834,18,0.248381,0.823678,0.016964,0,0
25,36,7.750000,3.250000,8.621000,22,0.229858,0.881620,0.017432,0,0
25,37,7.750000,3.750000,8.866778,18,0.253871,0.824514,0.017862,0,0
25,38,7.750000,4.250000,9.117092,11,0.069743,0.662003,0.018312,0,0
25,39,7.750000,4.750000,9.156533,15,0.141530,0.770217,0.018384,0,0
25,40,7.750000,5.250000,9.585100,10,0.190806,0.622601,0.019187,0,0
25,41,7.750000,5.750000,9.734251,4,0.139912,0.273890,0.019476,0,0
25,42,7.750000,6.250000,10.119925,13,0.162850,0.709567,0.020241,0,0
25,43,7.750000,6.750000,10.501819,11,0.184664,0.647025,0.021029,0,0
25,44,7.750000,7.250000,10.657400,5,0.122328,0.388871,0.021358,0,0
25,45,7.750000,7.750000,11.013072,14,0.153924,0.738476,0.022129,0,0
25,46,7.750000,8.250000,11.522834,12,0.091677,0.675018,0.023278,0,0
25,47,7.750000,8.750000,11.923000,4,0.083859,0.284247,0.024216,0,0
25,48,7.750000,9.250000,12.324091,11,0.262153,0.656631,0.025188,0,0
25,49,7.750000,9.750000,12.467751,4,0.226884,0.325326,0.025544,0,0
25,50,7.750000,10.250000,0.000000,2,0.000000,0.000000,0.010000,0,0
26,7,8.250000,-11.250000,14.310223,9,0.157126,0.570550,0.030478,0,0
26,9,8.250000,-10.250000,13.329365,11,0.179264,0.646906,0.027767,0,0
26,11,8.250000,-9.250000,12.372714,7,0.143380,0.455489,0.025308,0,0
26,12,8.250000,-8.750000,12.477501,6,0.143050,0.398961,0.025569,0,0
26,13,8.250000,-8.250000,0.000000,1,0.000000,0.000000,0.010000,0,0
26,14,8.250000,-7.750000,11.647462,13,0.149444,0.706452,0.023566,0,0
26,16,8.250000,-6.750000,10.945556,9,0.161835,0.557641,0.021981,0,0
26,21,8.250000,-4.250000,9.685200,10,0.203903,0.600338,0.019380,0,0
26,22,8.250000,-3.750000,9.034000,5,0.197413,0.321067,0.018161,0,0
26,23,8.250000,-3.250000,9.021351,20,0.238449,0.853045,0.018138,0,0
26,24,8.250000,-2.750000,9.015474,19,0.203567,0.837937,0.018128,0,0
26,25,8.250000,-2.250000,8.981636,11,0.203457,0.638609,0.018067,0,0
26,28,8.250000,-0.750000,8.745187,16,0.207408,0.784309,0.017648,0,0
26,29,8.250000,-0.250000,8.674370,19,0.188363,0.838016,0.017524,0,0
26,30,8.250000,0.250000,8.656363,11,0.247317,0.662133,0.017493,0,0
26,31,8.250000,0.750000,8.602500,20,0.270450,0.854406,0.017400,0,0
26,32,8.250000,1.250000,8.456619,21,0.226365,0.867147,0.017151,0,0
26,33,8.250000,1.750000,8.852201,10,0.199311,0.606069,0.017836,0,0
26,34,8.250000,2.250000,8.671236,17,0.226485,0.804839,0.017519,0,0
26,35,8.250000,2.750000,8.950451,20,0.266839,0.856223,0.018011,0,0
26,36,8.250000,3.250000,9.163728,11,0.093505,0.661663,0.018397,0,0
26,37,8.250000,3.750000,9.087600,10,0.178830,0.605981,0.018258,0,0
26,38,8.250000,4.250000,9.442112,18,0.206850,0.824439,0.018915,0,0
26,39,8.250000,4.750000,9.747534,15,0.181192,0.764882,0.019501,0,0
26,40,8.250000,5.250000,10.086501,8,1.000000,0.544174,0.020174,0,0
26,41,8.250000,5.750000,0.000000,1,0.000000,0.000000,0.010000,0,0
26,42,8.250000,6.250000,10.464751,8,0.129425,0.508062,0.020951,0,0
26,43,8.250000,6.750000,10.795001,11,0.149564,0.648703,0.021653,0,0
26,44,8.250000,7.250000,11.181667,3,0.103266,0.213506,0.022503,0,0
26,45,8.250000,7.750000,11.405428,7,0.151904,0.489311,0.023008,0,0
26,46,8.250000,8.250000,11.906112,9,0.126904,0.576617,0.024176,0,0
26,47,8.250000,8.750000,12.292000,3,0.088793,0.239354,0.025109,0,0
26,48,8.250000,9.250000,12.365375,8,0.120230,0.539616,0.025290,0,0
26,49,8.250000,9.750000,12.876715,7,0.092316,0.474141,0.026581,0,0
26,50,8.250000,10.250000,13.322222,9,0.070084,0.555727,0.027748,0,0
26,51,8.250000,10.750000,13.601334,6,0.060085,0.406098,0.028500,0,0
27,7,8.750000,-11.250000,14.551334,9,0.143630,0.560259,0.031174,0,0
27,9,8.750000,-10.250000,13.589801,10,0.147297,0.604523,0.028468,0,0
27,12,8.750000,-8.750000,12.671085,12,0.166624,0.677092,0.026056,0,0
27,14,8.750000,-7.750000,0.000000,1,0.000000,0.000000,0.010000,0,0
27,15,8.750000,-7.250000,0.000000,1,0.000000,0.000000,0.010000,0,0
27,21,8.750000,-4.250000,9.727667,3,0.209034,0.156785,0.019463,0,0
27,22,8.750000,-3.750000,9.721210,19,0.198903,0.837924,0.019450,0,0
27,23,8.750000,-3.250000,9.714112,18,0.189544,0.821043,0.019436,0,0
27,24,8.750000,-2.750000,9.696001,4,0.193020,0.243171,0.019401,0,0
27,28,8.750000,-0.750000,0.000000,1,0.000000,0.000000,0.010000,0,0
27,30,8.750000,0.250000,8.814112,9,0.204335,0.558900,0.017769,0,0
27,31,8.750000,0.750000,9.242875,8,0.190576,0.512503,0.018543,0,0
27,32,8.750000,1.250000,9.105158,19,0.219919,0.839174,0.018290,0,0
27,33,8.750000,1.750000,8.963181,11,0.201761,0.640124,0.018034,0,0
27,34,8.750000,2.250000,9.317143,21,0.213563,0.868820,0.018681,0,0
27,35,8.750000,2.750000,9.358429,7,0.111137,0.501372,0.018758,0,0
27,36,8.750000,3.250000,9.476250,16,0.215527,0.786758,0.018980,0,0
27,37,8.750000,3.750000,9.786532,15,0.196653,0.764385,0.019578,0,0
27,38,8.750000,4.250000,9.822001,3,0.054496,0.258147,0.019647,0,0
27,39,8.750000,4.750000,10.071867,15,0.171426,0.763750,0.020144,0,0
27,40,8.750000,5.250000,10.420847,13,0.191959,0.714098,0.020859,0,0
27,41,8.750000,5.750000,10.767126,8,0.206265,0.532897,0.021593,0,0
27,42,8.750000,6.250000,0.000000,1,0.000000,0.000000,0.010000,0,0
27,43,8.750000,6.750000,11.190001,6,0.168930,0.436482,0.022522,0,0
27,44,8.750000,7.250000,11.592200,15,0.138048,0.759551,0.023438,0,0
27,46,8.750000,8.250000,12.142910,11,0.132662,0.648162,0.024745,0,0
27,47,8.750000,8.750000,12.609000,8,0.110240,0.528955,0.025899,0,0
27,49,8.750000,9.750000,13.078001,7,0.149588,0.489211,0.027103,0,0
27,50,8.750000,10.250000,13.685857,7,0.119949,0.489087,0.028730,0,0
27,51,8.750000,10.750000,14.063001,3,0.097087,0.252137,0.029777,0,0
28,4,9.250000,-12.750000,16.050714,7,0.120819,0.456397,0.035763,0,0
28,7,9.250000,-11.250000,14.904112,9,0.173901,0.570096,0.032213,0,0
28,9,9.250000,-10.250000,13.792751,4,0.159933,0.315630,0.029024,0,0
28,10,9.250000,-9.750000,13.854858,7,0.182554,0.487028,0.029196,0,0
28,12,9.250000,-8.750000,12.877911,11,0.176343,0.643072,0.026584,0,0
28,15,9.250000,-7.250000,11.971002,8,0.143836,0.508960,0.024330,0,0
28,20,9.250000,-4.750000,10.470201,5,0.170644,0.322121,0.020963,0,0
28,21,9.250000,-4.250000,10.492779,18,0.173074,0.821059,0.021010,0,0
28,22,9.250000,-3.750000,10.496000,4,0.171150,0.298292,0.021017,0,0
28,24,9.250000,-2.750000,9.684144,14,0.215345,0.733519,0.019378,0,0
28,25,9.250000,-2.250000,9.675751,4,0.176798,0.242794,0.019362,0,0
28,27,9.250000,-1.250000,0.000000,2,0.000000,0.000000,0.010000,0,0
28,28,9.250000,-0.750000,9.397889,18,0.185211,0.821429,0.018832,0,0
28,29,9.250000,-0.250000,9.401236,17,0.320479,0.809013,0.018838,0,0
28,30,9.250000,0.250000,9.476334,18,0.230640,0.822854,0.018980,0,0
28,31,9.250000,0.750000,9.333455,11,0.210219,0.642405,0.018711,0,0
28,32,9.250000,1.250000,9.779167,6,0.179939,0.393547,0.019563,0,0
28,33,9.250000,1.750000,9.613800,20,0.270412,0.855428,0.019243,0,0
28,34,9.250000,2.250000,10.005000,4,0.158002,0.251530,0.020010,0,0
28,35,9.250000,2.750000,9.823501,18,0.230126,0.824415,0.019650,0,0
28,36,9.250000,3.250000,10.212287,7,0.155038,0.463682,0.020429,0,0
28,37,9.250000,3.750000,10.045101,10,0.171360,0.609868,0.020090,0,0
28,38,9.250000,4.250000,10.414066,15,0.208002,0.765635,0.020845,0,0
28,40,9.250000,5.250000,10.756785,14,0.188486,0.740902,0.021571,0,0
28,41,9.250000,5.750000,11.162112,9,0.151509,0.573327,0.022459,0,0
28,42,9.250000,6.250000,11.422501,8,0.212389,0.538846,0.023047,0,0
28,43,9.250000,6.750000,11.776001,5,0.146435,0.380904,0.023867,0,0
28,44,9.250000,7.250000,11.841750,8,0.145938,0.517567,0.024023,0,0
28,46,9.250000,8.250000,12.523875,8,0.149848,0.537197,0.025685,0,0
28,47,9.250000,8.750000,13.067572,7,0.107179,0.475928,0.027076,0,0
28,48,9.250000,9.250000,12.950001,3,0.077082,0.171230,0.026770,0,0
28,49,9.250000,9.750000,13.612126,8,0.099183,0.525536,0.028529,0,0
28,51,9.250000,10.750000,14.131287,7,0.084563,0.471459,0.029969,0,0
28,52,9.250000,11.250000,14.788501,6,0.091300,0.430665,0.031870,0,0
28,53,9.250000,11.750000,0.000000,2,0.000000,0.000000,0.010000,0,0
29,4,9.750000,-12.750000,16.376001,9,0.151415,0.563607,0.036817,0,0
29,7,9.750000,-11.250000,15.157100,10,0.129912,0.598813,0.032974,0,0
29,10,9.750000,-9.750000,14.075183,11,0.154582,0.643432,0.029811,0,0
29,13,9.750000,-8.250000,0.000000,1,0.000000,0.000000,0.010000,0,0
29,19,9.750000,-5.250000,0.000000,1,0.000000,0.000000,0.010000,0,0
29,20,9.750000,-4.750000,0.000000,2,0.000000,0.000000,0.010000,0,0
29,22,9.750000,-3.750000,10.496847,13,0.196851,0.709878,0.021018,0,0
29,23,9.750000,-3.250000,10.489414,17,0.181620,0.802386,0.021003,0,0
29,24,9.750000,-2.750000,10.478801,10,0.184032,0.599650,0.020981,0,0
29,27,9.750000,-1.250000,10.174400,5,0.175592,0.326473,0.020352,0,0
29,28,9.750000,-0.750000,10.116643,14,0.208056,0.735638,0.020235,0,0
29,30,9.750000,0.250000,10.193399,10,0.194812,0.602618,0.020391,0,0
29,31,9.750000,0.750000,10.054648,17,0.205436,0.803816,0.020110,0,0
29,32,9.750000,1.250000,9.909083,12,0.189787,0.677165,0.019819,0,0
29,33,9.750000,1.750000,10.381167,6,0.169110,0.395034,0.020777,0,0
29,34,9.750000,2.250000,10.169127,16,0.231833,0.786367,0.020341,0,0
29,35,9.750000,2.750000,0.000000,2,0.000000,0.000000,0.010000,0,0
29,36,9.750000,3.250000,10.450200,15,0.205549,0.763522,0.020921,0,0
29,37,9.750000,3.750000,10.874400,5,0.134384,0.338022,0.021825,0,0
29,38,9.750000,4.250000,10.695701,10,0.178655,0.612352,0.021440,0,0
29,39,9.750000,4.750000,11.101308,13,0.183142,0.713822,0.022324,0,0
29,41,9.750000,5.750000,11.477156,13,0.184257,0.713530,0.023173,0,0
29,43,9.750000,6.750000,12.129333,3,0.102025,0.187264,0.024712,0,0
29,45,9.750000,7.750000,12.678750,4,0.090798,0.258927,0.026075,0,0
29,46,9.750000,8.250000,12.851000,8,0.120233,0.523729,0.026515,0,0
29,47,9.750000,8.750000,0.000000,1,0.000000,0.000000,0.010000,0,0
29,48,9.750000,9.250000,13.478999,7,0.109723,0.480257,0.028168,0,0
29,49,9.750000,9.750000,13.925801,10,0.118721,0.605909,0.029393,0,0
29,51,9.750000,10.750000,14.484200,5,0.080946,0.366798,0.030979,0,0
29,52,9.750000,11.250000,0.000000,1,0.000000,0.000000,0.010000,0,0
29,53,9.750000,11.750000,15.324287,7,0.786426,0.491945,0.033483,0,0
29,54,9.750000,12.250000,0.000000,1,0.000000,0.000000,0.010000,0,0
30,0,10.250000,-14.750000,0.000000,2,0.000000,0.000000,0.010000,0,0
30,4,10.250000,-12.750000,16.669857,7,0.166211,0.473788,0.037788,0,0
30,7,10.250000,-11.250000,15.441777,9,0.168867,0.561412,0.033845,0,0
30,10,10.250000,-9.750000,14.294335,9,0.139615,0.559145,0.030433,0,0
30,13,10.250000,-8.250000,13.260572,7,0.137452,0.450384,0.027584,0,0
30,20,10.250000,-4.750000,11.422430,14,0.186033,0.733034,0.023047,0,0
30,21,10.250000,-4.250000,11.449938,16,0.150519,0.781434,0.023110,0,0
30,22,10.250000,-3.750000,11.438334,3,0.164921,0.163442,0.023084,0,0
30,28,10.250000,-0.750000,10.491334,3,0.159775,0.158142,0.021007,0,0
30,29,10.250000,-0.250000,10.466096,21,0.048659,0.863647,0.020954,0,0
30,30,10.250000,0.250000,10.534455,22,0.059004,0.876729,0.021097,0,0
30,31,10.250000,0.750000,0.000000,2,0.000000,0.000000,0.010000,0,0
30,32,10.250000,1.250000,10.685295,17,0.190534,0.804253,0.021418,0,0
30,33,10.250000,1.750000,10.483546,11,0.177304,0.644630,0.020990,0,0
30,35,10.250000,2.750000,10.811354,17,0.239355,0.806528,0.021689,0,0
30,37,10.250000,3.750000,11.118800,15,0.216920,0.764491,0.022363,0,0
30,39,10.250000,4.750000,11.442166,12,0.196029,0.682701,0.023092,0,0
30,40,10.250000,5.250000,11.951335,3,0.113553,0.175036,0.024283,0,0
30,41,10.250000,5.750000,11.793250,8,0.146589,0.526305,0.023908,0,0
30,42,10.250000,6.250000,12.306333,9,0.145461,0.574134,0.025145,0,0
30,43,10.250000,6.750000,12.307667,3,0.229856,0.256157,0.025148,0,0
30,44,10.250000,7.250000,12.757834,6,0.120403,0.418069,0.026276,0,0
30,45,10.250000,7.750000,0.000000,1,0.000000,0.000000,0.010000,0,0
30,46,10.250000,8.250000,13.224573,7,0.170148,0.490237,0.027489,0,0
30,47,10.250000,8.750000,13.686335,9,0.116298,0.574307,0.028732,0,0
30,49,10.250000,9.750000,14.229833,6,0.110695,0.427063,0.030249,0,0
30,51,10.250000,10.750000,14.917859,7,0.112354,0.485426,0.032254,0,0
30,53,10.250000,11.750000,15.640834,6,0.106472,0.429444,0.034464,0,0
30,54,10.250000,12.250000,16.056202,5,0.105348,0.376601,0.035780,0,0
31,0,10.750000,-14.750000,18.444288,7,0.130328,0.467946,0.044019,0,0
31,4,10.750000,-12.750000,17.005751,8,0.156551,0.520205,0.038920,0,0
31,7,10.750000,-11.250000,15.740668,9,0.129235,0.555643,0.034777,0,0
31,18,10.750000,-5.750000,0.000000,1,0.000000,0.000000,0.010000,0,0
31,19,10.750000,-5.250000,0.000000,2,0.000000,0.000000,0.010000,0,0
31,22,10.750000,-3.750000,11.439502,12,0.168040,0.673251,0.023086,0,0
31,23,10.750000,-3.250000,11.421934,15,0.154149,0.758492,0.023046,0,0
31,24,10.750000,-2.750000,11.363999,3,0.163436,0.179137,0.022914,0,0
31,27,10.750000,-1.250000,11.026668,6,0.160576,0.393663,0.022159,0,0
31,28,10.750000,-0.750000,10.919735,15,0.190764,0.760158,0.021924,0,0
31,29,10.750000,-0.250000,10.807100,10,0.161201,0.605206,0.021679,0,0
31,31,10.750000,0.750000,10.882616,13,0.217807,0.708182,0.021843,0,0
31,33,10.750000,1.750000,11.361751,4,0.150989,0.247775,0.022909,0,0
31,34,10.750000,2.250000,11.169530,17,0.217331,0.805288,0.022476,0,0
31,35,10.750000,2.750000,0.000000,1,0.000000,0.000000,0.010000,0,0
31,36,10.750000,3.250000,11.520616,13,0.185979,0.710440,0.023272,0,0
31,37,10.750000,3.750000,0.000000,2,0.000000,0.000000,0.010000,0,0
31,38,10.750000,4.250000,11.799091,11,0.178656,0.649496,0.023922,0,0
31,39,10.750000,4.750000,0.000000,1,0.000000,0.000000,0.010000,0,0
31,40,10.750000,5.250000,12.172455,11,0.187065,0.651559,0.024817,0,0
31,42,10.750000,6.250000,12.649000,10,0.158636,0.614626,0.026000,0,0
31,44,10.750000,7.250000,13.192401,5,0.310569,0.383113,0.027404,0,0
31,45,10.750000,7.750000,13.461223,9,0.109981,0.558835,0.028120,0,0
31,46,10.750000,8.250000,13.531401,5,0.095940,0.345691,0.028310,0,0
31,47,10.750000,8.750000,14.076910,11,0.098665,0.642229,0.029816,0,0
31,49,10.750000,9.750000,14.677429,7,0.123073,0.476259,0.031543,0,0
31,51,10.750000,10.750000,15.461334,6,0.101688,0.429576,0.033905,0,0
31,53,10.750000,11.750000,16.061573,7,0.056751,0.454859,0.035797,0,0
31,54,10.750000,12.250000,16.456501,6,0.059126,0.436229,0.037082,0,0
31,55,10.750000,12.750000,0.000000,1,0.000000,0.000000,0.010000,0,0
32,0,11.250000,-14.750000,18.831667,6,0.118392,0.395496,0.045463,0,0
32,4,11.250000,-12.750000,17.317572,7,0.134831,0.462971,0.039990,0,0
32,7,11.250000,-11.250000,16.029377,8,0.154473,0.516116,0.035694,0,0
32,11,11.250000,-9.250000,14.744751,8,0.133918,0.508168,0.031741,0,0
32,19,11.250000,-5.250000,12.570538,13,0.154655,0.704679,0.025802,0,0
32,20,11.250000,-4.750000,12.593645,14,0.170249,0.732432,0.025860,0,0
32,29,11.250000,-0.250000,11.685401,5,0.153109,0.329430,0.023655,0,0
32,30,11.250000,0.250000,11.612666,6,0.156204,0.401430,0.023485,0,0
32,32,11.250000,1.250000,11.678085,12,0.190233,0.679458,0.023638,0,0
32,33,11.250000,1.750000,11.482364,11,0.171394,0.645307,0.023184,0,0
32,35,11.250000,2.750000,11.938002,9,0.142857,0.560553,0.024252,0,0
32,36,11.250000,3.250000,11.735001,6,0.151876,0.414207,0.023771,0,0
32,37,11.250000,3.750000,0.000000,2,0.000000,0.000000,0.010000,0,0
32,38,11.250000,4.250000,12.117547,11,0.181032,0.650082,0.024683,0,0
32,39,11.250000,4.750000,0.000000,1,0.000000,0.000000,0.010000,0,0
32,40,11.250000,5.250000,12.546909,11,0.180510,0.649386,0.025742,0,0
32,42,11.250000,6.250000,12.998001,10,0.177163,0.616549,0.026895,0,0
32,44,11.250000,7.250000,13.536556,9,0.133342,0.573548,0.028324,0,0
32,45,11.250000,7.750000,13.746401,5,0.127909,0.372014,0.028896,0,0
32,46,11.250000,8.250000,0.000000,1,0.000000,0.000000,0.010000,0,0
32,47,11.250000,8.750000,14.361000,8,0.119102,0.528175,0.030624,0,0
32,48,11.250000,9.250000,14.811751,4,0.078633,0.280706,0.031939,0,0
32,49,11.250000,9.750000,14.895374,8,0.089866,0.519115,0.032187,0,0
32,51,11.250000,10.750000,15.871901,10,0.083420,0.597427,0.035192,0,0
32,52,11.250000,11.250000,0.000000,1,0.000000,0.000000,0.010000,0,0
32,53,11.250000,11.750000,16.292145,7,0.095191,0.474528,0.036543,0,0
32,54,11.250000,12.250000,0.000000,1,0.000000,0.000000,0.010000,0,0
32,55,11.250000,12.750000,16.986250,4,0.070453,0.295913,0.038853,0,0
33,0,11.750000,-14.750000,19.148716,7,0.144886,0.467351,0.046667,0,0
33,4,11.750000,-12.750000,17.602251,8,0.121827,0.503434,0.040984,0,0
33,8,11.750000,-10.750000,16.229252,8,0.114598,0.502077,0.036339,0,0
33,20,11.750000,-4.750000,0.000000,1,0.000000,0.000000,0.010000,0,0
33,21,11.750000,-4.250000,12.595572,14,0.156337,0.732605,0.025865,0,0
33,22,11.750000,-3.750000,12.534154,13,0.142877,0.704522,0.025711,0,0
33,23,11.750000,-3.250000,12.509401,5,0.143276,0.322505,0.025649,0,0
33,27,11.750000,-1.250000,12.043402,10,0.149798,0.600101,0.024504,0,0
33,28,11.750000,-0.750000,11.911154,13,0.152642,0.706320,0.024188,0,0
33,29,11.750000,-0.250000,11.792445,9,0.152047,0.560077,0.023906,0,0
33,30,11.750000,0.250000,12.113001,8,0.157074,0.509071,0.024672,0,0
33,31,11.750000,0.750000,11.938215,14,0.191290,0.735420,0.024252,0,0
33,32,11.750000,1.250000,11.830500,4,0.153552,0.267554,0.023996,0,0
33,34,11.750000,2.250000,12.280901,10,0.167733,0.606992,0.025082,0,0
33,35,11.750000,2.750000,12.108430,7,0.146696,0.466114,0.024661,0,0
33,37,11.750000,3.750000,12.525584,12,0.193967,0.682151,0.025689,0,0
33,39,11.750000,4.750000,12.928200,10,0.170777,0.611369,0.026714,0,0
33,41,11.750000,5.750000,13.416667,6,0.120258,0.419377,0.028001,0,0
33,42,11.750000,6.250000,13.257000,3,0.103847,0.192013,0.027575,0,0
33,44,11.750000,7.250000,13.887501,8,0.147838,0.528801,0.029286,0,0
33,46,11.750000,8.250000,14.669499,6,0.111638,0.429818,0.031519,0,0
33,47,11.750000,8.750000,14.535400,5,0.078429,0.315731,0.031128,0,0
33,49,11.750000,9.750000,15.298001,7,0.101427,0.471007,0.033403,0,0
33,51,11.750000,10.750000,16.039572,7,1.000000,0.474641,0.035727,0,0
33,54,11.750000,12.250000,17.087999,3,0.055804,0.195772,0.039200,0,0
34,0,12.250000,-14.750000,19.497835,6,0.112495,0.398134,0.048017,0,0
34,4,12.250000,-12.750000,17.859142,7,0.121258,0.450470,0.041895,0,0
34,17,12.250000,-6.250000,13.880668,3,0.125415,0.149408,0.029267,0,0
34,18,12.250000,-5.750000,13.925818,11,0.129512,0.637884,0.029393,0,0
34,33,12.250000,1.750000,12.663800,15,0.215585,0.762906,0.026037,0,0
34,34,12.250000,2.250000,12.458601,5,0.136892,0.325186,0.025522,0,0
34,36,12.250000,3.250000,12.972801,10,0.179007,0.611304,0.026829,0,0
34,37,12.250000,3.750000,12.810000,4,0.121079,0.247259,0.026410,0,0
34,38,12.250000,4.250000,0.000000,2,0.000000,0.000000,0.010000,0,0
34,39,12.250000,4.750000,13.286502,10,0.179992,0.613438,0.027653,0,0
34,41,12.250000,5.750000,13.749112,9,0.165303,0.570801,0.028904,0,0
34,43,12.250000,6.750000,14.317833,6,0.090555,0.400052,0.030500,0,0
34,44,12.250000,7.250000,14.144334,3,0.098323,0.217937,0.030006,0,0
34,46,12.250000,8.250000,14.813584,12,0.109290,0.671871,0.031944,0,0
34,47,12.250000,8.750000,15.201751,4,0.069283,0.242730,0.033109,0,0
34,48,12.250000,9.250000,15.684669,3,0.072293,0.233149,0.034601,0,0
34,49,12.250000,9.750000,15.816286,7,0.092707,0.460708,0.035015,0,0
34,51,12.250000,10.750000,16.468002,6,0.095777,0.420260,0.037120,0,0
34,53,12.250000,11.750000,17.136168,6,0.087504,0.413495,0.039365,0,0
34,54,12.250000,12.250000,17.452400,5,0.093362,0.364459,0.040459,0,0
34,55,12.250000,12.750000,17.892000,3,0.048280,0.140005,0.042012,0,0
35,0,12.750000,-14.750000,19.793167,6,0.138683,0.411155,0.049177,0,0
35,4,12.750000,-12.750000,18.150501,8,0.139176,0.502737,0.042944,0,0
35,9,12.750000,-10.250000,16.731876,8,0.117116,0.498379,0.037996,0,0
35,18,12.750000,-5.750000,14.026001,5,0.138919,0.327501,0.029673,0,0
35,19,12.750000,-5.250000,14.032666,12,0.146527,0.671818,0.029692,0,0
35,20,12.750000,-4.750000,14.021463,13,0.142860,0.702901,0.029660,0,0
35,21,12.750000,-4.250000,13.971500,4,0.128263,0.240905,0.029520,0,0
35,27,12.750000,-1.250000,13.245250,4,0.139008,0.255541,0.027544,0,0
35,28,12.750000,-0.750000,13.144924,13,0.146171,0.705376,0.027279,0,0
35,29,12.750000,-0.250000,13.016999,6,0.132035,0.394491,0.026944,0,0
35,31,12.750000,0.750000,13.172668,9,0.149145,0.564287,0.027352,0,0
35,32,12.750000,1.250000,12.947231,13,0.196818,0.709676,0.026763,0,0
35,35,12.750000,2.750000,13.370126,8,0.130419,0.511544,0.027876,0,0
35,36,12.750000,3.250000,13.202334,6,0.133251,0.405228,0.027430,0,0
35,38,12.750000,4.250000,13.681251,8,0.192621,0.533412,0.028718,0,0
35,40,12.750000,5.250000,0.000000,1,0.000000,0.000000,0.010000,0,0
35,41,12.750000,5.750000,14.119780,9,0.164749,0.570732,0.029937,0,0
35,43,12.750000,6.750000,14.629144,7,0.115765,0.470758,0.031401,0,0
35,45,12.750000,7.750000,15.267251,4,0.099197,0.304620,0.033309,0,0
35,46,12.750000,8.250000,15.144250,4,0.115829,0.311193,0.032935,0,0
35,48,12.750000,9.250000,15.899000,4,0.080363,0.319422,0.035278,0,0
35,50,12.750000,10.250000,16.375999,3,0.080964,0.234729,0.036817,0,0
35,51,12.750000,10.750000,16.799250,8,0.077451,0.497459,0.038221,0,0
35,53,12.750000,11.750000,17.655668,3,0.052343,0.145471,0.041172,0,0
35,54,12.750000,12.250000,0.000000,2,0.000000,0.000000,0.010000,0,0
35,56,12.750000,13.250000,18.488201,5,0.073679,0.355866,0.044181,0,0
36,0,13.250000,-14.750000,20.136288,7,0.124804,0.451448,0.050547,0,0
36,4,13.250000,-12.750000,18.473835,6,0.160750,0.419354,0.044128,0,0
36,5,13.250000,-12.250000,0.000000,2,0.000000,0.000000,0.010000,0,0
36,21,13.250000,-4.250000,13.945287,7,0.133078,0.449430,0.029447,0,0
36,22,13.250000,-3.750000,13.899600,5,0.119460,0.316951,0.029320,0,0
36,27,13.250000,-1.250000,13.334001,6,0.144082,0.394405,0.027780,0,0
36,29,13.250000,-0.250000,13.652500,6,0.144441,0.404322,0.028639,0,0
36,30,13.250000,0.250000,13.462462,13,0.175468,0.708426,0.028124,0,0
36,31,13.250000,0.750000,13.301002,4,0.129454,0.276632,0.027692,0,0
36,34,13.250000,2.250000,13.768223,9,0.138586,0.560668,0.028956,0,0
36,35,13.250000,2.750000,13.567714,7,0.139674,0.463154,0.028408,0,0
36,37,13.250000,3.750000,14.186749,4,0.121435,0.272265,0.030126,0,0
36,38,13.250000,4.250000,13.977125,8,0.156765,0.521061,0.029536,0,0
36,40,13.250000,5.250000,14.494430,7,0.144624,0.477625,0.031009,0,0
36,43,13.250000,6.750000,14.998668,9,0.130828,0.570629,0.032496,0,0
36,45,13.250000,7.750000,15.618001,7,0.123754,0.476712,0.034392,0,0
36,48,13.250000,9.250000,16.330875,8,0.098809,0.506632,0.036670,0,0
36,49,13.250000,9.750000,16.607000,6,0.907875,0.422372,0.037579,0,0
36,50,13.250000,10.250000,16.881334,9,0.091665,0.570868,0.038498,0,0
36,51,13.250000,10.750000,0.000000,1,0.000000,0.000000,0.010000,0,0
36,53,13.250000,11.750000,17.796001,4,0.061097,0.267194,0.041670,0,0
36,55,13.250000,12.750000,0.000000,1,0.000000,0.000000,0.010000,0,0
36,56,13.250000,13.250000,18.886429,7,0.064861,0.447457,0.045670,0,0
37,0,13.750000,-14.750000,20.552402,5,0.156443,0.358846,0.052240,0,0
37,16,13.750000,-6.750000,15.704751,8,0.130209,0.502903,0.034664,0,0
37,33,13.750000,1.750000,14.151456,11,0.190751,0.645232,0.030026,0,0
37,34,13.750000,2.250000,13.942001,4,0.121470,0.254339,0.029438,0,0
37,36,13.750000,3.250000,14.593669,3,0.116012,0.172828,0.031298,0,0
37,37,13.750000,3.750000,14.416801,10,0.153508,0.607283,0.030784,0,0
37,40,13.750000,5.250000,14.835751,8,0.154060,0.521612,0.032010,0,0
37,43,13.750000,6.750000,15.385335,6,0.137500,0.423149,0.033671,0,0
37,45,13.750000,7.750000,15.980167,6,0.121865,0.417285,0.035537,0,0
37,48,13.750000,9.250000,16.712402,5,0.100775,0.358230,0.037930,0,0
37,49,13.750000,9.750000,16.971201,5,0.062403,0.318610,0.038802,0,0
37,51,13.750000,10.750000,0.000000,1,0.000000,0.000000,0.010000,0,0
37,53,13.750000,11.750000,18.432667,3,0.051618,0.135794,0.043976,0,0
37,54,13.750000,12.250000,18.369333,3,0.057155,0.195182,0.043743,0,0
37,55,13.750000,12.750000,18.897001,3,0.045544,0.185793,0.045710,0,0
37,56,13.750000,13.250000,19.219002,4,0.055016,0.304602,0.046937,0,0
37,58,13.750000,14.250000,0.000000,2,0.000000,0.000000,0.010000,0,0
38,0,14.250000,-14.750000,20.894001,6,0.129293,0.395412,0.053656,0,0
38,16,14.250000,-6.750000,15.734334,3,0.119788,0.149422,0.034757,0,0
38,17,14.250000,-6.250000,15.757638,11,0.124433,0.633198,0.034830,0,0
38,18,14.250000,-5.750000,15.729751,12,0.115681,0.668700,0.034743,0,0
38,19,14.250000,-5.250000,15.695201,5,0.130658,0.312438,0.034634,0,0
38,27,14.250000,-1.250000,14.783888,9,0.116928,0.562738,0.031856,0,0
38,28,14.250000,-0.750000,14.666751,4,0.126113,0.260315,0.031511,0,0
38,31,14.250000,0.750000,14.687751,4,0.116616,0.236893,0.031573,0,0
38,32,14.250000,1.250000,14.498418,12,0.179681,0.676838,0.031020,0,0
38,33,14.250000,1.750000,0.000000,2,0.000000,0.000000,0.010000,0,0
38,36,14.250000,3.250000,14.867455,11,0.188561,0.646521,0.032104,0,0
38,39,14.250000,4.750000,15.343857,7,0.154532,0.473846,0.033543,0,0
38,40,14.250000,5.250000,15.145001,4,0.098626,0.236997,0.032937,0,0
38,42,14.250000,6.250000,15.803555,9,0.152826,0.570621,0.034975,0,0
38,45,14.250000,7.750000,16.344500,6,0.125719,0.417080,0.036714,0,0
38,48,14.250000,9.250000,17.007202,5,0.093125,0.350540,0.038924,0,0
38,53,14.250000,11.750000,18.750401,5,0.063402,0.310044,0.045158,0,0
38,54,14.250000,12.250000,0.000000,2,0.000000,0.000000,0.010000,0,0
38,56,14.250000,13.250000,0.000000,2,0.000000,0.000000,0.010000,0,0
39,0,14.750000,-14.750000,21.179401,5,0.179865,0.351654,0.054857,0,0
39,5,14.750000,-12.250000,19.386501,4,0.101070,0.219737,0.047584,0,0
39,19,14.750000,-5.250000,15.687667,6,0.125031,0.381946,0.034610,0,0
39,20,14.750000,-4.750000,15.688364,11,0.121891,0.633571,0.034612,0,0
39,21,14.750000,-4.250000,0.000000,2,0.000000,0.000000,0.010000,0,0
39,27,14.750000,-1.250000,0.000000,1,0.000000,0.000000,0.010000,0,0
39,29,14.750000,-0.250000,0.000000,2,0.000000,0.000000,0.010000,0,0
39,30,14.750000,0.250000,15.069910,11,0.164168,0.642944,0.032710,0,0
39,31,14.750000,0.750000,14.879750,8,0.146316,0.512962,0.032141,0,0
39,35,14.750000,2.750000,15.256001,11,0.143904,0.641859,0.033275,0,0
39,36,14.750000,3.250000,0.000000,1,0.000000,0.000000,0.010000,0,0
39,38,14.750000,4.250000,0.000000,1,0.000000,0.000000,0.010000,0,0
39,39,14.750000,4.750000,15.677113,9,0.163267,0.567615,0.034577,0,0
39,42,14.750000,6.250000,16.207127,8,0.165820,0.526640,0.036267,0,0
39,45,14.750000,7.750000,16.753429,7,0.122560,0.471972,0.038068,0,0
39,47,14.750000,8.750000,0.000000,1,0.000000,0.000000,0.010000,0,0
39,48,14.750000,9.250000,17.451668,6,0.109523,0.411892,0.040456,0,0
39,50,14.750000,10.250000,0.000000,1,0.000000,0.000000,0.010000,0,0
39,51,14.750000,10.750000,0.000000,1,0.000000,0.000000,0.010000,0,0
39,53,14.750000,11.750000,18.949717,7,0.107419,0.458281,0.045909,0,0
39,56,14.750000,13.250000,20.138000,3,0.077993,0.241577,0.050554,0,0
39,57,14.750000,13.750000,0.000000,1,0.000000,0.000000,0.010000,0,0
40,0,15.250000,-14.750000,21.544430,7,0.108539,0.442834,0.056416,0,0
40,5,15.250000,-12.250000,0.000000,1,0.000000,0.000000,0.010000,0,0
40,6,15.250000,-11.750000,0.000000,2,0.000000,0.000000,0.010000,0,0
40,28,15.250000,-0.750000,15.554750,8,0.128892,0.503792,0.034195,0,0
40,29,15.250000,-0.250000,15.328626,8,0.141512,0.508920,0.033497,0,0
40,31,15.250000,0.750000,15.660429,7,0.121651,0.449849,0.034525,0,0
40,34,15.250000,2.250000,15.676728,11,0.186764,0.644662,0.034576,0,0
40,35,15.250000,2.750000,0.000000,1,0.000000,0.000000,0.010000,0,0
40,38,15.250000,4.250000,16.087889,9,0.147959,0.566813,0.035882,0,0
40,41,15.250000,5.750000,16.660002,3,0.094629,0.180442,0.037756,0,0
40,42,15.250000,6.250000,16.535667,3,0.117924,0.230420,0.037343,0,0
40,44,15.250000,7.250000,0.000000,1,0.000000,0.000000,0.010000,0,0
40,45,15.250000,7.750000,17.147400,5,0.090462,0.337177,0.039403,0,0
40,47,15.250000,8.750000,17.806999,4,0.106856,0.303990,0.041709,0,0
40,48,15.250000,9.250000,0.000000,1,0.000000,0.000000,0.010000,0,0
40,50,15.250000,10.250000,18.654251,4,0.132688,0.315230,0.044798,0,0
40,51,15.250000,10.750000,0.000000,1,0.000000,0.000000,0.010000,0,0
40,53,15.250000,11.750000,0.000000,2,0.000000,0.000000,0.010000,0,0
40,56,15.250000,13.250000,20.315800,5,0.081728,0.362685,0.051273,0,0
40,57,15.250000,13.750000,0.000000,1,0.000000,0.000000,0.010000,0,0
40,59,15.250000,14.750000,0.000000,1,0.000000,0.000000,0.010000,0,0
41,0,15.750000,-14.750000,21.819502,6,0.116528,0.387545,0.057609,0,0
41,14,15.750000,-7.750000,17.994602,5,0.115195,0.308217,0.042381,0,0
41,29,15.750000,-0.250000,16.183001,6,0.120050,0.419824,0.036189,0,0
41,30,15.750000,0.250000,15.905545,11,0.163563,0.640659,0.035299,0,0
41,33,15.750000,1.750000,16.123001,11,0.154417,0.640287,0.035995,0,0
41,34,15.750000,2.250000,0.000000,1,0.000000,0.000000,0.010000,0,0
41,37,15.750000,3.750000,16.529430,7,0.142192,0.474865,0.037322,0,0
41,38,15.750000,4.250000,16.322001,3,0.101687,0.175835,0.036641,0,0
41,41,15.750000,5.750000,16.978428,7,0.145441,0.469705,0.038827,0,0
41,44,15.750000,7.250000,17.581858,7,0.140016,0.473124,0.040912,0,0
41,47,15.750000,8.750000,18.318834,6,0.109421,0.412212,0.043558,0,0
41,50,15.750000,10.250000,0.000000,1,0.000000,0.000000,0.010000,0,0
41,51,15.750000,10.750000,0.000000,2,0.000000,0.000000,0.010000,0,0
41,53,15.750000,11.750000,19.854502,6,0.065983,0.384416,0.049420,0,0
41,57,15.750000,13.750000,21.125000,3,0.050939,0.203412,0.054627,0,0
42,14,16.250000,-7.750000,18.041502,4,0.114319,0.228480,0.042550,0,0
42,15,16.250000,-7.250000,18.044003,10,0.120451,0.589660,0.042559,0,0
42,16,16.250000,-6.750000,17.974400,10,0.118068,0.589358,0.042308,0,0
42,17,16.250000,-6.250000,17.936501,4,0.123972,0.227256,0.042172,0,0
42,26,16.250000,-1.750000,0.000000,1,0.000000,0.000000,0.010000,0,0
42,27,16.250000,-1.250000,16.713444,9,0.122501,0.550590,0.037934,0,0
42,28,16.250000,-0.750000,16.485901,10,0.143859,0.599833,0.037178,0,0
42,29,16.250000,-0.250000,16.284752,4,0.111973,0.271287,0.036519,0,0
42,31,16.250000,0.750000,0.000000,2,0.000000,0.000000,0.010000,0,0
42,32,16.250000,1.250000,16.445002,11,0.176275,0.641662,0.037044,0,0
42,36,16.250000,3.250000,17.004751,4,0.104470,0.249062,0.038916,0,0
42,37,16.250000,3.750000,16.833000,6,0.133914,0.418772,0.038335,0,0
42,40,16.250000,5.250000,0.000000,2,0.000000,0.000000,0.010000,0,0
42,41,16.250000,5.750000,17.290667,6,0.110715,0.399823,0.039897,0,0
42,44,16.250000,7.250000,17.956333,6,0.104966,0.410884,0.042243,0,0
42,47,16.250000,8.750000,18.745600,5,0.104219,0.347771,0.045140,0,0
42,50,16.250000,10.250000,19.430334,3,0.075612,0.220592,0.047754,0,0
42,51,16.250000,10.750000,0.000000,2,0.000000,0.000000,0.010000,0,0
42,56,16.250000,13.250000,0.000000,2,0.000000,0.000000,0.010000,0,0
42,57,16.250000,13.750000,0.000000,2,0.000000,0.000000,0.010000,0,0
43,17,16.750000,-6.250000,17.944000,5,0.116361,0.303658,0.042199,0,0
43,18,16.750000,-5.750000,17.912102,10,0.106304,0.588956,0.042084,0,0
43,19,16.750000,-5.250000,17.869600,5,0.114299,0.306390,0.041932,0,0
43,36,16.750000,3.250000,17.294285,7,0.175332,0.474267,0.039909,0,0
43,40,16.750000,5.250000,17.753572,7,0.177558,0.475980,0.041519,0,0
43,44,16.750000,7.250000,18.428001,6,0.101697,0.400859,0.043959,0,0
43,47,16.750000,8.750000,19.125502,4,0.107008,0.289159,0.046578,0,0
43,50,16.750000,10.250000,19.788000,3,0.065001,0.174055,0.049156,0,0
43,51,16.750000,10.750000,0.000000,2,0.000000,0.000000,0.010000,0,0
43,54,16.750000,12.250000,20.855999,5,0.076560,0.352915,0.053497,0,0
43,57,16.750000,13.750000,21.713398,5,0.057816,0.318017,0.057147,0,0
44,34,17.250000,2.250000,0.000000,1,0.000000,0.000000,0.010000,0,0
44,35,17.250000,2.750000,17.728889,9,0.145554,0.562097,0.041431,0,0
44,36,17.250000,3.250000,0.000000,1,0.000000,0.000000,0.010000,0,0
44,39,17.250000,4.750000,18.293001,3,0.090223,0.164541,0.043463,0,0
44,40,17.250000,5.250000,18.071400,5,0.101835,0.318974,0.042658,0,0
44,43,17.250000,6.750000,18.840603,5,0.129711,0.357130,0.045497,0,0
44,44,17.250000,7.250000,0.000000,1,0.000000,0.000000,0.010000,0,0
44,47,17.250000,8.750000,19.514668,6,0.104484,0.406754,0.048082,0,0
44,50,17.250000,10.250000,20.353001,4,0.080800,0.274312,0.051424,0,0
44,54,17.250000,12.250000,21.186600,5,0.059963,0.330558,0.054887,0,0
44,57,17.250000,13.750000,22.067801,5,0.086310,0.345599,0.058699,0,0
45,1,17.750000,-14.250000,23.144001,7,0.129351,0.421800,0.063564,0,0
45,34,17.750000,2.250000,18.191002,9,0.184413,0.565198,0.043091,0,0
45,35,17.750000,2.750000,0.000000,1,0.000000,0.000000,0.010000,0,0
45,39,17.750000,4.750000,18.577127,8,0.128546,0.514950,0.044511,0,0
45,43,17.750000,6.750000,19.202286,7,0.117059,0.458994,0.046873,0,0
45,47,17.750000,8.750000,19.959402,5,0.117056,0.348771,0.049838,0,0
45,50,17.750000,10.250000,20.691250,4,0.106674,0.296995,0.052813,0,0
45,54,17.750000,12.250000,0.000000,2,0.000000,0.000000,0.010000,0,0
45,57,17.750000,13.750000,22.494667,3,0.048142,0.168201,0.060601,0,0
46,1,18.250000,-14.250000,0.000000,1,0.000000,0.000000,0.010000,0,0
46,28,18.250000,-0.750000,0.000000,2,0.000000,0.000000,0.010000,0,0
46,29,18.250000,-0.250000,18.608000,9,0.141029,0.556870,0.044626,0,0
46,30,18.250000,0.250000,18.326502,6,0.115824,0.388769,0.043586,0,0
46,33,18.250000,1.750000,18.608114,9,0.174012,0.564324,0.044626,0,0
46,34,18.250000,2.250000,0.000000,1,0.000000,0.000000,0.010000,0,0
46,38,18.250000,4.250000,19.050337,6,0.107149,0.390495,0.046292,0,0
46,39,18.250000,4.750000,0.000000,2,0.000000,0.000000,0.010000,0,0
46,43,18.250000,6.750000,19.583500,4,0.076963,0.216941,0.048351,0,0
46,46,18.250000,8.250000,0.000000,1,0.000000,0.000000,0.010000,0,0
46,47,18.250000,8.750000,20.280668,3,0.086007,0.204084,0.051131,0,0
46,50,18.250000,10.250000,21.123203,5,0.072457,0.318213,0.054619,0,0
46,54,18.250000,12.250000,22.011000,4,0.053390,0.217353,0.058448,0,0
46,57,18.250000,13.750000,23.072001,3,0.069765,0.209733,0.063232,0,0
47,12,18.750000,-8.750000,20.983335,6,0.108790,0.367166,0.054030,0,0
47,13,18.750000,-8.250000,20.960714,7,0.099475,0.447859,0.053935,0,0
47,26,18.750000,-1.750000,0.000000,2,0.000000,0.000000,0.010000,0,0
47,27,18.750000,-1.250000,19.033571,7,0.113877,0.441810,0.046228,0,0
47,28,18.750000,-0.750000,18.884832,6,0.114362,0.386804,0.045664,0,0
47,31,18.750000,0.750000,0.000000,1,0.000000,0.000000,0.010000,0,0
47,32,18.750000,1.250000,19.065111,9,0.154665,0.556275,0.046348,0,0
47,33,18.750000,1.750000,0.000000,1,0.000000,0.000000,0.010000,0,0
47,37,18.750000,3.750000,0.000000,2,0.000000,0.000000,0.010000,0,0
47,38,18.750000,4.250000,19.442600,5,0.137563,0.350322,0.047801,0,0
47,42,18.750000,6.250000,19.982334,6,0.120753,0.406567,0.049929,0,0
47,43,18.750000,6.750000,0.000000,1,0.000000,0.000000,0.010000,0,0
47,46,18.750000,8.250000,20.803001,3,0.125108,0.233520,0.053276,0,0
47,47,18.750000,8.750000,0.000000,2,0.000000,0.000000,0.010000,0,0
47,50,18.750000,10.250000,21.621500,4,0.085729,0.281077,0.056749,0,0
47,54,18.750000,12.250000,22.565802,5,0.086201,0.340273,0.060922,0,0
48,13,19.250000,-8.250000,0.000000,2,0.000000,0.000000,0.010000,0,0
48,14,19.250000,-7.750000,20.996376,8,0.124650,0.484853,0.054085,0,0
48,15,19.250000,-7.250000,20.978224,9,0.105754,0.535376,0.054009,0,0
48,16,19.250000,-6.750000,20.928335,3,0.102269,0.183000,0.053800,0,0
48,27,19.250000,-1.250000,0.000000,2,0.000000,0.000000,0.010000,0,0
48,30,19.250000,0.250000,19.719002,3,0.099064,0.132218,0.048884,0,0
48,31,19.250000,0.750000,19.443859,7,0.176200,0.465745,0.047806,0,0
48,37,19.250000,3.750000,19.906860,7,0.136714,0.458278,0.049628,0,0
48,42,19.250000,6.250000,20.373753,4,0.101003,0.265454,0.051509,0,0
48,46,19.250000,8.250000,21.172602,5,0.115536,0.355740,0.054828,0,0
48,50,19.250000,10.250000,22.117203,5,0.105954,0.343410,0.058917,0,0
48,54,19.250000,12.250000,0.000000,2,0.000000,0.000000,0.010000,0,0
48,58,19.250000,14.250000,24.037800,5,0.063120,0.317009,0.067782,0,0
49,16,19.750000,-6.750000,20.935251,4,0.106808,0.276609,0.053828,0,0
49,17,19.750000,-6.250000,20.891802,5,0.098304,0.289355,0.053647,0,0
49,36,19.750000,3.250000,20.322145,7,0.151393,0.467611,0.051299,0,0
49,37,19.750000,3.750000,0.000000,1,0.000000,0.000000,0.010000,0,0
49,41,19.750000,5.750000,20.987001,4,0.082485,0.228176,0.054045,0,0
49,42,19.750000,6.250000,20.728502,4,0.099714,0.267311,0.052967,0,0
49,46,19.750000,8.250000,21.575802,5,0.114874,0.344631,0.056552,0,0
49,50,19.750000,10.250000,0.000000,2,0.000000,0.000000,0.010000,0,0
49,54,19.750000,12.250000,23.391001,3,0.054004,0.134203,0.064714,0,0
49,58,19.750000,14.250000,0.000000,1,0.000000,0.000000,0.010000,0,0
50,35,20.250000,2.750000,20.817335,3,0.095692,0.197959,0.053336,0,0
50,36,20.250000,3.250000,20.579668,3,0.101575,0.179157,0.052352,0,0
50,41,20.250000,5.750000,21.150002,3,0.079096,0.126839,0.054732,0,0
50,46,20.250000,8.250000,21.992001,4,0.113763,0.284697,0.058365,0,0
50,50,20.250000,10.250000,22.869667,3,0.068699,0.198118,0.062302,0,0
50,54,20.250000,12.250000,23.934000,3,0.074014,0.207732,0.067284,0,0
50,55,20.250000,12.750000,0.000000,1,0.000000,0.000000,0.010000,0,0
50,58,20.250000,14.250000,0.000000,2,0.000000,0.000000,0.010000,0,0
50,59,20.250000,14.750000,0.000000,1,0.000000,0.000000,0.010000,0,0
51,34,20.750000,2.250000,0.000000,2,0.000000,0.000000,0.010000,0,0
51,35,20.750000,2.750000,21.103834,6,0.160226,0.414863,0.054537,0,0
51,40,20.750000,5.250000,0.000000,2,0.000000,0.000000,0.010000,0,0
51,41,20.750000,5.750000,21.674999,5,0.119675,0.343389,0.056981,0,0
51,45,20.750000,7.750000,22.558668,3,0.076598,0.155042,0.060889,0,0
51,46,20.750000,8.250000,0.000000,2,0.000000,0.000000,0.010000,0,0
51,50,20.750000,10.250000,23.302601,5,0.141881,0.359300,0.064301,0,0
51,54,20.750000,12.250000,24.276001,3,0.052610,0.129945,0.068932,0,0
51,59,20.750000,14.750000,0.000000,2,0.000000,0.000000,0.010000,0,0
52,29,21.250000,-0.250000,0.000000,1,0.000000,0.000000,0.010000,0,0
52,34,21.250000,2.250000,21.637430,7,0.164124,0.462085,0.056818,0,0
52,40,21.250000,5.250000,22.067001,5,0.152350,0.364135,0.058695,0,0
52,45,21.250000,7.750000,22.790667,3,0.100530,0.208298,0.061941,0,0
52,50,21.250000,10.250000,23.777502,4,0.093674,0.278178,0.066537,0,0
52,54,21.250000,12.250000,24.806252,4,0.085480,0.275662,0.071535,0,0
52,59,21.250000,14.750000,0.000000,2,0.000000,0.000000,0.010000,0,0
53,27,21.750000,-1.250000,22.150002,3,0.097817,0.171594,0.059062,0,0
53,28,21.750000,-0.750000,21.996717,7,0.165453,0.455734,0.058386,0,0
53,29,21.750000,-0.250000,0.000000,1,0.000000,0.000000,0.010000,0,0
53,32,21.750000,1.250000,0.000000,2,0.000000,0.000000,0.010000,0,0
53,33,21.750000,1.750000,22.068287,7,0.141341,0.446271,0.058701,0,0
53,39,21.750000,4.750000,0.000000,2,0.000000,0.000000,0.010000,0,0
53,40,21.750000,5.250000,22.544001,4,0.088720,0.240335,0.060823,0,0
53,45,21.750000,7.750000,23.272501,4,0.130848,0.284435,0.064161,0,0
53,50,21.750000,10.250000,24.310251,4,0.058723,0.195344,0.069099,0,0
53,55,21.750000,12.750000,25.395668,3,0.064627,0.176575,0.074494,0,0
53,59,21.750000,14.750000,0.000000,2,0.000000,0.000000,0.010000,0,0
54,26,22.250000,-1.750000,22.516251,4,0.090021,0.205182,0.060698,0,0
54,27,22.250000,-1.250000,22.416252,4,0.122414,0.260625,0.060249,0,0
54,31,22.250000,0.750000,0.000000,2,0.000000,0.000000,0.010000,0,0
54,32,22.250000,1.250000,22.471401,5,0.150808,0.343051,0.060496,0,0
54,33,22.250000,1.750000,0.000000,1,0.000000,0.000000,0.010000,0,0
54,39,22.250000,4.750000,23.009602,5,0.124991,0.333955,0.062944,0,0
54,44,22.250000,7.250000,0.000000,1,0.000000,0.000000,0.010000,0,0
54,45,22.250000,7.750000,23.665752,4,0.094023,0.251668,0.066007,0,0
54,50,22.250000,10.250000,24.786001,3,0.068068,0.157332,0.071435,0,0
54,55,22.250000,12.750000,0.000000,2,0.000000,0.000000,0.010000,0,0
54,59,22.250000,14.750000,26.955667,3,0.063668,0.191320,0.082661,0,0
55,9,22.750000,-10.250000,25.363750,4,0.092410,0.238668,0.074332,0,0
55,10,22.750000,-9.750000,25.211668,3,0.120726,0.173192,0.073563,0,0
55,30,22.750000,0.250000,0.000000,2,0.000000,0.000000,0.010000,0,0
55,31,22.750000,0.750000,22.983667,6,0.119218,0.382439,0.062825,0,0
55,38,22.750000,4.250000,0.000000,2,0.000000,0.000000,0.010000,0,0
55,39,22.750000,4.750000,0.000000,2,0.000000,0.000000,0.010000,0,0
55,44,22.750000,7.250000,24.240751,4,0.073439,0.203974,0.068761,0,0
55,45,22.750000,7.750000,0.000000,1,0.000000,0.000000,0.010000,0,0
55,49,22.750000,9.750000,0.000000,1,0.000000,0.000000,0.010000,0,0
55,50,22.750000,10.250000,0.000000,1,0.000000,0.000000,0.010000,0,0
55,55,22.750000,12.750000,26.194000,3,0.082572,0.207384,0.078613,0,0
55,59,22.750000,14.750000,0.000000,1,0.000000,0.000000,0.010000,0,0
56,9,23.250000,-10.250000,0.000000,1,0.000000,0.000000,0.010000,0,0
56,10,23.250000,-9.750000,0.000000,2,0.000000,0.000000,0.010000,0,0
56,11,23.250000,-9.250000,25.235334,6,0.132601,0.346392,0.073682,0,0
56,12,23.250000,-8.750000,25.184002,5,0.108544,0.294046,0.073423,0,0
56,13,23.250000,-8.250000,25.180401,5,0.091290,0.303072,0.073405,0,0
56,14,23.250000,-7.750000,24.946001,3,0.089568,0.197143,0.072230,0,0
56,29,23.250000,-0.250000,23.620502,4,0.120988,0.224425,0.065793,0,0
56,30,23.250000,0.250000,23.477001,5,0.107180,0.315396,0.065117,0,0
56,38,23.250000,4.250000,23.948002,7,0.120645,0.439904,0.067351,0,0
56,44,23.250000,7.250000,24.695002,3,0.071748,0.131083,0.070984,0,0
56,49,23.250000,9.750000,0.000000,1,0.000000,0.000000,0.010000,0,0
56,50,23.250000,10.250000,25.513252,4,0.126337,0.278461,0.075093,0,0
56,54,23.250000,12.250000,0.000000,1,0.000000,0.000000,0.010000,0,0
56,55,23.250000,12.750000,0.000000,2,0.000000,0.000000,0.010000,0,0
57,12,23.750000,-8.750000,0.000000,1,0.000000,0.000000,0.010000,0,0
57,14,23.750000,-7.750000,25.151335,3,0.100367,0.180247,0.073259,0,0
57,29,23.750000,-0.250000,0.000000,2,0.000000,0.000000,0.010000,0,0
57,37,23.750000,3.750000,0.000000,1,0.000000,0.000000,0.010000,0,0
57,38,23.750000,4.250000,0.000000,1,0.000000,0.000000,0.010000,0,0
57,43,23.750000,6.750000,0.000000,1,0.000000,0.000000,0.010000,0,0
57,44,23.750000,7.250000,24.924002,3,0.073242,0.134173,0.072121,0,0
57,50,23.750000,10.250000,0.000000,1,0.000000,0.000000,0.010000,0,0
57,55,23.750000,12.750000,0.000000,1,0.000000,0.000000,0.010000,0,0
58,37,24.250000,3.750000,24.753668,6,0.092010,0.363371,0.071274,0,0
58,43,24.250000,6.750000,0.000000,2,0.000000,0.000000,0.010000,0,0
58,49,24.250000,9.750000,26.299601,5,0.069914,0.283926,0.079167,0,0
58,54,24.250000,12.250000,0.000000,1,0.000000,0.000000,0.010000,0,0
58,55,24.250000,12.750000,0.000000,2,0.000000,0.000000,0.010000,0,0
59,36,24.750000,3.250000,25.179169,6,0.095922,0.365955,0.073399,0,0
59,37,24.750000,3.750000,0.000000,1,0.000000,0.000000,0.010000,0,0
59,43,24.750000,6.750000,0.000000,2,0.000000,0.000000,0.010000,0,0
59,49,24.750000,9.750000,0.000000,1,0.000000,0.000000,0.010000,0,0
59,55,24.750000,12.750000,0.000000,1,0.000000,0.000000,0.010000,0,0
60,35,25.250000,2.750000,25.865667,3,0.084058,0.122983,0.076903,0,0
60,36,25.250000,3.250000,0.000000,1,0.000000,0.000000,0.010000,0,0
60,42,25.250000,6.250000,0.000000,1,0.000000,0.000000,0.010000,0,0
60,43,25.250000,6.750000,26.354752,4,0.077545,0.204009,0.079457,0,0
60,49,25.250000,9.750000,27.328669,3,0.097902,0.200821,0.084686,0,0
60,55,25.250000,12.750000,28.523333,3,0.063798,0.152777,0.091358,0,0
61,34,25.750000,2.250000,26.310999,3,0.076141,0.112005,0.079227,0,0
61,35,25.750000,2.750000,26.134501,4,0.148018,0.267226,0.078301,0,0
61,42,25.750000,6.250000,0.000000,2,0.000000,0.000000,0.010000,0,0
61,49,25.750000,9.750000,27.694000,3,0.123066,0.214819,0.086696,0,0
61,55,25.750000,12.750000,0.000000,2,0.000000,0.000000,0.010000,0,0
62,33,26.250000,1.750000,0.000000,1,0.000000,0.000000,0.010000,0,0
62,34,26.250000,2.250000,0.000000,2,0.000000,0.000000,0.010000,0,0
62,42,26.250000,6.250000,0.000000,1,0.000000,0.000000,0.010000,0,0
62,48,26.250000,9.250000,0.000000,1,0.000000,0.000000,0.010000,0,0
62,49,26.250000,9.750000,0.000000,2,0.000000,0.000000,0.010000,0,0
62,55,26.250000,12.750000,0.000000,1,0.000000,0.000000,0.010000,0,0
63,33,26.750000,1.750000,27.082670,3,0.102597,0.210500,0.083347,0,0
63,42,26.750000,6.250000,27.772001,3,0.140086,0.219670,0.087128,0,0
63,48,26.750000,9.250000,0.000000,2,0.000000,0.000000,0.010000,0,0
63,49,26.750000,9.750000,0.000000,1,0.000000,0.000000,0.010000,0,0
63,54,26.750000,12.250000,0.000000,1,0.000000,0.000000,0.010000,0,0
63,55,26.750000,12.750000,0.000000,1,0.000000,0.000000,0.010000,0,0
64,25,27.250000,-2.250000,0.000000,1,0.000000,0.000000,0.010000,0,0
64,26,27.250000,-1.750000,27.481667,3,0.076190,0.101859,0.085524,0,0
64,32,27.250000,1.250000,27.613668,3,0.109617,0.178261,0.086251,0,0
64,33,27.250000,1.750000,27.383001,3,0.080651,0.160201,0.084983,0,0
64,41,27.250000,5.750000,28.156002,4,0.121234,0.275016,0.089276,0,0
64,42,27.250000,6.250000,0.000000,1,0.000000,0.000000,0.010000,0,0
64,48,27.250000,9.250000,0.000000,2,0.000000,0.000000,0.010000,0,0
64,55,27.250000,12.750000,0.000000,1,0.000000,0.000000,0.010000,0,0
65,31,27.750000,0.750000,28.122753,4,0.082263,0.177550,0.089089,0,0
65,32,27.750000,1.250000,28.057001,3,0.083243,0.125572,0.088720,0,0
65,41,27.750000,5.750000,0.000000,2,0.000000,0.000000,0.010000,0,0
65,48,27.750000,9.250000,0.000000,2,0.000000,0.000000,0.010000,0,0
65,55,27.750000,12.750000,0.000000,1,0.000000,0.000000,0.010000,0,0
66,30,28.250000,0.250000,0.000000,2,0.000000,0.000000,0.010000,0,0
66,31,28.250000,0.750000,0.000000,1,0.000000,0.000000,0.010000,0,0
66,40,28.250000,5.250000,0.000000,1,0.000000,0.000000,0.010000,0,0
66,48,28.250000,9.250000,0.000000,2,0.000000,0.000000,0.010000,0,0
67,40,28.750000,5.250000,0.000000,2,0.000000,0.000000,0.010000,0,0
68,29,29.250000,-0.250000,0.000000,1,0.000000,0.000000,0.010000,0,0
68,48,29.250000,9.250000,0.000000,1,0.000000,0.000000,0.010000,0,0
68,55,29.250000,12.750000,0.000000,1,0.000000,0.000000,0.010000,0,0
69,28,29.750000,-0.750000,0.000000,1,0.000000,0.000000,0.010000,0,0
69,39,29.750000,4.750000,0.000000,1,0.000000,0.000000,0.010000,0,0
69,55,29.750000,12.750000,0.000000,1,0.000000,0.000000,0.010000,0,0
