ix,iy,x_center,y_center,range,point_count,risk,confidence,sigma_r,lambda_min,lambda_max
0,0,-4.750000,-14.750000,16.271000,12,0.063932,0.274580,0.036475,0,0
0,1,-4.750000,-14.250000,0.000000,1,0.000000,0.000000,0.010000,0,0
0,2,-4.750000,-13.750000,14.780913,23,0.061638,0.507303,0.031848,0,0
0,4,-4.750000,-12.750000,13.753334,3,0.043290,0.081233,0.028915,0,0
0,5,-4.750000,-12.250000,13.187751,12,0.264864,0.336245,0.027392,0,0
0,7,-4.750000,-11.250000,0.000000,1,0.000000,0.000000,0.010000,0,0
0,8,-4.750000,-10.750000,11.964298,27,0.115616,0.601190,0.024314,0,0
0,9,-4.750000,-10.250000,0.000000,1,0.000000,0.000000,0.010000,0,0
0,10,-4.750000,-9.750000,11.139535,15,0.096772,0.471512,0.022409,0,0
0,11,-4.750000,-9.250000,10.716751,12,0.114188,0.385665,0.021485,0,0
0,12,-4.750000,-8.750000,10.091272,22,0.093187,0.663624,0.020183,0,0
0,13,-4.750000,-8.250000,9.739131,23,0.082376,0.675362,0.019485,0,0
0,14,-4.750000,-7.750000,9.242001,11,0.329767,0.380563,0.018541,0,0
0,15,-4.750000,-7.250000,8.782445,18,0.444818,0.636527,0.017713,0,0
0,16,-4.750000,-6.750000,8.526501,8,0.072879,0.286313,0.017270,0,0
0,17,-4.750000,-6.250000,8.062500,8,0.251390,0.292500,0.016500,0,0
0,18,-4.750000,-5.750000,7.740325,43,0.212293,0.741989,0.015991,0,0
0,19,-4.750000,-5.250000,7.333412,46,0.543571,0.755553,0.015378,0,0
0,20,-4.750000,-4.750000,6.985366,41,0.302300,0.767154,0.014880,0,0
0,21,-4.750000,-4.250000,6.715315,35,0.319842,0.776156,0.014510,0,0
0,22,-4.750000,-3.750000,6.066928,14,0.118800,0.558438,0.013681,0,0
0,23,-4.750000,-3.250000,5.913169,95,0.810233,0.802894,0.013497,0,0
0,24,-4.750000,-2.750000,5.748037,137,1.000000,0.808399,0.013304,0,0
0,25,-4.750000,-2.250000,5.546865,125,0.506338,0.815104,0.013077,0,0
0,26,-4.750000,-1.750000,5.390889,134,0.295922,0.820304,0.012906,0,0
0,27,-4.750000,-1.250000,5.238380,166,0.659488,0.825387,0.012744,0,0
0,28,-4.750000,-0.750000,5.175690,180,0.276500,0.827477,0.012679,0,0
0,29,-4.750000,-0.250000,5.087965,169,0.432482,0.830401,0.012589,0,0
0,30,-4.750000,0.250000,5.077986,142,0.178715,0.830734,0.012579,0,0
0,31,-4.750000,0.750000,5.189940,151,0.167823,0.827002,0.012694,0,0
0,32,-4.750000,1.250000,5.273468,207,1.000000,0.824218,0.012781,0,0
0,33,-4.750000,1.750000,5.399079,164,0.650067,0.820031,0.012915,0,0
0,34,-4.750000,2.250000,5.571493,69,0.267739,0.814284,0.013104,0,0
0,35,-4.750000,2.750000,5.918921,38,0.686247,0.802703,0.013503,0,0
0,39,-4.750000,4.750000,6.763334,3,0.003730,0.116183,0.014574,0,0
0,40,-4.750000,5.250000,0.000000,1,0.000000,0.000000,0.010000,0,0
1,0,-4.250000,-14.750000,16.017820,11,0.036598,0.256340,0.035657,0,0
1,1,-4.250000,-14.250000,0.000000,2,0.000000,0.000000,0.010000,0,0
1,2,-4.250000,-13.750000,14.595833,6,0.063308,0.154042,0.031304,0,0
1,5,-4.250000,-12.250000,13.142858,14,0.069941,0.393333,0.027273,0,0
1,8,-4.250000,-10.750000,11.698502,6,0.063712,0.183015,0.023685,0,0
1,11,-4.250000,-9.250000,10.224418,12,0.117328,0.395512,0.020454,0,0
1,12,-4.250000,-8.750000,9.909750,16,0.061525,0.535740,0.019820,0,0
1,13,-4.250000,-8.250000,9.389211,19,0.100128,0.652675,0.018816,0,0
1,14,-4.250000,-7.750000,8.876111,18,0.212306,0.633717,0.017879,0,0
1,15,-4.250000,-7.250000,8.533001,9,1.000000,0.322005,0.017281,0,0
1,16,-4.250000,-6.750000,8.051134,15,0.328056,0.548722,0.016482,0,0
1,17,-4.250000,-6.250000,7.679636,11,0.149874,0.409207,0.015898,0,0
1,18,-4.250000,-5.750000,7.243001,22,0.293991,0.758567,0.015246,0,0
1,19,-4.250000,-5.250000,6.932080,25,0.328201,0.768931,0.014805,0,0
1,20,-4.250000,-4.750000,6.426773,22,0.161433,0.785774,0.014130,0,0
1,21,-4.250000,-4.250000,6.160649,37,0.148483,0.794645,0.013795,0,0
1,22,-4.250000,-3.750000,5.815960,25,0.577127,0.806135,0.013383,0,0
1,23,-4.250000,-3.250000,5.476618,102,1.000000,0.817446,0.012999,0,0
1,24,-4.250000,-2.750000,5.200311,90,1.000000,0.826656,0.012704,0,0
1,25,-4.250000,-2.250000,4.983988,86,0.638538,0.833867,0.012484,0,0
1,26,-4.250000,-1.750000,4.791683,114,0.372741,0.840277,0.012296,0,0
1,27,-4.250000,-1.250000,4.732831,65,0.084293,0.842239,0.012240,0,0
1,28,-4.250000,-0.750000,4.633579,38,0.283304,0.845547,0.012147,0,0
1,29,-4.250000,-0.250000,4.567401,50,0.061604,0.847753,0.012086,0,0
1,30,-4.250000,0.250000,4.565834,66,0.063536,0.847806,0.012085,0,0
1,31,-4.250000,0.750000,4.543385,78,0.143719,0.848554,0.012064,0,0
1,32,-4.250000,1.250000,4.586414,147,0.839032,0.847120,0.012104,0,0
1,33,-4.250000,1.750000,4.716015,205,1.000000,0.842799,0.012224,0,0
1,34,-4.250000,2.250000,4.804745,94,0.565661,0.839842,0.012309,0,0
1,35,-4.250000,2.750000,4.957200,5,1.000000,0.208690,0.012457,0,0
1,38,-4.250000,4.250000,0.000000,1,0.000000,0.000000,0.010000,0,0
1,39,-4.250000,4.750000,0.000000,2,0.000000,0.000000,0.010000,0,0
1,40,-4.250000,5.250000,0.000000,2,0.000000,0.000000,0.010000,0,0
2,0,-3.750000,-14.750000,15.798752,8,0.043846,0.189350,0.034960,0,0
2,2,-3.750000,-13.750000,14.327273,11,0.088435,0.287333,0.030527,0,0
2,3,-3.750000,-13.250000,0.000000,1,0.000000,0.000000,0.010000,0,0
2,4,-3.750000,-12.750000,13.184250,8,0.054278,0.224210,0.027382,0,0
2,5,-3.750000,-12.250000,13.112750,4,0.052723,0.112582,0.027194,0,0
2,7,-3.750000,-11.250000,11.749858,7,0.063388,0.212918,0.023806,0,0
2,8,-3.750000,-10.750000,11.561445,9,0.063953,0.276578,0.023367,0,0
2,10,-3.750000,-9.750000,10.603889,9,0.603442,0.290942,0.021244,0,0
2,11,-3.750000,-9.250000,10.115801,5,0.060494,0.165702,0.020233,0,0
2,12,-3.750000,-8.750000,9.580101,20,0.357185,0.680663,0.019178,0,0
2,13,-3.750000,-8.250000,9.015500,8,0.691279,0.279793,0.018128,0,0
2,14,-3.750000,-7.750000,8.774000,9,0.184940,0.318390,0.017698,0,0
2,15,-3.750000,-7.250000,8.347000,13,0.621836,0.469148,0.016967,0,0
2,16,-3.750000,-6.750000,7.885000,14,0.252149,0.516017,0.016217,0,0
2,17,-3.750000,-6.250000,7.369357,14,0.595384,0.528048,0.015431,0,0
2,18,-3.750000,-5.750000,6.981140,43,0.222152,0.767295,0.014874,0,0
2,19,-3.750000,-5.250000,6.569928,14,0.680687,0.546702,0.014316,0,0
2,20,-3.750000,-4.750000,6.161583,24,0.446523,0.794614,0.013797,0,0
2,21,-3.750000,-4.250000,5.731696,23,0.326524,0.808943,0.013285,0,0
2,22,-3.750000,-3.750000,5.442565,46,0.680205,0.818581,0.012962,0,0
2,23,-3.750000,-3.250000,5.156654,26,1.000000,0.828112,0.012659,0,0
2,24,-3.750000,-2.750000,4.807298,84,1.000000,0.839757,0.012311,0,0
2,25,-3.750000,-2.250000,4.583167,72,1.000000,0.847228,0.012101,0,0
2,26,-3.750000,-1.750000,4.578667,6,1.000000,0.254213,0.012096,0,0
2,32,-3.750000,1.250000,4.199319,72,0.619178,0.860023,0.011763,0,0
2,33,-3.750000,1.750000,4.284706,105,1.000000,0.857176,0.011836,0,0
2,34,-3.750000,2.250000,4.516766,81,0.699126,0.849441,0.012040,0,0
2,35,-3.750000,2.750000,4.726596,79,0.262460,0.842447,0.012234,0,0
3,0,-3.250000,-14.750000,0.000000,1,0.000000,0.000000,0.010000,0,0
3,1,-3.250000,-14.250000,14.465668,3,0.042594,0.077672,0.030926,0,0
3,2,-3.250000,-13.750000,14.165890,9,0.058362,0.237512,0.030067,0,0
3,4,-3.250000,-12.750000,0.000000,1,0.000000,0.000000,0.010000,0,0
3,5,-3.250000,-12.250000,12.880900,10,0.073520,0.285318,0.026592,0,0
3,7,-3.250000,-11.250000,11.702155,13,0.069902,0.396453,0.023694,0,0
3,9,-3.250000,-10.250000,10.622222,9,0.072882,0.290667,0.021283,0,0
3,10,-3.250000,-9.750000,10.608001,7,0.073885,0.226240,0.021253,0,0
3,11,-3.250000,-9.250000,9.932858,14,0.092097,0.468233,0.019866,0,0
3,12,-3.250000,-8.750000,9.356000,3,0.077485,0.103220,0.018753,0,0
3,13,-3.250000,-8.250000,8.842566,23,0.613239,0.705248,0.017819,0,0
3,14,-3.250000,-7.750000,8.543334,12,0.539260,0.429133,0.017299,0,0
3,15,-3.250000,-7.250000,8.090778,18,0.166253,0.657277,0.016546,0,0
3,16,-3.250000,-6.750000,7.686834,6,0.443448,0.223132,0.015909,0,0
3,17,-3.250000,-6.250000,7.087400,10,0.669059,0.381877,0.015023,0,0
3,18,-3.250000,-5.750000,6.779470,17,0.634250,0.657915,0.014596,0,0
3,19,-3.250000,-5.250000,6.349250,4,1.000000,0.157672,0.014031,0,0
3,20,-3.250000,-4.750000,5.897060,33,0.587885,0.803431,0.013478,0,0
3,21,-3.250000,-4.250000,5.506657,35,0.581082,0.816445,0.013032,0,0
3,22,-3.250000,-3.750000,5.107806,72,0.818084,0.829740,0.012609,0,0
3,23,-3.250000,-3.250000,4.754359,64,1.000000,0.841521,0.012260,0,0
3,24,-3.250000,-2.750000,4.416438,64,1.000000,0.852785,0.011950,0,0
3,25,-3.250000,-2.250000,4.180080,25,0.657688,0.860664,0.011747,0,0
3,32,-3.250000,1.250000,3.923143,7,0.304437,0.304230,0.011539,0,0
3,33,-3.250000,1.750000,3.889226,151,0.944207,0.870359,0.011513,0,0
3,34,-3.250000,2.250000,3.991025,118,0.366975,0.866966,0.011593,0,0
3,35,-3.250000,2.750000,4.253848,137,0.913462,0.858205,0.011810,0,0
4,0,-2.750000,-14.750000,15.473501,4,0.058596,0.096843,0.033943,0,0
4,1,-2.750000,-14.250000,14.386202,5,0.951362,0.130115,0.030696,0,0
4,2,-2.750000,-13.750000,14.137001,19,0.377931,0.502328,0.029985,0,0
4,5,-2.750000,-12.250000,12.692250,12,0.062491,0.346155,0.026109,0,0
4,7,-2.750000,-11.250000,11.738072,14,0.083505,0.426112,0.023778,0,0
4,9,-2.750000,-10.250000,10.670938,16,0.069891,0.515442,0.021387,0,0
4,11,-2.750000,-9.250000,9.814500,16,0.104083,0.538280,0.019632,0,0
4,12,-2.750000,-8.750000,9.176750,16,0.096787,0.555287,0.018421,0,0
4,13,-2.750000,-8.250000,8.736876,8,0.077928,0.283508,0.017633,0,0
4,14,-2.750000,-7.750000,8.319351,20,0.259738,0.722688,0.016921,0,0
4,15,-2.750000,-7.250000,7.835714,14,0.191844,0.517167,0.016140,0,0
4,16,-2.750000,-6.750000,7.340666,12,0.595474,0.453187,0.015389,0,0
4,17,-2.750000,-6.250000,6.923800,5,0.515763,0.192302,0.014794,0,0
4,18,-2.750000,-5.750000,6.540167,6,0.586090,0.234598,0.014277,0,0
4,19,-2.750000,-5.250000,6.016408,27,0.620162,0.799453,0.013620,0,0
4,20,-2.750000,-4.750000,5.667490,47,0.946939,0.811084,0.013212,0,0
4,21,-2.750000,-4.250000,5.235983,58,0.738643,0.825467,0.012742,0,0
4,22,-2.750000,-3.750000,4.811612,49,1.000000,0.839613,0.012315,0,0
4,23,-2.750000,-3.250000,4.376464,54,1.000000,0.854118,0.011915,0,0
4,24,-2.750000,-2.750000,4.098827,58,0.766406,0.863372,0.011680,0,0
4,25,-2.750000,-2.250000,3.925600,5,0.314735,0.217287,0.011541,0,0
4,33,-2.750000,1.750000,3.662667,24,0.432452,0.877911,0.011342,0,0
4,34,-2.750000,2.250000,3.729674,129,0.513934,0.875678,0.011391,0,0
4,35,-2.750000,2.750000,4.063709,117,1.000000,0.864543,0.011651,0,0
4,36,-2.750000,3.250000,4.048667,3,0.187360,0.129757,0.011639,0,0
5,0,-2.250000,-14.750000,15.373199,10,0.058857,0.243780,0.033634,0,0
5,1,-2.250000,-14.250000,14.438715,7,0.072248,0.181548,0.030848,0,0
5,2,-2.250000,-13.750000,14.156334,3,0.050646,0.079218,0.030040,0,0
5,5,-2.250000,-12.250000,12.589077,13,0.051778,0.377237,0.025848,0,0
5,7,-2.250000,-11.250000,11.459667,12,0.096619,0.370807,0.023132,0,0
5,8,-2.250000,-10.750000,0.000000,1,0.000000,0.000000,0.010000,0,0
5,9,-2.250000,-10.250000,10.628000,15,0.102523,0.484300,0.021295,0,0
5,10,-2.250000,-9.750000,9.948546,11,0.085703,0.367610,0.019897,0,0
5,11,-2.250000,-9.250000,9.827857,7,0.079423,0.235342,0.019659,0,0
5,12,-2.250000,-8.750000,9.124421,19,0.102583,0.661060,0.018326,0,0
5,13,-2.250000,-8.250000,8.573810,21,0.108032,0.714206,0.017351,0,0
5,14,-2.250000,-7.750000,8.083858,14,0.161434,0.511377,0.016535,0,0
5,15,-2.250000,-7.250000,7.652200,5,0.251206,0.186232,0.015856,0,0
5,16,-2.250000,-6.750000,7.277375,24,0.318481,0.757421,0.015296,0,0
5,17,-2.250000,-6.250000,6.667456,44,0.518687,0.777751,0.014445,0,0
5,18,-2.250000,-5.750000,6.273635,33,0.891985,0.790879,0.013936,0,0
5,19,-2.250000,-5.250000,5.810897,57,1.000000,0.806303,0.013377,0,0
5,20,-2.250000,-4.750000,5.418225,106,1.000000,0.819393,0.012936,0,0
5,21,-2.250000,-4.250000,4.907805,77,1.000000,0.836406,0.012409,0,0
5,22,-2.250000,-3.750000,4.492333,51,1.000000,0.850256,0.012018,0,0
5,23,-2.250000,-3.250000,4.185948,58,0.614671,0.860468,0.011752,0,0
5,24,-2.250000,-2.750000,3.827364,11,0.060765,0.479832,0.011465,0,0
5,34,-2.250000,2.250000,3.539769,39,0.369861,0.882008,0.011253,0,0
5,35,-2.250000,2.750000,3.604133,172,0.294111,0.879862,0.011299,0,0
5,36,-2.250000,3.250000,4.080635,41,0.162123,0.863979,0.011665,0,0
5,37,-2.250000,3.750000,4.243295,34,0.258207,0.858557,0.011801,0,0
5,41,-2.250000,5.750000,0.000000,2,0.000000,0.000000,0.010000,0,0
5,47,-2.250000,8.750000,0.000000,1,0.000000,0.000000,0.010000,0,0
6,0,-1.750000,-14.750000,15.082601,10,0.121572,0.248623,0.032748,0,0
6,2,-1.750000,-13.750000,13.906001,7,0.064845,0.187763,0.029338,0,0
6,3,-1.750000,-13.250000,13.627002,3,0.044043,0.081865,0.028570,0,0
6,4,-1.750000,-12.750000,0.000000,1,0.000000,0.000000,0.010000,0,0
6,5,-1.750000,-12.250000,12.617751,12,0.068044,0.347645,0.025921,0,0
6,7,-1.750000,-11.250000,11.283001,6,0.067237,0.187170,0.022731,0,0
6,8,-1.750000,-10.750000,11.200222,9,0.067338,0.281997,0.022544,0,0
6,9,-1.750000,-10.250000,10.381001,15,0.086524,0.490475,0.020777,0,0
6,10,-1.750000,-9.750000,9.904823,17,0.089015,0.569363,0.019811,0,0
6,11,-1.750000,-9.250000,9.286000,6,0.089578,0.207140,0.018623,0,0
6,12,-1.750000,-8.750000,9.140154,13,0.113468,0.451963,0.018354,0,0
6,13,-1.750000,-8.250000,8.647951,20,0.118011,0.711735,0.017479,0,0
6,14,-1.750000,-7.750000,8.099682,22,0.124389,0.730011,0.016560,0,0
6,15,-1.750000,-7.250000,7.589572,21,0.135654,0.747014,0.015760,0,0
6,16,-1.750000,-6.750000,7.129421,19,0.565514,0.724235,0.015083,0,0
6,17,-1.750000,-6.250000,6.585701,30,0.831479,0.780477,0.014337,0,0
6,18,-1.750000,-5.750000,6.183001,43,0.654482,0.793900,0.013823,0,0
6,19,-1.750000,-5.250000,5.705521,48,0.802198,0.809816,0.013255,0,0
6,20,-1.750000,-4.750000,5.269217,55,0.809066,0.824359,0.012776,0,0
6,21,-1.750000,-4.250000,4.797121,75,0.898218,0.840096,0.012301,0,0
6,22,-1.750000,-3.750000,4.477680,25,0.824256,0.850744,0.012005,0,0
6,23,-1.750000,-3.250000,3.998200,15,0.493307,0.650045,0.011599,0,0
6,35,-1.750000,2.750000,3.449992,121,0.221028,0.885000,0.011190,0,0
6,36,-1.750000,3.250000,3.701512,41,0.097568,0.876616,0.011370,0,0
6,40,-1.750000,5.250000,5.629000,3,0.090190,0.121855,0.013169,0,0
6,41,-1.750000,5.750000,0.000000,1,0.000000,0.000000,0.010000,0,0
7,0,-1.250000,-14.750000,15.404201,5,0.212350,0.121632,0.033729,0,0
7,3,-1.250000,-13.250000,13.452273,11,0.086120,0.303375,0.028096,0,0
7,4,-1.250000,-12.750000,12.784335,6,0.384546,0.172157,0.026344,0,0
7,5,-1.250000,-12.250000,12.521750,8,0.066505,0.233043,0.025679,0,0
7,7,-1.250000,-11.250000,11.177334,3,0.061342,0.094113,0.022493,0,0
7,8,-1.250000,-10.750000,11.077583,12,0.068838,0.378448,0.022271,0,0
7,9,-1.250000,-10.250000,10.299625,16,0.077433,0.525343,0.020608,0,0
7,10,-1.250000,-9.750000,9.758937,16,0.108144,0.539762,0.019524,0,0
7,11,-1.250000,-9.250000,9.271001,10,0.123270,0.345483,0.018595,0,0
7,12,-1.250000,-8.750000,9.176501,8,0.093832,0.277647,0.018421,0,0
7,13,-1.250000,-8.250000,8.641277,18,0.112508,0.640762,0.017467,0,0
7,14,-1.250000,-7.750000,8.156477,21,0.120843,0.728117,0.016653,0,0
7,15,-1.250000,-7.250000,7.547032,31,0.020610,0.748432,0.015696,0,0
7,16,-1.250000,-6.750000,7.090572,21,0.068051,0.763648,0.015028,0,0
7,17,-1.250000,-6.250000,6.552028,36,0.098476,0.781599,0.014293,0,0
7,18,-1.250000,-5.750000,6.073626,8,0.382019,0.319018,0.013689,0,0
7,19,-1.250000,-5.250000,5.443167,6,0.216881,0.245568,0.012963,0,0
7,20,-1.250000,-4.750000,4.953001,73,0.606656,0.834900,0.012453,0,0
7,21,-1.250000,-4.250000,4.587367,60,0.963081,0.847088,0.012104,0,0
7,22,-1.250000,-3.750000,4.173375,16,0.758177,0.688710,0.011742,0,0
7,23,-1.250000,-3.250000,0.000000,2,0.000000,0.000000,0.010000,0,0
7,35,-1.250000,2.750000,3.274170,94,0.124985,0.890861,0.011072,0,0
7,36,-1.250000,3.250000,3.510539,26,0.088800,0.882982,0.011232,0,0
7,37,-1.250000,3.750000,3.891667,3,0.197617,0.130542,0.011515,0,0
8,0,-0.750000,-14.750000,15.514902,10,0.038682,0.241418,0.034071,0,0
8,2,-0.750000,-13.750000,13.620000,3,0.043224,0.081900,0.028550,0,0
8,3,-0.750000,-13.250000,13.376626,8,0.093700,0.221645,0.027893,0,0
8,4,-0.750000,-12.750000,0.000000,1,0.000000,0.000000,0.010000,0,0
8,5,-0.750000,-12.250000,12.310573,7,0.066011,0.206377,0.025155,0,0
8,6,-0.750000,-11.750000,12.037667,6,0.058764,0.179623,0.024491,0,0
8,7,-0.750000,-11.250000,11.345668,12,0.062351,0.373087,0.022872,0,0
8,8,-0.750000,-10.750000,0.000000,2,0.000000,0.000000,0.010000,0,0
8,9,-0.750000,-10.250000,10.286938,16,0.076660,0.525682,0.020582,0,0
8,10,-0.750000,-9.750000,0.000000,1,0.000000,0.000000,0.010000,0,0
8,11,-0.750000,-9.250000,9.470001,16,0.132233,0.547467,0.018968,0,0
8,12,-0.750000,-8.750000,8.862438,16,0.152587,0.563668,0.017854,0,0
8,13,-0.750000,-8.250000,8.446526,19,0.149274,0.682527,0.017134,0,0
8,14,-0.750000,-7.750000,7.970334,27,0.081217,0.734322,0.016353,0,0
8,15,-0.750000,-7.250000,7.373884,34,0.016340,0.754204,0.015437,0,0
8,16,-0.750000,-6.750000,6.862679,28,0.027127,0.771244,0.014710,0,0
8,17,-0.750000,-6.250000,6.432651,40,0.073038,0.785578,0.014138,0,0
8,18,-0.750000,-5.750000,5.930878,49,0.101158,0.802304,0.013518,0,0
8,19,-0.750000,-5.250000,5.542696,23,0.630885,0.815243,0.013072,0,0
8,20,-0.750000,-4.750000,4.919647,34,0.926816,0.836012,0.012420,0,0
8,21,-0.750000,-4.250000,4.420509,55,0.563929,0.852650,0.011954,0,0
8,22,-0.750000,-3.750000,4.003516,62,0.545896,0.866549,0.011603,0,0
8,23,-0.750000,-3.250000,0.000000,1,0.000000,0.000000,0.010000,0,0
8,35,-0.750000,2.750000,3.136572,21,0.014233,0.895448,0.010984,0,0
8,36,-0.750000,3.250000,3.472001,40,0.101431,0.884267,0.011205,0,0
8,37,-0.750000,3.750000,3.860943,52,0.289985,0.871302,0.011491,0,0
8,38,-0.750000,4.250000,4.247334,3,0.169488,0.128763,0.011804,0,0
8,44,-0.750000,7.250000,0.000000,1,0.000000,0.000000,0.010000,0,0
9,0,-0.250000,-14.750000,15.411273,11,0.038770,0.267460,0.033751,0,0
9,2,-0.250000,-13.750000,13.701183,11,0.050151,0.298812,0.028772,0,0
9,3,-0.250000,-13.250000,0.000000,2,0.000000,0.000000,0.010000,0,0
9,5,-0.250000,-12.250000,0.000000,2,0.000000,0.000000,0.010000,0,0
9,6,-0.250000,-11.750000,11.970166,12,0.062511,0.360597,0.024328,0,0
9,7,-0.250000,-11.250000,11.175701,10,0.069205,0.313738,0.022490,0,0
9,8,-0.250000,-10.750000,11.010000,5,0.066631,0.158250,0.022122,0,0
9,9,-0.250000,-10.250000,10.204000,9,0.075147,0.296940,0.020412,0,0
9,10,-0.250000,-9.750000,9.981858,7,0.088210,0.233545,0.019964,0,0
9,11,-0.250000,-9.250000,9.344111,18,0.101336,0.619677,0.018731,0,0
9,12,-0.250000,-8.750000,8.731369,19,0.111224,0.673507,0.017624,0,0
9,13,-0.250000,-8.250000,8.297651,20,0.115791,0.723412,0.016885,0,0
9,14,-0.250000,-7.750000,7.821786,28,0.188322,0.739274,0.016118,0,0
9,15,-0.250000,-7.250000,7.408055,37,0.095829,0.753065,0.015488,0,0
9,16,-0.250000,-6.750000,6.907084,24,0.207718,0.769764,0.014771,0,0
9,17,-0.250000,-6.250000,6.422000,30,0.127806,0.785933,0.014124,0,0
9,18,-0.250000,-5.750000,5.947684,19,0.107558,0.761657,0.013537,0,0
9,19,-0.250000,-5.250000,5.496954,22,0.153270,0.816768,0.013022,0,0
9,21,-0.250000,-4.250000,4.324800,10,0.134054,0.427920,0.011870,0,0
9,22,-0.250000,-3.750000,4.012611,18,0.449737,0.779622,0.011610,0,0
9,37,-0.250000,3.750000,0.000000,1,0.000000,0.000000,0.010000,0,0
9,39,-0.250000,4.750000,4.939333,3,0.027890,0.125303,0.012440,0,0
9,40,-0.250000,5.250000,5.303250,8,0.077952,0.329290,0.012812,0,0
9,41,-0.250000,5.750000,0.000000,1,0.000000,0.000000,0.010000,0,0
10,0,0.250000,-14.750000,15.288000,11,0.037475,0.269720,0.033372,0,0
10,2,0.250000,-13.750000,13.638144,7,0.044675,0.190888,0.028600,0,0
10,3,0.250000,-13.250000,13.571001,5,0.042084,0.136908,0.028417,0,0
10,6,0.250000,-11.750000,11.736001,11,0.084219,0.334840,0.023773,0,0
10,7,0.250000,-11.250000,11.570666,3,0.050051,0.092147,0.023388,0,0
10,8,0.250000,-10.750000,10.834734,15,0.075673,0.479132,0.021739,0,0
10,9,0.250000,-10.250000,0.000000,1,0.000000,0.000000,0.010000,0,0
10,10,0.250000,-9.750000,9.864312,16,0.174381,0.536952,0.019730,0,0
10,11,0.250000,-9.250000,9.399445,18,0.092418,0.618017,0.018835,0,0
10,12,0.250000,-8.750000,8.647467,15,0.098670,0.533813,0.017478,0,0
10,13,0.250000,-8.250000,8.264952,20,0.030838,0.724502,0.016831,0,0
10,14,0.250000,-7.750000,7.845884,26,0.097573,0.738471,0.016156,0,0
10,15,0.250000,-7.250000,7.377355,31,0.072725,0.754088,0.015443,0,0
10,16,0.250000,-6.750000,6.887298,47,0.182862,0.770423,0.014743,0,0
10,17,0.250000,-6.250000,6.420167,36,0.207299,0.785994,0.014122,0,0
10,18,0.250000,-5.750000,5.904530,17,0.192940,0.682705,0.013486,0,0
10,19,0.250000,-5.250000,5.457572,28,0.166696,0.818081,0.012979,0,0
10,20,0.250000,-4.750000,5.008530,17,0.258821,0.708092,0.012509,0,0
10,21,0.250000,-4.250000,4.592875,8,0.176446,0.338762,0.012109,0,0
10,35,0.250000,2.750000,3.134666,3,0.296129,0.134327,0.010983,0,0
10,36,0.250000,3.250000,3.285137,22,1.000000,0.890495,0.011079,0,0
10,37,0.250000,3.750000,3.896000,3,1.000000,0.130520,0.011518,0,0
10,39,0.250000,4.750000,4.862200,5,0.010013,0.209482,0.012364,0,0
10,40,0.250000,5.250000,5.122000,3,0.169890,0.124390,0.012623,0,0
10,41,0.250000,5.750000,0.000000,1,0.000000,0.000000,0.010000,0,0
10,42,0.250000,6.250000,0.000000,1,0.000000,0.000000,0.010000,0,0
11,0,0.750000,-14.750000,15.132183,11,0.046896,0.272577,0.032898,0,0
11,3,0.750000,-13.250000,13.453167,12,0.045814,0.330937,0.028099,0,0
11,5,0.750000,-12.250000,0.000000,2,0.000000,0.000000,0.010000,0,0
11,6,0.750000,-11.750000,12.070545,11,0.052002,0.328707,0.024570,0,0
11,8,0.750000,-10.750000,10.748267,15,0.083703,0.481293,0.021553,0,0
11,10,0.750000,-9.750000,9.988688,16,0.068840,0.533635,0.019977,0,0
11,11,0.750000,-9.250000,9.299946,18,0.089210,0.621002,0.018649,0,0
11,12,0.750000,-8.750000,8.663353,17,0.085923,0.604538,0.017505,0,0
11,13,0.750000,-8.250000,8.339201,5,0.005360,0.180507,0.016954,0,0
11,14,0.750000,-7.750000,7.910265,34,0.045841,0.736324,0.016257,0,0
11,15,0.750000,-7.250000,7.386415,29,0.046768,0.753786,0.015456,0,0
11,16,0.750000,-6.750000,6.967035,28,0.070157,0.767766,0.014854,0,0
11,17,0.750000,-6.250000,6.396078,51,0.122939,0.786797,0.014091,0,0
11,18,0.750000,-5.750000,5.996917,60,0.222089,0.800103,0.013596,0,0
11,19,0.750000,-5.250000,5.460214,80,0.090398,0.817993,0.012981,0,0
11,20,0.750000,-4.750000,4.976988,79,0.076852,0.834100,0.012477,0,0
11,21,0.750000,-4.250000,4.687945,36,0.325744,0.843735,0.012198,0,0
11,36,0.750000,3.250000,3.529789,184,1.000000,0.882340,0.011246,0,0
11,37,0.750000,3.750000,3.824883,17,0.146716,0.741628,0.011463,0,0
11,38,0.750000,4.250000,0.000000,2,0.000000,0.000000,0.010000,0,0
12,0,1.250000,-14.750000,14.954090,11,0.040414,0.275842,0.032362,0,0
12,3,1.250000,-13.250000,13.339616,13,0.041615,0.360975,0.027795,0,0
12,6,1.250000,-11.750000,12.001430,14,0.051018,0.419967,0.024403,0,0
12,8,1.250000,-10.750000,10.836356,14,0.064401,0.447152,0.021743,0,0
12,9,1.250000,-10.250000,0.000000,2,0.000000,0.000000,0.010000,0,0
12,10,1.250000,-9.750000,9.883500,14,0.106254,0.469385,0.019768,0,0
12,11,1.250000,-9.250000,9.440111,9,0.013025,0.308398,0.018912,0,0
12,12,1.250000,-8.750000,8.960688,16,0.083669,0.561048,0.018029,0,0
12,13,1.250000,-8.250000,8.523901,20,0.118487,0.715870,0.017266,0,0
12,14,1.250000,-7.750000,8.086714,21,0.122438,0.730443,0.016539,0,0
12,15,1.250000,-7.250000,7.507321,25,0.018497,0.749756,0.015636,0,0
12,16,1.250000,-6.750000,6.965305,46,0.095872,0.767823,0.014852,0,0
12,17,1.250000,-6.250000,6.457555,36,0.090468,0.784748,0.014170,0,0
12,18,1.250000,-5.750000,6.033123,65,0.059372,0.798896,0.013640,0,0
12,19,1.250000,-5.250000,5.563540,87,0.102624,0.814549,0.013095,0,0
12,20,1.250000,-4.750000,5.055164,98,0.211049,0.831495,0.012555,0,0
12,21,1.250000,-4.250000,4.741961,52,0.126346,0.841935,0.012249,0,0
12,35,1.250000,2.750000,3.362364,33,0.327138,0.887921,0.011131,0,0
12,36,1.250000,3.250000,3.613662,243,1.000000,0.879545,0.011306,0,0
12,37,1.250000,3.750000,3.991991,109,1.000000,0.866934,0.011594,0,0
12,38,1.250000,4.250000,4.462882,34,1.000000,0.851237,0.011992,0,0
12,39,1.250000,4.750000,5.043000,5,1.000000,0.207975,0.012543,0,0
12,41,1.250000,5.750000,0.000000,1,0.000000,0.000000,0.010000,0,0
12,42,1.250000,6.250000,6.327429,7,0.217469,0.276180,0.014004,0,0
12,43,1.250000,6.750000,0.000000,2,0.000000,0.000000,0.010000,0,0
12,44,1.250000,7.250000,7.535201,5,0.123515,0.187207,0.015678,0,0
12,45,1.250000,7.750000,0.000000,2,0.000000,0.000000,0.010000,0,0
13,0,1.750000,-14.750000,14.765500,10,0.038972,0.253908,0.031802,0,0
13,1,1.750000,-14.250000,0.000000,2,0.000000,0.000000,0.010000,0,0
13,3,1.750000,-13.250000,13.214571,7,0.045962,0.195830,0.027462,0,0
13,4,1.750000,-12.750000,13.169835,6,0.043399,0.168302,0.027344,0,0
13,6,1.750000,-11.750000,11.857801,15,0.058165,0.453555,0.024061,0,0
13,8,1.750000,-10.750000,10.794250,12,0.060783,0.384115,0.021652,0,0
13,9,1.750000,-10.250000,10.735500,4,0.059077,0.128430,0.021525,0,0
13,11,1.750000,-9.250000,9.592626,16,0.094449,0.544197,0.019202,0,0
13,12,1.750000,-8.750000,8.978842,19,0.084043,0.665670,0.018062,0,0
13,13,1.750000,-8.250000,8.409118,17,0.099998,0.611742,0.017071,0,0
13,14,1.750000,-7.750000,8.052808,26,0.119159,0.731573,0.016485,0,0
13,15,1.750000,-7.250000,7.566000,26,0.056164,0.747800,0.015724,0,0
13,16,1.750000,-6.750000,7.069319,22,0.163170,0.764356,0.014998,0,0
13,17,1.750000,-6.250000,6.592571,42,0.209876,0.780248,0.014346,0,0
13,18,1.750000,-5.750000,6.097690,71,0.323889,0.796744,0.013718,0,0
13,19,1.750000,-5.250000,5.678500,60,0.153340,0.810717,0.013225,0,0
13,20,1.750000,-4.750000,5.207685,70,0.077403,0.826410,0.012712,0,0
13,21,1.750000,-4.250000,4.799120,125,0.183511,0.840029,0.012303,0,0
13,22,1.750000,-3.750000,4.554601,20,0.297808,0.848180,0.012074,0,0
13,35,1.750000,2.750000,3.401972,212,0.639000,0.886601,0.011157,0,0
13,36,1.750000,3.250000,3.584816,49,1.000000,0.880506,0.011285,0,0
13,37,1.750000,3.750000,4.180644,28,0.893127,0.860645,0.011748,0,0
13,38,1.750000,4.250000,4.644955,89,0.967744,0.845168,0.012158,0,0
13,39,1.750000,4.750000,5.157785,28,0.987072,0.828074,0.012660,0,0
13,40,1.750000,5.250000,5.538750,8,0.246975,0.326150,0.013068,0,0
14,1,2.250000,-14.250000,14.582168,12,0.041289,0.308357,0.031264,0,0
14,4,2.250000,-12.750000,13.036999,13,0.049778,0.367532,0.026996,0,0
14,7,2.250000,-11.250000,11.708866,15,0.051319,0.457278,0.023710,0,0
14,9,2.250000,-10.250000,10.656439,16,0.065113,0.515828,0.021356,0,0
14,11,2.250000,-9.250000,9.697333,18,0.130780,0.609080,0.019404,0,0
14,12,2.250000,-8.750000,8.906000,4,0.080884,0.140627,0.017932,0,0
14,13,2.250000,-8.250000,8.714168,18,0.130391,0.638575,0.017594,0,0
14,14,2.250000,-7.750000,8.170044,23,0.107245,0.727665,0.016675,0,0
14,15,2.250000,-7.250000,7.691080,38,0.139759,0.743631,0.015915,0,0
14,16,2.250000,-6.750000,7.240468,32,0.128791,0.758651,0.015242,0,0
14,17,2.250000,-6.250000,6.859751,12,0.156771,0.462805,0.014706,0,0
14,18,2.250000,-5.750000,6.312367,63,0.343447,0.789588,0.013985,0,0
14,19,2.250000,-5.250000,5.870282,53,0.125236,0.804324,0.013446,0,0
14,20,2.250000,-4.750000,5.421157,76,0.119116,0.819295,0.012939,0,0
14,21,2.250000,-4.250000,4.936172,99,0.149020,0.835461,0.012437,0,0
14,22,2.250000,-3.750000,4.634960,102,0.216636,0.845501,0.012148,0,0
14,35,2.250000,2.750000,3.734308,246,1.000000,0.875523,0.011395,0,0
14,36,2.250000,3.250000,3.921778,9,1.000000,0.391173,0.011538,0,0
14,38,2.250000,4.250000,0.000000,1,0.000000,0.000000,0.010000,0,0
14,39,2.250000,4.750000,5.214227,22,1.000000,0.826192,0.012719,0,0
14,40,2.250000,5.250000,5.731342,38,0.654086,0.808955,0.013285,0,0
14,41,2.250000,5.750000,6.264215,14,1.000000,0.553835,0.013924,0,0
14,42,2.250000,6.250000,0.000000,1,0.000000,0.000000,0.010000,0,0
15,1,2.750000,-14.250000,14.412126,8,0.043705,0.207838,0.030771,0,0
15,2,2.750000,-13.750000,14.315500,4,0.037091,0.104563,0.030493,0,0
15,4,2.750000,-12.750000,12.908001,6,0.043178,0.170920,0.026662,0,0
15,5,2.750000,-12.250000,12.819778,9,0.045485,0.257703,0.026435,0,0
15,7,2.750000,-11.250000,11.589335,15,0.064366,0.460267,0.023431,0,0
15,9,2.750000,-10.250000,10.532073,14,0.066487,0.454252,0.021092,0,0
15,10,2.750000,-9.750000,10.455251,4,0.061683,0.130298,0.020931,0,0
15,11,2.750000,-9.250000,9.638527,19,0.065311,0.644780,0.019290,0,0
15,13,2.750000,-8.250000,8.828389,18,0.113907,0.635148,0.017794,0,0
15,14,2.750000,-7.750000,8.127909,11,0.096223,0.400988,0.016606,0,0
15,15,2.750000,-7.250000,7.869914,23,0.051012,0.737670,0.016194,0,0
15,16,2.750000,-6.750000,7.430317,38,0.124797,0.752323,0.015521,0,0
15,17,2.750000,-6.250000,6.960342,38,0.065463,0.767989,0.014845,0,0
15,18,2.750000,-5.750000,6.507133,45,0.037588,0.783096,0.014234,0,0
15,19,2.750000,-5.250000,6.052063,32,0.096636,0.798265,0.013663,0,0
15,20,2.750000,-4.750000,5.573763,55,0.068285,0.814208,0.013107,0,0
15,21,2.750000,-4.250000,5.191525,59,0.075671,0.826949,0.012695,0,0
15,22,2.750000,-3.750000,4.792711,31,0.310129,0.840243,0.012297,0,0
15,23,2.750000,-3.250000,4.470688,32,0.272789,0.850977,0.011999,0,0
15,24,2.750000,-2.750000,0.000000,2,0.000000,0.000000,0.010000,0,0
15,34,2.750000,2.250000,3.870581,31,0.145381,0.870981,0.011498,0,0
15,35,2.750000,2.750000,4.021387,158,1.000000,0.865954,0.011617,0,0
15,36,2.750000,3.250000,4.432295,71,1.000000,0.852257,0.011965,0,0
15,37,2.750000,3.750000,4.718218,23,0.636997,0.842726,0.012226,0,0
15,38,2.750000,4.250000,0.000000,1,0.000000,0.000000,0.010000,0,0
15,40,2.750000,5.250000,6.057333,3,0.079079,0.119713,0.013669,0,0
15,41,2.750000,5.750000,6.379667,9,0.706637,0.354305,0.014070,0,0
15,42,2.750000,6.250000,6.827056,18,0.446012,0.695188,0.014661,0,0
15,43,2.750000,6.750000,7.406429,7,0.957480,0.263592,0.015486,0,0
15,47,2.750000,8.750000,0.000000,1,0.000000,0.000000,0.010000,0,0
16,2,3.250000,-13.750000,14.242000,13,0.041640,0.341423,0.030283,0,0
16,5,3.250000,-12.250000,12.698215,14,0.056193,0.403708,0.026124,0,0
16,7,3.250000,-11.250000,0.000000,2,0.000000,0.000000,0.010000,0,0
16,8,3.250000,-10.750000,11.400668,15,0.057915,0.464983,0.022998,0,0
16,10,3.250000,-9.750000,10.362000,18,0.054178,0.589140,0.020737,0,0
16,12,3.250000,-8.750000,9.510199,20,0.079610,0.682993,0.019044,0,0
16,13,3.250000,-8.250000,8.813357,14,0.084030,0.494355,0.017768,0,0
16,14,3.250000,-7.750000,8.731501,8,0.073913,0.283580,0.017624,0,0
16,15,3.250000,-7.250000,8.098547,22,0.095583,0.730048,0.016559,0,0
16,16,3.250000,-6.750000,7.564565,23,0.176361,0.747848,0.015722,0,0
16,17,3.250000,-6.250000,7.121290,38,0.164244,0.762624,0.015071,0,0
16,18,3.250000,-5.750000,6.736355,51,0.199496,0.775455,0.014538,0,0
16,19,3.250000,-5.250000,6.321729,48,0.266458,0.789276,0.013996,0,0
16,20,3.250000,-4.750000,5.825556,18,0.093550,0.725233,0.013394,0,0
16,21,3.250000,-4.250000,5.269143,7,1.000000,0.288527,0.012776,0,0
16,22,3.250000,-3.750000,5.127543,46,0.050822,0.829082,0.012629,0,0
16,23,3.250000,-3.250000,4.735782,114,0.130553,0.842141,0.012243,0,0
16,24,3.250000,-2.750000,4.489501,74,0.204390,0.850350,0.012016,0,0
16,25,3.250000,-2.250000,4.394667,12,0.306062,0.512107,0.011931,0,0
16,33,3.250000,1.750000,4.022667,9,0.011275,0.389660,0.011618,0,0
16,34,3.250000,2.250000,4.166389,41,0.067305,0.861120,0.011736,0,0
16,35,3.250000,2.750000,4.362000,84,0.421220,0.854600,0.011903,0,0
16,36,3.250000,3.250000,4.654376,189,1.000000,0.844854,0.012166,0,0
16,37,3.250000,3.750000,4.962416,53,0.829933,0.834586,0.012463,0,0
16,38,3.250000,4.250000,5.343778,27,0.866084,0.821874,0.012856,0,0
16,39,3.250000,4.750000,0.000000,1,0.000000,0.000000,0.010000,0,0
16,40,3.250000,5.250000,0.000000,1,0.000000,0.000000,0.010000,0,0
16,41,3.250000,5.750000,0.000000,1,0.000000,0.000000,0.010000,0,0
16,42,3.250000,6.250000,7.035500,8,0.090221,0.306193,0.014950,0,0
16,43,3.250000,6.750000,7.567786,14,0.394766,0.523418,0.015727,0,0
16,44,3.250000,7.250000,7.854572,14,0.388946,0.516727,0.016169,0,0
16,45,3.250000,7.750000,8.515000,3,0.029613,0.107425,0.017251,0,0
16,47,3.250000,8.750000,0.000000,1,0.000000,0.000000,0.010000,0,0
17,0,3.750000,-14.750000,16.000601,5,0.029858,0.116662,0.035602,0,0
17,2,3.750000,-13.750000,14.139335,6,0.037333,0.158607,0.029992,0,0
17,3,3.750000,-13.250000,13.976859,7,0.042710,0.186937,0.029535,0,0
17,5,3.750000,-12.250000,0.000000,1,0.000000,0.000000,0.010000,0,0
17,6,3.750000,-11.750000,12.516786,14,0.050208,0.407942,0.025667,0,0
17,8,3.750000,-10.750000,11.277201,10,0.054248,0.312047,0.022718,0,0
17,9,3.750000,-10.250000,11.203857,7,0.053988,0.219288,0.022553,0,0
17,10,3.750000,-9.750000,10.283168,6,0.056869,0.197168,0.020574,0,0
17,11,3.750000,-9.250000,10.189429,14,0.061190,0.462247,0.020382,0,0
17,12,3.750000,-8.750000,9.387112,9,0.080852,0.309193,0.018812,0,0
17,13,3.750000,-8.250000,9.303538,13,0.074085,0.448423,0.018656,0,0
17,14,3.750000,-7.750000,8.632088,23,0.088784,0.712264,0.017451,0,0
17,15,3.750000,-7.250000,8.086769,13,0.004076,0.474787,0.016540,0,0
17,16,3.750000,-6.750000,7.930689,16,0.004858,0.588515,0.016290,0,0
17,17,3.750000,-6.250000,7.408272,33,0.048186,0.753058,0.015488,0,0
17,18,3.750000,-5.750000,6.979751,20,0.060277,0.767342,0.014872,0,0
17,21,3.750000,-4.250000,5.762784,37,0.107031,0.807907,0.013321,0,0
17,22,3.750000,-3.750000,5.435173,70,0.295783,0.818828,0.012954,0,0
17,23,3.750000,-3.250000,5.099944,72,0.263861,0.830002,0.012601,0,0
17,24,3.750000,-2.750000,4.799541,115,0.263298,0.840015,0.012304,0,0
17,25,3.750000,-2.250000,4.617308,94,0.169660,0.846090,0.012132,0,0
17,26,3.750000,-1.750000,4.458055,36,0.040509,0.851398,0.011987,0,0
17,27,3.750000,-1.250000,4.268154,39,0.110750,0.857728,0.011822,0,0
17,28,3.750000,-0.750000,4.178444,9,0.306325,0.387323,0.011746,0,0
17,29,3.750000,-0.250000,4.122619,21,0.102004,0.862579,0.011700,0,0
17,30,3.750000,0.250000,4.091931,29,0.083071,0.863602,0.011674,0,0
17,32,3.750000,1.250000,4.189143,7,0.241737,0.301127,0.011755,0,0
17,33,3.750000,1.750000,0.000000,2,0.000000,0.000000,0.010000,0,0
17,34,3.750000,2.250000,4.505666,45,0.124797,0.849811,0.012030,0,0
17,35,3.750000,2.750000,4.929056,54,1.000000,0.835698,0.012430,0,0
17,36,3.750000,3.250000,5.092645,101,1.000000,0.830245,0.012594,0,0
17,37,3.750000,3.750000,5.404694,114,0.970244,0.819844,0.012921,0,0
17,38,3.750000,4.250000,5.711940,50,0.917746,0.809602,0.013263,0,0
17,39,3.750000,4.750000,6.132000,5,1.000000,0.198900,0.013760,0,0
17,40,3.750000,5.250000,0.000000,2,0.000000,0.000000,0.010000,0,0
17,41,3.750000,5.750000,6.859667,3,0.054457,0.115702,0.014706,0,0
17,42,3.750000,6.250000,0.000000,1,0.000000,0.000000,0.010000,0,0
17,43,3.750000,6.750000,0.000000,1,0.000000,0.000000,0.010000,0,0
17,47,3.750000,8.750000,0.000000,1,0.000000,0.000000,0.010000,0,0
18,0,4.250000,-14.750000,15.832500,12,0.039743,0.283350,0.035067,0,0
18,3,4.250000,-13.250000,13.862752,12,0.043748,0.322745,0.029218,0,0
18,4,4.250000,-12.750000,0.000000,2,0.000000,0.000000,0.010000,0,0
18,6,4.250000,-11.750000,12.385555,9,0.044493,0.264217,0.025340,0,0
18,7,4.250000,-11.250000,12.259001,7,0.043478,0.206978,0.025028,0,0
18,9,4.250000,-10.250000,11.085000,16,0.062121,0.504400,0.022288,0,0
18,10,4.250000,-9.750000,0.000000,2,0.000000,0.000000,0.010000,0,0
18,11,4.250000,-9.250000,10.081100,10,0.056802,0.331982,0.020163,0,0
18,12,4.250000,-8.750000,9.995100,10,0.062781,0.333415,0.019990,0,0
18,13,4.250000,-8.250000,9.214847,13,0.075927,0.450345,0.018491,0,0
18,14,4.250000,-7.750000,9.123181,11,0.075004,0.382742,0.018323,0,0
18,15,4.250000,-7.250000,8.480520,25,0.079682,0.717316,0.017192,0,0
18,16,4.250000,-6.750000,7.966667,18,0.008753,0.661000,0.016347,0,0
18,17,4.250000,-6.250000,7.547000,3,0.083935,0.112265,0.015696,0,0
18,19,4.250000,-5.250000,6.824333,3,0.108146,0.115878,0.014657,0,0
18,20,4.250000,-4.750000,6.425447,38,0.126482,0.785818,0.014129,0,0
18,21,4.250000,-4.250000,6.118668,48,0.124773,0.796044,0.013744,0,0
18,22,4.250000,-3.750000,5.826240,46,0.114792,0.805792,0.013395,0,0
18,23,4.250000,-3.250000,5.446596,52,0.105536,0.818447,0.012967,0,0
18,24,4.250000,-2.750000,5.169193,78,0.055112,0.827694,0.012672,0,0
18,25,4.250000,-2.250000,4.966954,107,0.178560,0.834435,0.012467,0,0
18,26,4.250000,-1.750000,4.790395,99,0.073360,0.840320,0.012295,0,0
18,27,4.250000,-1.250000,4.579611,82,0.099799,0.847346,0.012097,0,0
18,28,4.250000,-0.750000,4.539766,64,0.030067,0.848674,0.012061,0,0
18,29,4.250000,-0.250000,4.415787,33,0.070667,0.852807,0.011950,0,0
18,30,4.250000,0.250000,4.417868,114,0.075036,0.852738,0.011952,0,0
18,31,4.250000,0.750000,4.460563,16,0.068838,0.681052,0.011990,0,0
18,32,4.250000,1.250000,4.443715,14,0.249122,0.596313,0.011975,0,0
18,33,4.250000,1.750000,4.786792,24,0.030990,0.840440,0.012291,0,0
18,34,4.250000,2.250000,5.013522,73,0.941472,0.832883,0.012514,0,0
18,35,4.250000,2.750000,5.144483,145,1.000000,0.828517,0.012647,0,0
18,36,4.250000,3.250000,5.403491,53,1.000000,0.819884,0.012920,0,0
18,37,4.250000,3.750000,5.584938,16,0.339176,0.651068,0.013119,0,0
18,38,4.250000,4.250000,6.016161,31,0.404083,0.799461,0.013619,0,0
18,39,4.250000,4.750000,6.434940,33,0.806309,0.785502,0.014141,0,0
18,40,4.250000,5.250000,6.838850,20,1.000000,0.772038,0.014677,0,0
18,41,4.250000,5.750000,7.217000,3,0.045579,0.113915,0.015209,0,0
18,42,4.250000,6.250000,7.560750,4,0.219011,0.149595,0.015716,0,0
18,43,4.250000,6.750000,7.850500,4,1.000000,0.147663,0.016163,0,0
18,44,4.250000,7.250000,0.000000,1,0.000000,0.000000,0.010000,0,0
18,51,4.250000,10.750000,0.000000,1,0.000000,0.000000,0.010000,0,0
19,0,4.750000,-14.750000,15.601309,13,0.044247,0.311972,0.034340,0,0
19,4,4.750000,-12.750000,13.641286,14,0.048852,0.381703,0.028608,0,0
19,5,4.750000,-12.250000,0.000000,1,0.000000,0.000000,0.010000,0,0
19,7,4.750000,-11.250000,12.156083,12,0.049405,0.356878,0.024777,0,0
19,8,4.750000,-10.750000,12.042666,6,0.043792,0.179573,0.024503,0,0
19,10,4.750000,-9.750000,10.880651,20,0.068585,0.637312,0.021839,0,0
19,12,4.750000,-8.750000,9.910573,14,0.061512,0.468753,0.019822,0,0
19,13,4.750000,-8.250000,9.817751,8,0.067564,0.269097,0.019639,0,0
19,14,4.750000,-7.750000,9.054933,15,0.062638,0.523627,0.018199,0,0
19,15,4.750000,-7.250000,8.967167,6,0.069314,0.210328,0.018041,0,0
19,16,4.750000,-6.750000,8.386200,5,0.076112,0.180115,0.017033,0,0
19,18,4.750000,-5.750000,0.000000,1,0.000000,0.000000,0.010000,0,0
19,19,4.750000,-5.250000,7.168550,20,0.093650,0.761048,0.015139,0,0
19,20,4.750000,-4.750000,6.804484,31,0.029719,0.773184,0.014630,0,0
19,21,4.750000,-4.250000,6.440118,51,0.089745,0.785329,0.014148,0,0
19,22,4.750000,-3.750000,6.161075,27,0.147955,0.794631,0.013796,0,0
19,23,4.750000,-3.250000,5.832704,74,0.112450,0.805577,0.013402,0,0
19,24,4.750000,-2.750000,5.607826,69,0.074634,0.813072,0.013145,0,0
19,25,4.750000,-2.250000,5.365534,73,0.031680,0.821149,0.012879,0,0
19,26,4.750000,-1.750000,5.205959,74,0.041695,0.826468,0.012710,0,0
19,27,4.750000,-1.250000,5.047075,81,0.138455,0.831764,0.012547,0,0
19,28,4.750000,-0.750000,4.926662,68,0.069413,0.835778,0.012427,0,0
19,29,4.750000,-0.250000,4.938686,54,0.036998,0.835377,0.012439,0,0
19,30,4.750000,0.250000,4.846000,69,0.052393,0.838467,0.012348,0,0
19,31,4.750000,0.750000,4.960485,35,0.032019,0.834651,0.012461,0,0
19,32,4.750000,1.250000,5.037031,32,0.018107,0.832099,0.012537,0,0
19,33,4.750000,1.750000,5.202486,33,0.038151,0.826584,0.012707,0,0
19,34,4.750000,2.250000,5.422770,61,0.329150,0.819241,0.012941,0,0
19,35,4.750000,2.750000,5.556588,51,1.000000,0.814780,0.013088,0,0
19,36,4.750000,3.250000,5.838889,27,0.341142,0.805370,0.013409,0,0
19,37,4.750000,3.750000,6.123466,15,1.000000,0.596913,0.013750,0,0
19,38,4.750000,4.250000,6.459667,6,1.000000,0.235403,0.014173,0,0
19,39,4.750000,4.750000,6.816924,13,0.270452,0.502300,0.014647,0,0
19,40,4.750000,5.250000,7.115200,5,0.205938,0.190707,0.015063,0,0
19,41,4.750000,5.750000,7.342000,3,0.058934,0.113290,0.015390,0,0
19,51,4.750000,10.750000,0.000000,1,0.000000,0.000000,0.010000,0,0
19,52,4.750000,11.250000,0.000000,1,0.000000,0.000000,0.010000,0,0
20,0,5.250000,-14.750000,0.000000,1,0.000000,0.000000,0.010000,0,0
20,1,5.250000,-14.250000,15.330251,12,0.035689,0.293395,0.033502,0,0
20,5,5.250000,-12.250000,13.401126,16,0.045638,0.442637,0.027959,0,0
20,8,5.250000,-10.750000,11.989600,15,0.044272,0.450260,0.024375,0,0
20,11,5.250000,-9.250000,10.686400,20,0.066670,0.643787,0.021420,0,0
20,12,5.250000,-8.750000,0.000000,1,0.000000,0.000000,0.010000,0,0
20,13,5.250000,-8.250000,9.734285,14,0.060640,0.472867,0.019476,0,0
20,14,5.250000,-7.750000,9.650001,3,0.056272,0.101750,0.019312,0,0
20,18,5.250000,-5.750000,7.912801,20,0.004770,0.736240,0.016261,0,0
20,19,5.250000,-5.250000,7.532385,26,0.099510,0.748921,0.015674,0,0
20,20,5.250000,-4.750000,7.133465,28,0.018065,0.762218,0.015089,0,0
20,21,5.250000,-4.250000,6.907001,12,0.126554,0.461860,0.014771,0,0
20,22,5.250000,-3.750000,6.462677,34,0.012993,0.784577,0.014177,0,0
20,23,5.250000,-3.250000,6.250731,52,0.066353,0.791642,0.013907,0,0
20,24,5.250000,-2.750000,6.009211,71,0.280724,0.799693,0.013611,0,0
20,25,5.250000,-2.250000,5.834754,73,0.150221,0.805508,0.013404,0,0
20,26,5.250000,-1.750000,5.646365,63,0.050561,0.811788,0.013188,0,0
20,27,5.250000,-1.250000,5.515356,59,0.028562,0.816155,0.013042,0,0
20,28,5.250000,-0.750000,5.385293,41,0.065836,0.820490,0.012900,0,0
20,29,5.250000,-0.250000,5.368394,33,0.039592,0.821054,0.012882,0,0
20,30,5.250000,0.250000,5.352232,26,0.037917,0.821592,0.012865,0,0
20,31,5.250000,0.750000,5.390273,22,0.010439,0.820324,0.012906,0,0
20,32,5.250000,1.250000,5.553426,47,0.048127,0.814886,0.013084,0,0
20,33,5.250000,1.750000,5.662698,43,0.033416,0.811243,0.013207,0,0
20,34,5.250000,2.250000,5.822568,51,0.039879,0.805914,0.013390,0,0
20,35,5.250000,2.750000,5.979530,34,0.787382,0.800682,0.013575,0,0
20,36,5.250000,3.250000,6.279724,36,0.329066,0.790676,0.013943,0,0
20,37,5.250000,3.750000,6.548392,69,0.646135,0.781720,0.014288,0,0
20,38,5.250000,4.250000,6.858883,34,0.664105,0.771371,0.014704,0,0
20,39,5.250000,4.750000,7.169281,32,0.532834,0.761024,0.015140,0,0
20,40,5.250000,5.250000,7.443501,12,0.308830,0.451130,0.015541,0,0
20,41,5.250000,5.750000,7.892251,8,1.000000,0.294770,0.016229,0,0
20,42,5.250000,6.250000,8.406200,5,0.033439,0.179948,0.017066,0,0
20,47,5.250000,8.750000,10.130501,6,0.972597,0.198695,0.020263,0,0
21,1,5.750000,-14.250000,15.177001,4,0.030178,0.098820,0.033034,0,0
21,2,5.750000,-13.750000,15.047401,10,0.033919,0.249210,0.032642,0,0
21,5,5.750000,-12.250000,0.000000,1,0.000000,0.000000,0.010000,0,0
21,6,5.750000,-11.750000,13.139002,15,0.049461,0.421525,0.027263,0,0
21,7,5.750000,-11.250000,0.000000,1,0.000000,0.000000,0.010000,0,0
21,8,5.750000,-10.750000,0.000000,2,0.000000,0.000000,0.010000,0,0
21,9,5.750000,-10.250000,11.779201,15,0.064618,0.455520,0.023875,0,0
21,10,5.750000,-9.750000,11.639200,5,0.044009,0.153007,0.023547,0,0
21,12,5.750000,-8.750000,10.503266,15,0.060485,0.487418,0.021032,0,0
21,17,5.750000,-6.250000,8.590158,19,0.060078,0.677978,0.017379,0,0
21,18,5.750000,-5.750000,8.135942,17,0.010030,0.619482,0.016619,0,0
21,19,5.750000,-5.250000,7.924857,21,0.074062,0.735838,0.016280,0,0
21,20,5.750000,-4.750000,7.507750,12,0.086908,0.449845,0.015637,0,0
21,21,5.750000,-4.250000,7.245608,23,0.009805,0.758480,0.015250,0,0
21,22,5.750000,-3.750000,6.951388,36,0.021218,0.768287,0.014832,0,0
21,23,5.750000,-3.250000,6.639334,39,0.060970,0.778689,0.014408,0,0
21,24,5.750000,-2.750000,6.450780,68,1.000000,0.784974,0.014161,0,0
21,25,5.750000,-2.250000,6.314212,103,1.000000,0.789526,0.013987,0,0
21,26,5.750000,-1.750000,6.127479,69,0.117658,0.795751,0.013755,0,0
21,27,5.750000,-1.250000,5.976516,68,0.105094,0.800783,0.013572,0,0
21,28,5.750000,-0.750000,5.925037,54,0.094250,0.802499,0.013511,0,0
21,29,5.750000,-0.250000,5.850138,29,0.032916,0.804995,0.013422,0,0
21,30,5.750000,0.250000,5.815421,38,0.012851,0.806153,0.013382,0,0
21,31,5.750000,0.750000,5.966371,54,0.112151,0.801121,0.013560,0,0
21,32,5.750000,1.250000,5.974640,50,0.050463,0.800845,0.013570,0,0
21,33,5.750000,1.750000,6.039675,43,0.080510,0.798678,0.013648,0,0
21,34,5.750000,2.250000,6.251057,35,0.059656,0.791631,0.013908,0,0
21,35,5.750000,2.750000,6.451699,30,0.081688,0.784943,0.014162,0,0
21,36,5.750000,3.250000,6.746697,33,0.241820,0.775110,0.014552,0,0
21,37,5.750000,3.750000,6.865933,30,0.313609,0.771136,0.014714,0,0
21,38,5.750000,4.250000,7.141501,32,0.953904,0.761950,0.015100,0,0
21,39,5.750000,4.750000,7.348375,8,0.272706,0.302022,0.015400,0,0
21,40,5.750000,5.250000,0.000000,1,0.000000,0.000000,0.010000,0,0
21,41,5.750000,5.750000,8.154307,13,0.159319,0.473323,0.016649,0,0
21,42,5.750000,6.250000,8.684000,4,0.716429,0.142107,0.017541,0,0
21,43,5.750000,6.750000,8.872445,9,0.875886,0.316913,0.017872,0,0
21,44,5.750000,7.250000,0.000000,2,0.000000,0.000000,0.010000,0,0
21,46,5.750000,8.250000,0.000000,1,0.000000,0.000000,0.010000,0,0
21,47,5.750000,8.750000,10.275001,3,0.000604,0.098625,0.020558,0,0
21,49,5.750000,9.750000,0.000000,1,0.000000,0.000000,0.010000,0,0
21,51,5.750000,10.750000,0.000000,1,0.000000,0.000000,0.010000,0,0
22,2,6.250000,-13.750000,14.927251,4,0.031367,0.100485,0.032282,0,0
22,3,6.250000,-13.250000,14.784455,11,0.037596,0.278952,0.031858,0,0
22,7,6.250000,-11.250000,12.916249,16,0.042077,0.455567,0.026683,0,0
22,8,6.250000,-10.750000,0.000000,2,0.000000,0.000000,0.010000,0,0
22,10,6.250000,-9.750000,11.532617,13,0.053189,0.400127,0.023300,0,0
22,11,6.250000,-9.250000,11.455668,3,0.040706,0.092722,0.023123,0,0
22,16,6.250000,-6.750000,9.239942,17,0.070356,0.588202,0.018538,0,0
22,17,6.250000,-6.250000,9.132301,10,0.058795,0.347795,0.018340,0,0
22,18,6.250000,-5.750000,8.448945,18,0.079687,0.646532,0.017138,0,0
22,19,6.250000,-5.250000,8.330572,21,0.072503,0.722314,0.016940,0,0
22,20,6.250000,-4.750000,7.743556,9,0.082268,0.333847,0.015996,0,0
22,21,6.250000,-4.250000,7.670546,22,0.094361,0.744315,0.015884,0,0
22,22,6.250000,-3.750000,7.387214,33,0.022904,0.753760,0.015457,0,0
22,23,6.250000,-3.250000,7.054583,24,0.071919,0.764847,0.014977,0,0
22,24,6.250000,-2.750000,6.942334,9,0.398927,0.345865,0.014820,0,0
22,25,6.250000,-2.250000,6.697941,50,0.262845,0.776735,0.014486,0,0
22,26,6.250000,-1.750000,6.604258,74,0.493217,0.779858,0.014362,0,0
22,27,6.250000,-1.250000,6.483093,66,0.170248,0.783897,0.014203,0,0
22,28,6.250000,-0.750000,6.436790,52,0.111866,0.785440,0.014143,0,0
22,29,6.250000,-0.250000,6.423313,32,0.035753,0.785890,0.014126,0,0
22,30,6.250000,0.250000,6.347815,43,0.025967,0.788406,0.014029,0,0
22,31,6.250000,0.750000,6.395216,37,0.073734,0.786826,0.014090,0,0
22,32,6.250000,1.250000,6.481209,43,0.056646,0.783960,0.014201,0,0
22,33,6.250000,1.750000,6.576888,45,0.133042,0.780770,0.014326,0,0
22,34,6.250000,2.250000,6.703041,49,0.165066,0.776565,0.014493,0,0
22,35,6.250000,2.750000,6.925381,42,0.048349,0.769154,0.014796,0,0
22,36,6.250000,3.250000,7.139449,29,0.087216,0.762018,0.015097,0,0
22,37,6.250000,3.750000,7.307875,16,0.557840,0.605123,0.015341,0,0
22,38,6.250000,4.250000,7.586840,25,0.191199,0.747105,0.015756,0,0
22,39,6.250000,4.750000,7.921692,13,0.086457,0.478363,0.016275,0,0
22,40,6.250000,5.250000,0.000000,1,0.000000,0.000000,0.010000,0,0
22,42,6.250000,6.250000,0.000000,1,0.000000,0.000000,0.010000,0,0
22,43,6.250000,6.750000,0.000000,2,0.000000,0.000000,0.010000,0,0
22,44,6.250000,7.250000,0.000000,1,0.000000,0.000000,0.010000,0,0
22,48,6.250000,9.250000,0.000000,1,0.000000,0.000000,0.010000,0,0
23,3,6.750000,-13.250000,14.687668,3,0.048347,0.076562,0.031573,0,0
23,4,6.750000,-12.750000,14.509386,13,0.038431,0.335630,0.031052,0,0
23,5,6.750000,-12.250000,0.000000,1,0.000000,0.000000,0.010000,0,0
23,8,6.750000,-10.750000,12.682923,13,0.047249,0.375203,0.026086,0,0
23,9,6.750000,-10.250000,12.565834,6,0.037064,0.174342,0.025790,0,0
23,15,6.750000,-7.250000,9.972000,18,0.060794,0.600840,0.019944,0,0
23,16,6.750000,-6.750000,9.859715,7,0.053111,0.234970,0.019721,0,0
23,17,6.750000,-6.250000,9.054444,9,0.061662,0.314183,0.018198,0,0
23,18,6.750000,-5.750000,8.949999,21,0.077153,0.701667,0.018010,0,0
23,19,6.750000,-5.250000,8.852334,9,0.063391,0.317215,0.017836,0,0
23,20,6.750000,-4.750000,8.199239,21,0.078123,0.726692,0.016723,0,0
23,21,6.750000,-4.250000,8.058523,21,0.071816,0.731383,0.016494,0,0
23,22,6.750000,-3.750000,7.889592,22,0.011503,0.737014,0.016225,0,0
23,23,6.750000,-3.250000,7.545469,32,0.015989,0.748484,0.015693,0,0
23,24,6.750000,-2.750000,7.261001,13,1.000000,0.492678,0.015272,0,0
23,25,6.750000,-2.250000,7.174654,23,0.076092,0.760845,0.015148,0,0
23,26,6.750000,-1.750000,7.004035,30,0.098529,0.766532,0.014906,0,0
23,27,6.750000,-1.250000,6.890171,47,0.276262,0.770328,0.014747,0,0
23,28,6.750000,-0.750000,6.848015,67,0.410934,0.771733,0.014690,0,0
23,29,6.750000,-0.250000,6.869564,32,0.135397,0.771015,0.014719,0,0
23,30,6.750000,0.250000,6.942818,11,0.033859,0.422715,0.014820,0,0
23,31,6.750000,0.750000,6.863778,45,0.260613,0.771207,0.014711,0,0
23,32,6.750000,1.250000,6.991271,48,0.067298,0.766958,0.014888,0,0
23,33,6.750000,1.750000,7.017108,37,0.077366,0.766096,0.014924,0,0
23,34,6.750000,2.250000,7.194687,32,0.043317,0.760177,0.015176,0,0
23,35,6.750000,2.750000,7.444571,28,0.004285,0.751848,0.015542,0,0
23,36,6.750000,3.250000,7.541534,30,0.079975,0.748616,0.015687,0,0
23,37,6.750000,3.750000,7.727400,20,0.053006,0.742420,0.015971,0,0
23,38,6.750000,4.250000,8.046738,19,0.308250,0.695187,0.016475,0,0
23,39,6.750000,4.750000,8.353667,15,0.156416,0.541158,0.016978,0,0
23,40,6.750000,5.250000,8.494857,14,0.667306,0.501787,0.017216,0,0
23,41,6.750000,5.750000,0.000000,1,0.000000,0.000000,0.010000,0,0
23,44,6.750000,7.250000,9.985001,9,0.441620,0.300225,0.019970,0,0
23,49,6.750000,9.750000,0.000000,1,0.000000,0.000000,0.010000,0,0
24,0,7.250000,-14.750000,16.908072,14,0.036915,0.305478,0.038588,0,0
24,5,7.250000,-12.250000,14.272307,13,0.036817,0.340767,0.030370,0,0
24,6,7.250000,-11.750000,14.144001,3,0.029976,0.079280,0.030005,0,0
24,9,7.250000,-10.250000,0.000000,1,0.000000,0.000000,0.010000,0,0
24,13,7.250000,-8.250000,10.909500,6,0.042398,0.190905,0.021902,0,0
24,14,7.250000,-7.750000,10.819000,12,0.048831,0.383620,0.021705,0,0
24,16,7.250000,-6.750000,9.783546,11,0.054096,0.370635,0.019572,0,0
24,17,7.250000,-6.250000,9.660278,18,0.056730,0.610192,0.019332,0,0
24,18,7.250000,-5.750000,9.544001,10,0.049206,0.340933,0.019109,0,0
24,19,7.250000,-5.250000,8.787222,9,0.060522,0.318192,0.017722,0,0
24,20,7.250000,-4.750000,8.664501,20,0.060956,0.711183,0.017507,0,0
24,21,7.250000,-4.250000,8.524158,19,0.067907,0.680068,0.017266,0,0
24,22,7.250000,-3.750000,8.370738,19,0.078123,0.684927,0.017007,0,0
24,23,7.250000,-3.250000,8.028501,14,0.021298,0.512668,0.016446,0,0
24,24,7.250000,-2.750000,7.649625,16,0.065582,0.596010,0.015852,0,0
24,25,7.250000,-2.250000,7.553762,21,0.074755,0.748208,0.015706,0,0
24,26,7.250000,-1.750000,7.452682,22,0.085707,0.751577,0.015554,0,0
24,27,7.250000,-1.250000,7.347273,22,0.079930,0.755091,0.015398,0,0
24,28,7.250000,-0.750000,7.276385,52,0.922875,0.757454,0.015295,0,0
24,29,7.250000,-0.250000,7.323812,74,0.743527,0.755873,0.015364,0,0
24,30,7.250000,0.250000,7.356079,75,1.000000,0.754797,0.015411,0,0
24,31,7.250000,0.750000,7.399631,57,1.000000,0.753346,0.015475,0,0
24,32,7.250000,1.250000,7.502348,23,0.091699,0.749922,0.015629,0,0
24,33,7.250000,1.750000,7.485501,22,0.077249,0.750483,0.015603,0,0
24,34,7.250000,2.250000,7.596739,23,0.079406,0.746775,0.015771,0,0
24,35,7.250000,2.750000,7.905239,21,0.070512,0.736492,0.016249,0,0
24,36,7.250000,3.250000,7.934724,29,0.150222,0.735509,0.016296,0,0
24,37,7.250000,3.750000,8.188000,26,0.075317,0.727067,0.016704,0,0
24,38,7.250000,4.250000,8.591739,19,0.053797,0.677928,0.017382,0,0
24,39,7.250000,4.750000,8.673539,13,0.076289,0.462073,0.017523,0,0
24,40,7.250000,5.250000,0.000000,1,0.000000,0.000000,0.010000,0,0
24,41,7.250000,5.750000,9.258454,11,0.042334,0.380262,0.018572,0,0
24,42,7.250000,6.250000,9.606501,4,0.149099,0.135957,0.019228,0,0
24,45,7.250000,7.750000,0.000000,1,0.000000,0.000000,0.010000,0,0
24,46,7.250000,8.250000,0.000000,1,0.000000,0.000000,0.010000,0,0
24,47,7.250000,8.750000,11.370500,8,0.680746,0.248393,0.022929,0,0
24,48,7.250000,9.250000,0.000000,1,0.000000,0.000000,0.010000,0,0
24,49,7.250000,9.750000,0.000000,1,0.000000,0.000000,0.010000,0,0
25,0,7.750000,-14.750000,16.642113,9,0.029321,0.200368,0.037696,0,0
25,1,7.750000,-14.250000,16.468201,5,0.026151,0.112765,0.037120,0,0
25,6,7.750000,-11.750000,14.053909,11,0.035645,0.292345,0.029751,0,0
25,7,7.750000,-11.250000,0.000000,1,0.000000,0.000000,0.010000,0,0
25,12,7.750000,-8.750000,11.846572,7,0.047679,0.211790,0.024034,0,0
25,14,7.750000,-7.750000,10.759750,4,0.040561,0.128268,0.021577,0,0
25,15,7.750000,-7.250000,10.636942,17,0.055388,0.548620,0.021314,0,0
25,16,7.750000,-6.750000,10.468801,15,0.046978,0.488280,0.020960,0,0
25,17,7.750000,-6.250000,0.000000,1,0.000000,0.000000,0.010000,0,0
25,18,7.750000,-5.750000,9.453286,7,0.051423,0.239712,0.018936,0,0
25,19,7.750000,-5.250000,9.352222,18,0.054022,0.619433,0.018746,0,0
25,20,7.750000,-4.750000,9.196648,17,0.054145,0.589428,0.018458,0,0
25,21,7.750000,-4.250000,9.026501,18,0.052717,0.629205,0.018148,0,0
25,22,7.750000,-3.750000,8.893858,14,0.051521,0.492477,0.017910,0,0
25,23,7.750000,-3.250000,8.173667,3,0.064131,0.109132,0.016681,0,0
25,24,7.750000,-2.750000,8.103901,20,0.061146,0.729870,0.016567,0,0
25,25,7.750000,-2.250000,7.979201,20,0.049473,0.734027,0.016367,0,0
25,26,7.750000,-1.750000,7.872301,20,0.053626,0.737590,0.016197,0,0
25,27,7.750000,-1.250000,7.764811,21,0.050841,0.741173,0.016029,0,0
25,28,7.750000,-0.750000,7.755445,9,0.101415,0.333668,0.016015,0,0
25,29,7.750000,-0.250000,7.819715,21,0.020839,0.739343,0.016115,0,0
25,30,7.750000,0.250000,7.806783,23,0.251751,0.739774,0.016095,0,0
25,31,7.750000,0.750000,7.820787,28,0.766825,0.739307,0.016116,0,0
25,32,7.750000,1.250000,7.901715,21,0.061999,0.736609,0.016244,0,0
25,33,7.750000,1.750000,7.847428,21,0.067826,0.738419,0.016158,0,0
25,34,7.750000,2.250000,8.012777,18,0.043534,0.659617,0.016420,0,0
25,35,7.750000,2.750000,8.331382,21,0.072444,0.722287,0.016941,0,0
25,36,7.750000,3.250000,8.448750,24,0.189042,0.718375,0.017138,0,0
25,37,7.750000,3.750000,8.638550,20,0.074553,0.712048,0.017462,0,0
25,38,7.750000,4.250000,8.920572,14,0.070283,0.491853,0.017958,0,0
25,39,7.750000,4.750000,9.189286,14,0.067434,0.485583,0.018444,0,0
25,40,7.750000,5.250000,9.503364,11,0.046495,0.375772,0.019031,0,0
25,41,7.750000,5.750000,9.617800,5,0.031780,0.169852,0.019250,0,0
25,44,7.750000,7.250000,0.000000,1,0.000000,0.000000,0.010000,0,0
25,46,7.750000,8.250000,11.557001,5,0.017856,0.153692,0.023356,0,0
25,47,7.750000,8.750000,11.560400,5,1.000000,0.153663,0.023364,0,0
25,48,7.750000,9.250000,0.000000,2,0.000000,0.000000,0.010000,0,0
25,49,7.750000,9.750000,0.000000,1,0.000000,0.000000,0.010000,0,0
25,50,7.750000,10.250000,0.000000,2,0.000000,0.000000,0.010000,0,0
25,52,7.750000,11.250000,0.000000,1,0.000000,0.000000,0.010000,0,0
26,1,8.250000,-14.250000,16.344336,6,0.026971,0.136557,0.036714,0,0
26,2,8.250000,-13.750000,16.122637,11,0.036524,0.254418,0.035994,0,0
26,12,8.250000,-8.750000,11.821800,5,0.038861,0.151485,0.023975,0,0
26,13,8.250000,-8.250000,11.687069,15,0.050438,0.457823,0.023659,0,0
26,14,8.250000,-7.750000,11.522091,11,0.042553,0.338762,0.023276,0,0
26,17,8.250000,-6.250000,10.284938,16,0.058114,0.525735,0.020578,0,0
26,18,8.250000,-5.750000,10.159813,16,0.046186,0.529072,0.020322,0,0
26,19,8.250000,-5.250000,9.986333,15,0.053881,0.500342,0.019973,0,0
26,20,8.250000,-4.750000,9.807166,12,0.044135,0.403857,0.019618,0,0
26,22,8.250000,-3.750000,0.000000,1,0.000000,0.000000,0.010000,0,0
26,23,8.250000,-3.250000,8.709584,12,0.054036,0.425808,0.017586,0,0
26,24,8.250000,-2.750000,8.593722,18,0.059635,0.642188,0.017385,0,0
26,25,8.250000,-2.250000,8.472791,19,0.048192,0.681695,0.017179,0,0
26,26,8.250000,-1.750000,8.347475,19,0.058707,0.685663,0.016968,0,0
26,27,8.250000,-1.250000,8.213251,20,0.062318,0.726225,0.016746,0,0
26,28,8.250000,-0.750000,8.128636,11,0.251797,0.400975,0.016607,0,0
26,29,8.250000,-0.250000,8.110779,9,0.046577,0.328338,0.016578,0,0
26,30,8.250000,0.250000,8.151715,14,0.040914,0.509793,0.016645,0,0
26,31,8.250000,0.750000,8.354644,14,0.235788,0.505058,0.016980,0,0
26,32,8.250000,1.250000,8.341576,40,0.224807,0.721947,0.016958,0,0
26,33,8.250000,1.750000,8.477602,35,0.320598,0.717413,0.017187,0,0
26,34,8.250000,2.250000,8.576958,24,0.145742,0.714101,0.017356,0,0
26,35,8.250000,2.750000,8.793388,18,0.108296,0.636198,0.017732,0,0
26,36,8.250000,3.250000,8.729092,11,0.046922,0.389967,0.017620,0,0
26,37,8.250000,3.750000,9.131001,15,0.054998,0.521725,0.018338,0,0
26,38,8.250000,4.250000,9.316053,19,0.397927,0.654992,0.018679,0,0
26,39,8.250000,4.750000,9.781333,3,0.039255,0.101093,0.019567,0,0
26,40,8.250000,5.250000,9.875296,17,0.040361,0.570200,0.019752,0,0
26,41,8.250000,5.750000,0.000000,2,0.000000,0.000000,0.010000,0,0
26,42,8.250000,6.250000,10.550500,10,0.045151,0.324158,0.021131,0,0
26,43,8.250000,6.750000,10.642001,6,0.028149,0.193580,0.021325,0,0
26,44,8.250000,7.250000,0.000000,2,0.000000,0.000000,0.010000,0,0
26,46,8.250000,8.250000,11.608500,4,0.033587,0.122610,0.023476,0,0
26,47,8.250000,8.750000,0.000000,2,0.000000,0.000000,0.010000,0,0
26,48,8.250000,9.250000,12.476501,6,0.015355,0.175235,0.025566,0,0
26,49,8.250000,9.750000,0.000000,2,0.000000,0.000000,0.010000,0,0
26,53,8.250000,11.750000,0.000000,1,0.000000,0.000000,0.010000,0,0
26,56,8.250000,13.250000,0.000000,1,0.000000,0.000000,0.010000,0,0
27,3,8.750000,-13.250000,15.982001,3,0.023665,0.070090,0.035542,0,0
27,10,8.750000,-9.750000,13.156889,9,0.036438,0.252647,0.027310,0,0
27,11,8.750000,-9.250000,13.045251,4,0.030978,0.113032,0.027018,0,0
27,14,8.750000,-7.750000,11.433000,3,0.037824,0.092835,0.023071,0,0
27,15,8.750000,-7.250000,11.325928,14,0.039184,0.435728,0.022828,0,0
27,16,8.750000,-6.750000,11.147001,15,0.044507,0.471325,0.022426,0,0
27,17,8.750000,-6.250000,11.007701,10,0.039410,0.316538,0.022117,0,0
27,20,8.750000,-4.750000,9.724802,5,0.039330,0.168960,0.019457,0,0
27,21,8.750000,-4.250000,9.619000,16,0.055284,0.543493,0.019253,0,0
27,22,8.750000,-3.750000,9.462126,8,0.045755,0.273838,0.018953,0,0
27,23,8.750000,-3.250000,9.317189,16,0.052969,0.551542,0.018681,0,0
27,24,8.750000,-2.750000,9.168882,17,0.050161,0.590215,0.018407,0,0
27,25,8.750000,-2.250000,9.028112,18,0.042957,0.629157,0.018151,0,0
27,26,8.750000,-1.750000,8.893833,18,0.047858,0.633185,0.017910,0,0
27,27,8.750000,-1.250000,8.766667,15,0.043166,0.530833,0.017685,0,0
27,28,8.750000,-0.750000,8.622701,10,0.036093,0.356288,0.017435,0,0
27,29,8.750000,-0.250000,8.698158,19,0.047557,0.674558,0.017566,0,0
27,30,8.750000,0.250000,8.778654,26,0.042051,0.707378,0.017706,0,0
27,31,8.750000,0.750000,0.000000,1,0.000000,0.000000,0.010000,0,0
27,32,8.750000,1.250000,9.059053,19,0.051235,0.663130,0.018207,0,0
27,33,8.750000,1.750000,8.978157,19,0.042239,0.665692,0.018061,0,0
27,34,8.750000,2.250000,8.987312,29,0.302208,0.700423,0.018077,0,0
27,35,8.750000,2.750000,9.247768,26,0.540617,0.691741,0.018552,0,0
27,36,8.750000,3.250000,9.453211,19,0.039084,0.650648,0.018936,0,0
27,37,8.750000,3.750000,9.365001,4,0.037952,0.137567,0.018770,0,0
27,38,8.750000,4.250000,9.848461,13,0.061491,0.436617,0.019699,0,0
27,39,8.750000,4.750000,9.865386,13,0.054122,0.436250,0.019733,0,0
27,40,8.750000,5.250000,10.307715,7,0.253705,0.229743,0.020625,0,0
27,41,8.750000,5.750000,10.544600,10,0.036438,0.324257,0.021119,0,0
27,42,8.750000,6.250000,10.699334,12,0.046874,0.386013,0.021448,0,0
27,43,8.750000,6.750000,11.227668,3,0.018745,0.093862,0.022606,0,0
27,44,8.750000,7.250000,11.422001,12,0.028720,0.371560,0.023046,0,0
27,47,8.750000,8.750000,0.000000,1,0.000000,0.000000,0.010000,0,0
27,48,8.750000,9.250000,0.000000,2,0.000000,0.000000,0.010000,0,0
27,50,8.750000,10.250000,13.603800,5,0.010149,0.136635,0.028506,0,0
27,51,8.750000,10.750000,13.888800,5,0.950311,0.134260,0.029290,0,0
27,52,8.750000,11.250000,14.294000,3,0.007545,0.078530,0.030432,0,0
28,11,9.250000,-9.250000,12.951501,8,0.035814,0.227313,0.026774,0,0
28,12,9.250000,-8.750000,12.791071,14,0.034413,0.401542,0.026361,0,0
28,13,9.250000,-8.250000,12.622001,9,0.034462,0.260670,0.025931,0,0
28,17,9.250000,-6.250000,10.941500,4,0.037833,0.127057,0.021972,0,0
28,18,9.250000,-5.750000,10.816064,16,0.040982,0.511572,0.021699,0,0
28,19,9.250000,-5.250000,10.630644,14,0.040462,0.451952,0.021301,0,0
28,20,9.250000,-4.750000,10.446467,15,0.038730,0.488838,0.020913,0,0
28,21,9.250000,-4.250000,10.297889,9,0.044902,0.295532,0.020605,0,0
28,22,9.250000,-3.750000,10.147917,12,0.039361,0.397042,0.020298,0,0
28,23,9.250000,-3.250000,9.970500,16,0.045512,0.534120,0.019941,0,0
28,24,9.250000,-2.750000,9.822251,16,0.048254,0.538073,0.019648,0,0
28,25,9.250000,-2.250000,9.663249,16,0.045495,0.542313,0.019338,0,0
28,26,9.250000,-1.750000,9.535766,17,0.038117,0.579820,0.019093,0,0
28,27,9.250000,-1.250000,9.417916,12,0.038348,0.411642,0.018870,0,0
28,28,9.250000,-0.750000,9.258910,11,0.041408,0.380253,0.018573,0,0
28,29,9.250000,-0.250000,9.158445,18,0.034637,0.625247,0.018388,0,0
28,30,9.250000,0.250000,9.087001,6,0.036796,0.209130,0.018257,0,0
28,31,9.250000,0.750000,9.111800,5,0.040692,0.174068,0.018302,0,0
28,33,9.250000,1.750000,9.636085,12,0.030709,0.407278,0.019285,0,0
28,34,9.250000,2.250000,9.561611,18,0.025911,0.613152,0.019142,0,0
28,35,9.250000,2.750000,9.512643,14,0.038286,0.478038,0.019049,0,0
28,36,9.250000,3.250000,9.875053,19,0.423329,0.637290,0.019752,0,0
28,37,9.250000,3.750000,10.085482,25,0.627182,0.663817,0.020172,0,0
28,38,9.250000,4.250000,10.043000,7,0.039936,0.232832,0.020086,0,0
28,39,9.250000,4.750000,10.475667,9,0.292806,0.292865,0.020974,0,0
28,40,9.250000,5.250000,10.538000,7,0.034024,0.227057,0.021105,0,0
28,41,9.250000,5.750000,10.668750,4,0.025118,0.128875,0.021382,0,0
28,42,9.250000,6.250000,11.349000,6,0.199391,0.186510,0.022880,0,0
28,43,9.250000,6.750000,11.449230,13,0.032034,0.401933,0.023108,0,0
28,44,9.250000,7.250000,11.549251,4,0.018523,0.123005,0.023339,0,0
28,45,9.250000,7.750000,12.087889,9,0.017296,0.268682,0.024612,0,0
28,46,9.250000,8.250000,0.000000,2,0.000000,0.000000,0.010000,0,0
28,48,9.250000,9.250000,0.000000,1,0.000000,0.000000,0.010000,0,0
28,49,9.250000,9.750000,13.316502,4,0.012312,0.111223,0.027733,0,0
28,51,9.250000,10.750000,14.061833,6,0.805462,0.159382,0.029774,0,0
29,8,9.750000,-10.750000,14.731287,7,0.024005,0.178135,0.031701,0,0
29,13,9.750000,-8.250000,12.552251,4,0.029703,0.116318,0.025756,0,0
29,14,9.750000,-7.750000,12.417169,12,0.038159,0.351657,0.025419,0,0
29,15,9.750000,-7.250000,12.195001,13,0.033708,0.385775,0.024872,0,0
29,16,9.750000,-6.750000,12.004924,13,0.035573,0.389893,0.024412,0,0
29,17,9.750000,-6.250000,11.839112,9,0.034048,0.272413,0.024016,0,0
29,27,9.750000,-1.250000,0.000000,2,0.000000,0.000000,0.010000,0,0
29,28,9.750000,-0.750000,9.979001,10,0.037507,0.333683,0.019958,0,0
29,29,9.750000,-0.250000,9.873295,17,0.034683,0.570257,0.019748,0,0
29,30,9.750000,0.250000,9.885437,16,0.039532,0.536388,0.019772,0,0
29,31,9.750000,0.750000,9.840001,5,0.028508,0.168000,0.019683,0,0
29,32,9.750000,1.250000,9.761444,18,0.026465,0.607157,0.019529,0,0
29,33,9.750000,1.750000,9.692167,6,0.030952,0.203078,0.019394,0,0
29,34,9.750000,2.250000,10.277333,6,0.025491,0.197227,0.020562,0,0
29,35,9.750000,2.750000,10.204056,18,0.026750,0.593878,0.020412,0,0
29,36,9.750000,3.250000,10.131667,12,0.020684,0.397367,0.020265,0,0
29,37,9.750000,3.750000,10.403001,3,0.024039,0.097985,0.020822,0,0
29,38,9.750000,4.250000,10.708075,27,0.426374,0.643064,0.021466,0,0
29,39,9.750000,4.750000,10.813251,12,0.361416,0.383735,0.021693,0,0
29,40,9.750000,5.250000,10.896857,7,0.032160,0.222870,0.021874,0,0
29,41,9.750000,5.750000,11.507625,8,0.023934,0.246565,0.023243,0,0
29,42,9.750000,6.250000,11.639901,10,0.030388,0.306002,0.023549,0,0
29,43,9.750000,6.750000,0.000000,1,0.000000,0.000000,0.010000,0,0
29,44,9.750000,7.250000,0.000000,2,0.000000,0.000000,0.010000,0,0
29,45,9.750000,7.750000,12.510556,9,0.016875,0.262342,0.025651,0,0
29,46,9.750000,8.250000,0.000000,1,0.000000,0.000000,0.010000,0,0
29,48,9.750000,9.250000,13.557667,3,0.011422,0.082212,0.028381,0,0
29,51,9.750000,10.750000,14.383752,8,0.013125,0.208217,0.030689,0,0
30,8,10.250000,-10.750000,14.672501,4,0.023395,0.102183,0.031528,0,0
30,9,10.250000,-10.250000,14.490252,12,0.031373,0.310195,0.030997,0,0
30,10,10.250000,-9.750000,14.279401,10,0.033562,0.262010,0.030390,0,0
30,11,10.250000,-9.250000,14.124667,3,0.024472,0.079377,0.029951,0,0
30,17,10.250000,-6.250000,11.770250,4,0.031470,0.121532,0.023854,0,0
30,18,10.250000,-5.750000,11.623922,13,0.042564,0.398148,0.023512,0,0
30,19,10.250000,-5.250000,11.440428,14,0.031998,0.433057,0.023088,0,0
30,20,10.250000,-4.750000,11.293301,10,0.034797,0.311778,0.022754,0,0
30,21,10.250000,-4.250000,11.043501,8,0.030838,0.252753,0.022196,0,0
30,22,10.250000,-3.750000,10.905500,14,0.030630,0.445538,0.021893,0,0
30,23,10.250000,-3.250000,10.732574,14,0.030572,0.449573,0.021519,0,0
30,24,10.250000,-2.750000,10.562333,15,0.033582,0.485942,0.021156,0,0
30,25,10.250000,-2.250000,10.454000,15,0.034912,0.488650,0.020929,0,0
30,26,10.250000,-1.750000,10.274314,16,0.038862,0.526018,0.020556,0,0
30,27,10.250000,-1.250000,10.187142,7,0.030023,0.231150,0.020378,0,0
30,32,10.250000,1.250000,10.559251,12,0.024058,0.388815,0.021150,0,0
30,33,10.250000,1.750000,10.457001,16,0.023371,0.521147,0.020935,0,0
30,34,10.250000,2.250000,10.347000,11,0.027636,0.360305,0.020706,0,0
30,36,10.250000,3.250000,10.994779,9,0.017759,0.285078,0.022089,0,0
30,37,10.250000,3.750000,10.917529,17,0.019074,0.540670,0.021919,0,0
30,38,10.250000,4.250000,10.848334,3,0.019745,0.095758,0.021769,0,0
30,39,10.250000,4.750000,11.215143,7,0.023558,0.219157,0.022578,0,0
30,40,10.250000,5.250000,11.609751,20,0.610218,0.613008,0.023479,0,0
30,41,10.250000,5.750000,11.646626,8,0.263782,0.244712,0.023564,0,0
30,42,10.250000,6.250000,11.812876,8,0.020777,0.242495,0.023954,0,0
30,43,10.250000,6.750000,0.000000,1,0.000000,0.000000,0.010000,0,0
30,44,10.250000,7.250000,12.614812,16,0.022610,0.463605,0.025913,0,0
30,45,10.250000,7.750000,0.000000,2,0.000000,0.000000,0.010000,0,0
30,47,10.250000,8.750000,13.731001,4,0.014775,0.108460,0.028854,0,0
30,48,10.250000,9.250000,13.778626,8,0.012733,0.216285,0.028985,0,0
30,51,10.250000,10.750000,14.874751,4,0.012136,0.100835,0.032126,0,0
31,11,10.750000,-9.250000,14.060557,9,0.028812,0.239092,0.029770,0,0
31,12,10.750000,-8.750000,13.853181,11,0.030653,0.296025,0.029191,0,0
31,13,10.750000,-8.250000,13.657546,11,0.033317,0.299612,0.028653,0,0
31,14,10.750000,-7.750000,13.435365,11,0.029435,0.303685,0.028051,0,0
31,15,10.750000,-7.250000,13.261401,5,0.025161,0.139488,0.027586,0,0
31,25,10.750000,-2.250000,0.000000,1,0.000000,0.000000,0.010000,0,0
31,26,10.750000,-1.750000,11.127223,9,0.029097,0.283092,0.022382,0,0
31,27,10.750000,-1.250000,11.013001,8,0.027622,0.253160,0.022129,0,0
31,28,10.750000,-0.750000,10.814910,11,0.026379,0.351727,0.021696,0,0
31,29,10.750000,-0.250000,10.794800,15,0.037176,0.480130,0.021653,0,0
31,30,10.750000,0.250000,10.821199,15,0.024720,0.479470,0.021710,0,0
31,31,10.750000,0.750000,10.739667,3,0.025835,0.096302,0.021534,0,0
31,32,10.750000,1.250000,10.627601,5,0.025803,0.161437,0.021295,0,0
31,34,10.750000,2.250000,11.245667,6,0.019176,0.187543,0.022647,0,0
31,35,10.750000,2.750000,11.150812,16,0.023581,0.502645,0.022434,0,0
31,36,10.750000,3.250000,11.063750,8,0.020543,0.252483,0.022241,0,0
31,38,10.750000,4.250000,11.837601,5,0.014619,0.151353,0.024013,0,0
31,39,10.750000,4.750000,11.751251,16,0.018145,0.486633,0.023809,0,0
31,40,10.750000,5.250000,11.709500,4,0.015298,0.121937,0.023711,0,0
31,41,10.750000,5.750000,12.082625,8,0.028688,0.238898,0.024599,0,0
31,42,10.750000,6.250000,12.452233,13,0.471526,0.380202,0.025506,0,0
31,43,10.750000,6.750000,12.644585,12,0.020876,0.347108,0.025989,0,0
31,44,10.750000,7.250000,12.773000,3,0.014755,0.086135,0.026315,0,0
31,45,10.750000,7.750000,13.333285,7,0.013954,0.194445,0.027778,0,0
31,46,10.750000,8.250000,13.614801,10,0.013397,0.273087,0.028536,0,0
31,47,10.750000,8.750000,13.749820,11,0.014098,0.297920,0.028906,0,0
31,50,10.750000,10.250000,14.979251,4,0.008470,0.100138,0.032438,0,0
31,51,10.750000,10.750000,0.000000,1,0.000000,0.000000,0.010000,0,0
31,54,10.750000,12.250000,0.000000,1,0.000000,0.000000,0.010000,0,0
31,55,10.750000,12.750000,16.616251,4,0.005121,0.089225,0.037610,0,0
32,4,11.250000,-12.750000,0.000000,1,0.000000,0.000000,0.010000,0,0
32,5,11.250000,-12.250000,16.831001,9,0.023465,0.197535,0.038328,0,0
32,15,11.250000,-7.250000,13.200999,7,0.026930,0.195988,0.027427,0,0
32,16,11.250000,-6.750000,13.044918,12,0.029219,0.339102,0.027017,0,0
32,17,11.250000,-6.250000,12.835001,11,0.029178,0.314692,0.026474,0,0
32,18,11.250000,-5.750000,12.630250,12,0.027605,0.347395,0.025952,0,0
32,19,11.250000,-5.250000,12.437500,8,0.028276,0.234167,0.025469,0,0
32,20,11.250000,-4.750000,12.174832,6,0.024894,0.178252,0.024823,0,0
32,21,11.250000,-4.250000,12.010463,13,0.033252,0.389773,0.024425,0,0
32,22,11.250000,-3.750000,11.808155,13,0.027172,0.394157,0.023943,0,0
32,23,11.250000,-3.250000,11.636617,13,0.026064,0.397873,0.023541,0,0
32,24,11.250000,-2.750000,11.463847,13,0.028761,0.401617,0.023142,0,0
32,25,11.250000,-2.250000,11.314233,13,0.027755,0.404858,0.022801,0,0
32,26,11.250000,-1.750000,11.201200,5,0.022893,0.156657,0.022547,0,0
32,32,11.250000,1.250000,11.552669,9,0.018693,0.276710,0.023346,0,0
32,33,11.250000,1.750000,11.434535,15,0.020675,0.464137,0.023075,0,0
32,34,11.250000,2.250000,11.309401,10,0.018827,0.311510,0.022790,0,0
32,37,11.250000,3.750000,11.993617,13,0.018769,0.390138,0.024385,0,0
32,38,11.250000,4.250000,11.894001,11,0.014761,0.331943,0.024147,0,0
32,41,11.250000,5.750000,12.841223,9,0.010671,0.257382,0.026490,0,0
32,42,11.250000,6.250000,12.772615,13,0.011290,0.373260,0.026314,0,0
32,43,11.250000,6.750000,13.050429,7,0.020527,0.197745,0.027031,0,0
32,44,11.250000,7.250000,13.336231,13,0.020005,0.361048,0.027786,0,0
32,45,11.250000,7.750000,13.529286,7,0.016766,0.192158,0.028304,0,0
32,48,11.250000,9.250000,14.716001,5,0.011912,0.127367,0.031656,0,0
32,49,11.250000,9.750000,14.937143,14,0.009343,0.351467,0.032312,0,0
32,50,11.250000,10.250000,15.178334,3,0.013211,0.074108,0.033038,0,0
32,51,11.250000,10.750000,15.313000,3,0.007488,0.073435,0.033449,0,0
32,54,11.250000,12.250000,16.670200,10,0.005089,0.222163,0.037790,0,0
32,58,11.250000,14.250000,0.000000,1,0.000000,0.000000,0.010000,0,0
33,5,11.750000,-12.250000,0.000000,1,0.000000,0.000000,0.010000,0,0
33,6,11.750000,-11.750000,16.567223,9,0.023795,0.201492,0.037447,0,0
33,7,11.750000,-11.250000,16.323301,10,0.023416,0.227945,0.036645,0,0
33,8,11.750000,-10.750000,16.061445,9,0.024752,0.209078,0.035797,0,0
33,9,11.750000,-10.250000,15.906001,3,0.018718,0.070470,0.035300,0,0
33,26,11.750000,-1.750000,0.000000,2,0.000000,0.000000,0.010000,0,0
33,27,11.750000,-1.250000,11.960402,5,0.018674,0.150330,0.024305,0,0
33,28,11.750000,-0.750000,11.855250,8,0.019773,0.241930,0.024055,0,0
33,29,11.750000,-0.250000,11.960201,10,0.019758,0.300663,0.024305,0,0
33,30,11.750000,0.250000,11.863002,13,0.018850,0.392968,0.024073,0,0
33,31,11.750000,0.750000,11.731501,4,0.023270,0.121790,0.023763,0,0
33,32,11.750000,1.250000,11.595000,4,0.018514,0.122700,0.023444,0,0
33,35,11.750000,2.750000,12.263556,9,0.016399,0.266047,0.025039,0,0
33,36,11.750000,3.250000,12.144802,15,0.020126,0.446380,0.024750,0,0
33,37,11.750000,3.750000,12.071335,3,0.015418,0.089643,0.024572,0,0
33,40,11.750000,5.250000,12.968202,15,0.012189,0.425795,0.026817,0,0
33,41,11.750000,5.750000,12.891168,6,0.010669,0.171088,0.026618,0,0
33,44,11.750000,7.250000,14.033501,4,0.007251,0.106443,0.029694,0,0
33,45,11.750000,7.750000,14.083001,11,0.009591,0.291812,0.029833,0,0
33,46,11.750000,8.250000,14.558858,7,0.008692,0.180147,0.031196,0,0
33,47,11.750000,8.750000,14.500251,8,0.008459,0.206663,0.031026,0,0
33,48,11.750000,9.250000,15.101668,6,0.016963,0.148983,0.032806,0,0
33,49,11.750000,9.750000,0.000000,1,0.000000,0.000000,0.010000,0,0
33,53,11.750000,11.750000,16.766750,4,0.004500,0.088222,0.038112,0,0
33,54,11.750000,12.250000,16.716333,3,0.004685,0.066418,0.037944,0,0
33,58,11.750000,14.250000,18.566000,5,0.003163,0.095283,0.044470,0,0
34,9,12.250000,-10.250000,15.786430,7,0.020802,0.165825,0.034921,0,0
34,10,12.250000,-9.750000,15.581125,8,0.024166,0.192252,0.034277,0,0
34,11,12.250000,-9.250000,15.370601,10,0.025376,0.243823,0.033626,0,0
34,12,12.250000,-8.750000,15.134667,9,0.023094,0.222980,0.032906,0,0
34,13,12.250000,-8.250000,14.918183,11,0.022680,0.276500,0.032255,0,0
34,14,12.250000,-7.750000,14.687002,10,0.024755,0.255217,0.031571,0,0
34,15,12.250000,-7.250000,14.467778,9,0.025093,0.232983,0.030932,0,0
34,16,12.250000,-6.750000,14.231627,8,0.023156,0.210245,0.030254,0,0
34,17,12.250000,-6.250000,14.070500,4,0.019351,0.106197,0.029798,0,0
34,19,12.250000,-5.250000,13.519287,7,0.022041,0.192275,0.028277,0,0
34,20,12.250000,-4.750000,13.328183,11,0.023027,0.305650,0.027764,0,0
34,21,12.250000,-4.250000,13.120364,11,0.025942,0.309460,0.027214,0,0
34,22,12.250000,-3.750000,12.907750,12,0.021903,0.341845,0.026661,0,0
34,23,12.250000,-3.250000,12.730251,12,0.022581,0.345395,0.026206,0,0
34,24,12.250000,-2.750000,12.537230,13,0.023171,0.378360,0.025718,0,0
34,25,12.250000,-2.250000,12.345250,12,0.021835,0.353095,0.025241,0,0
34,26,12.250000,-1.750000,12.205201,10,0.021980,0.296580,0.024897,0,0
34,28,12.250000,-0.750000,12.098251,4,0.019894,0.119345,0.024637,0,0
34,29,12.250000,-0.250000,12.053000,4,0.019659,0.119647,0.024527,0,0
34,33,12.250000,1.750000,12.571001,7,0.016328,0.203338,0.025803,0,0
34,34,12.250000,2.250000,12.452143,14,0.016474,0.409450,0.025506,0,0
34,35,12.250000,2.750000,12.347501,6,0.015709,0.176525,0.025246,0,0
34,38,12.250000,4.250000,13.233501,6,0.011043,0.167665,0.027513,0,0
34,39,12.250000,4.750000,13.132859,14,0.010367,0.393567,0.027247,0,0
34,40,12.250000,5.250000,0.000000,1,0.000000,0.000000,0.010000,0,0
34,43,12.250000,6.750000,14.229200,5,0.007351,0.131423,0.030247,0,0
34,44,12.250000,7.250000,14.179833,12,0.007577,0.316403,0.030107,0,0
34,46,12.250000,8.250000,0.000000,2,0.000000,0.000000,0.010000,0,0
34,48,12.250000,9.250000,15.214334,3,0.007507,0.073928,0.033148,0,0
34,51,12.250000,10.750000,16.481144,7,0.004704,0.157720,0.037163,0,0
34,52,12.250000,11.250000,16.688145,7,0.007237,0.155305,0.037849,0,0
34,53,12.250000,11.750000,0.000000,2,0.000000,0.000000,0.010000,0,0
34,57,12.250000,13.750000,18.550001,3,0.002884,0.057250,0.044410,0,0
34,58,12.250000,14.250000,18.666500,6,0.003139,0.113335,0.044844,0,0
35,15,12.750000,-7.250000,0.000000,1,0.000000,0.000000,0.010000,0,0
35,16,12.750000,-6.750000,0.000000,2,0.000000,0.000000,0.010000,0,0
35,17,12.750000,-6.250000,13.988858,7,0.019689,0.186797,0.029569,0,0
35,18,12.750000,-5.750000,13.925001,4,0.018959,0.107167,0.029391,0,0
35,28,12.750000,-0.750000,13.012274,11,0.013891,0.311442,0.026932,0,0
35,29,12.750000,-0.250000,12.862769,13,0.018375,0.371307,0.026545,0,0
35,30,12.750000,0.250000,12.682693,13,0.019574,0.375208,0.026085,0,0
35,31,12.750000,0.750000,0.000000,1,0.000000,0.000000,0.010000,0,0
35,32,12.750000,1.250000,12.722334,9,0.016196,0.259165,0.026186,0,0
35,33,12.750000,1.750000,12.660501,6,0.015637,0.173395,0.026029,0,0
35,37,12.750000,3.750000,13.431385,13,0.012399,0.358987,0.028040,0,0
35,38,12.750000,4.250000,13.306667,9,0.011438,0.250400,0.027707,0,0
35,42,12.750000,6.250000,14.379625,8,0.007910,0.208272,0.030677,0,0
35,43,12.750000,6.750000,14.306002,9,0.007900,0.235410,0.030466,0,0
35,47,12.750000,8.750000,0.000000,1,0.000000,0.000000,0.010000,0,0
35,48,12.750000,9.250000,15.725250,12,0.005332,0.285495,0.034728,0,0
35,49,12.750000,9.750000,16.170202,5,0.011487,0.115248,0.036148,0,0
35,50,12.750000,10.250000,16.503626,8,0.005213,0.179952,0.037237,0,0
35,51,12.750000,10.750000,16.622890,9,0.005222,0.200657,0.037632,0,0
35,57,12.750000,13.750000,18.729288,7,0.003430,0.131492,0.045079,0,0
36,1,13.250000,-14.250000,19.443201,5,0.018017,0.087973,0.047804,0,0
36,2,13.250000,-13.750000,19.207430,7,0.023495,0.125913,0.046893,0,0
36,3,13.250000,-13.250000,18.924627,8,0.020605,0.147672,0.045814,0,0
36,4,13.250000,-12.750000,0.000000,1,0.000000,0.000000,0.010000,0,0
36,24,13.250000,-2.750000,13.726750,4,0.014822,0.108488,0.028842,0,0
36,25,13.250000,-2.250000,13.604818,11,0.018905,0.300578,0.028509,0,0
36,26,13.250000,-1.750000,13.430876,8,0.016062,0.220922,0.028039,0,0
36,27,13.250000,-1.250000,13.212750,4,0.017725,0.111915,0.027458,0,0
36,28,13.250000,-0.750000,0.000000,1,0.000000,0.000000,0.010000,0,0
36,35,13.250000,2.750000,13.699286,7,0.011393,0.190175,0.028767,0,0
36,36,13.250000,3.250000,13.619616,13,0.013260,0.354908,0.028549,0,0
36,37,13.250000,3.750000,0.000000,1,0.000000,0.000000,0.010000,0,0
36,41,13.250000,5.750000,14.575251,8,0.007467,0.205663,0.031244,0,0
36,42,13.250000,6.250000,14.481572,7,0.007703,0.181048,0.030972,0,0
36,46,13.250000,8.250000,0.000000,2,0.000000,0.000000,0.010000,0,0
36,47,13.250000,8.750000,15.838386,13,0.005086,0.306835,0.035085,0,0
36,56,13.250000,13.250000,18.803431,7,0.002887,0.130627,0.045357,0,0
36,57,13.250000,13.750000,18.881668,3,0.002784,0.055592,0.045652,0,0
37,4,13.750000,-12.750000,18.626715,7,0.017137,0.132688,0.044695,0,0
37,5,13.750000,-12.250000,18.340572,7,0.023180,0.136027,0.043638,0,0
37,6,13.750000,-11.750000,18.078375,8,0.019116,0.158955,0.042683,0,0
37,7,13.750000,-11.250000,17.873751,8,0.019909,0.161683,0.041947,0,0
37,8,13.750000,-10.750000,17.646502,8,0.022780,0.164713,0.041140,0,0
37,9,13.750000,-10.250000,17.329876,8,0.020822,0.168935,0.040032,0,0
37,18,13.750000,-5.750000,15.095668,3,0.015439,0.074522,0.032788,0,0
37,19,13.750000,-5.250000,14.923223,9,0.018331,0.226152,0.032270,0,0
37,20,13.750000,-4.750000,14.699365,11,0.017974,0.280512,0.031607,0,0
37,21,13.750000,-4.250000,14.471889,9,0.019247,0.232922,0.030944,0,0
37,22,13.750000,-3.750000,14.259820,11,0.016685,0.288570,0.030334,0,0
37,23,13.750000,-3.250000,14.031365,11,0.021574,0.292758,0.029688,0,0
37,24,13.750000,-2.750000,13.852715,7,0.015638,0.188385,0.029190,0,0
37,33,13.750000,1.750000,14.043901,10,0.011311,0.265935,0.029723,0,0
37,34,13.750000,2.250000,13.921500,12,0.011139,0.321570,0.029381,0,0
37,35,13.750000,2.750000,13.828670,6,0.011321,0.161713,0.029123,0,0
37,39,13.750000,4.750000,0.000000,1,0.000000,0.000000,0.010000,0,0
37,40,13.750000,5.250000,14.785357,14,0.008512,0.355008,0.031861,0,0
37,41,13.750000,5.750000,14.647000,5,0.007351,0.127942,0.031453,0,0
37,45,13.750000,7.750000,0.000000,2,0.000000,0.000000,0.010000,0,0
37,46,13.750000,8.250000,15.974917,12,0.005434,0.280502,0.035520,0,0
37,52,13.750000,11.250000,17.848286,7,0.003195,0.141770,0.041856,0,0
37,53,13.750000,11.750000,0.000000,2,0.000000,0.000000,0.010000,0,0
37,54,13.750000,12.250000,18.559801,5,0.002918,0.095335,0.044447,0,0
37,55,13.750000,12.750000,18.872168,6,0.004923,0.111278,0.045616,0,0
37,56,13.750000,13.250000,18.977200,5,0.003973,0.091857,0.046013,0,0
38,9,14.250000,-10.250000,0.000000,1,0.000000,0.000000,0.010000,0,0
38,10,14.250000,-9.750000,17.157999,9,0.017267,0.192630,0.039440,0,0
38,11,14.250000,-9.250000,16.899143,7,0.017654,0.152843,0.038558,0,0
38,12,14.250000,-8.750000,16.669001,10,0.017980,0.222183,0.037786,0,0
38,13,14.250000,-8.250000,16.427876,8,0.023911,0.180962,0.036988,0,0
38,14,14.250000,-7.750000,16.191999,9,0.017488,0.207120,0.036218,0,0
38,15,14.250000,-7.250000,15.919445,9,0.024114,0.211208,0.035343,0,0
38,16,14.250000,-6.750000,15.652876,8,0.020260,0.191295,0.034501,0,0
38,18,14.250000,-5.750000,15.173401,5,0.017283,0.123555,0.033023,0,0
38,28,14.250000,-0.750000,14.491501,4,0.011250,0.103390,0.031000,0,0
38,29,14.250000,-0.250000,14.317750,12,0.014893,0.313645,0.030500,0,0
38,30,14.250000,0.250000,14.257001,8,0.023484,0.209907,0.030326,0,0
38,31,14.250000,0.750000,0.000000,2,0.000000,0.000000,0.010000,0,0
38,32,14.250000,1.250000,14.192500,4,0.010758,0.105383,0.030143,0,0
38,33,14.250000,1.750000,14.132000,3,0.009887,0.079340,0.029971,0,0
38,38,14.250000,4.250000,15.062859,7,0.007943,0.174267,0.032689,0,0
38,39,14.250000,4.750000,14.989910,11,0.007610,0.275185,0.032470,0,0
38,44,14.250000,7.250000,0.000000,2,0.000000,0.000000,0.010000,0,0
38,45,14.250000,7.750000,16.171274,11,0.005113,0.253527,0.036151,0,0
38,51,14.250000,10.750000,17.908819,11,0.002987,0.221672,0.042073,0,0
38,52,14.250000,11.250000,17.900335,3,0.002802,0.060498,0.042042,0,0
38,53,14.250000,11.750000,0.000000,1,0.000000,0.000000,0.010000,0,0
38,54,14.250000,12.250000,18.719799,5,0.004717,0.094002,0.045043,0,0
38,59,14.250000,14.750000,20.773336,3,0.001198,0.046133,0.053153,0,0
39,25,14.750000,-2.250000,15.106335,3,0.011021,0.074468,0.032820,0,0
39,26,14.750000,-1.750000,14.992335,3,0.013975,0.075038,0.032477,0,0
39,27,14.750000,-1.250000,14.714251,4,0.016473,0.101905,0.031651,0,0
39,28,14.750000,-0.750000,14.588144,7,0.011319,0.179805,0.031281,0,0
39,30,14.750000,0.250000,14.579669,3,0.010727,0.077102,0.031257,0,0
39,36,14.750000,3.250000,15.332750,4,0.007764,0.097782,0.033509,0,0
39,37,14.750000,3.750000,15.243455,11,0.008104,0.270537,0.033236,0,0
39,38,14.750000,4.250000,15.168835,6,0.008216,0.148312,0.033009,0,0
39,43,14.750000,6.750000,16.457401,5,0.004681,0.112855,0.037085,0,0
39,44,14.750000,7.250000,16.374001,11,0.004807,0.249810,0.036811,0,0
39,50,14.750000,10.250000,18.051100,10,0.003339,0.199148,0.042584,0,0
39,51,14.750000,10.750000,0.000000,2,0.000000,0.000000,0.010000,0,0
39,57,14.750000,13.750000,20.083668,3,0.001192,0.049582,0.050335,0,0
39,58,14.750000,14.250000,0.000000,2,0.000000,0.000000,0.010000,0,0
39,59,14.750000,14.750000,20.798401,5,0.001089,0.076680,0.053257,0,0
40,22,15.250000,-3.750000,15.912127,8,0.013495,0.187838,0.035320,0,0
40,23,15.250000,-3.250000,15.716557,9,0.014122,0.214252,0.034701,0,0
40,24,15.250000,-2.750000,15.458400,10,0.016341,0.242360,0.033896,0,0
40,25,15.250000,-2.250000,15.254126,8,0.011484,0.196612,0.033269,0,0
40,34,15.250000,2.250000,0.000000,1,0.000000,0.000000,0.010000,0,0
40,35,15.250000,2.750000,15.591364,11,0.008139,0.264158,0.034309,0,0
40,36,15.250000,3.250000,15.469376,8,0.007595,0.193742,0.033930,0,0
40,42,15.250000,6.250000,16.639799,5,0.005059,0.111335,0.037688,0,0
40,43,15.250000,6.750000,16.647501,8,0.006315,0.178033,0.037714,0,0
40,49,15.250000,9.750000,18.249716,7,0.003080,0.137087,0.043305,0,0
40,50,15.250000,10.250000,18.114000,3,0.000057,0.059430,0.042812,0,0
40,57,15.250000,13.750000,20.603834,6,0.002139,0.093962,0.052452,0,0
40,58,15.250000,14.250000,20.687668,3,0.001242,0.046562,0.052798,0,0
40,59,15.250000,14.750000,0.000000,2,0.000000,0.000000,0.010000,0,0
41,0,15.750000,-14.750000,22.174667,3,0.010945,0.039127,0.059172,0,0
41,17,15.750000,-6.250000,0.000000,1,0.000000,0.000000,0.010000,0,0
41,18,15.750000,-5.750000,16.965446,9,0.012843,0.195518,0.038783,0,0
41,19,15.750000,-5.250000,16.696665,9,0.014226,0.199550,0.037878,0,0
41,20,15.750000,-4.750000,16.428877,8,0.016979,0.180948,0.036991,0,0
41,21,15.750000,-4.250000,16.192902,10,0.013914,0.230118,0.036221,0,0
41,22,15.750000,-3.750000,0.000000,1,0.000000,0.000000,0.010000,0,0
41,33,15.750000,1.750000,15.929638,11,0.008169,0.257957,0.035375,0,0
41,34,15.750000,2.250000,15.764900,10,0.008519,0.237252,0.034853,0,0
41,41,15.750000,5.750000,16.906300,10,0.004904,0.218228,0.038582,0,0
41,42,15.750000,6.250000,16.845715,7,0.004473,0.153467,0.038378,0,0
41,48,15.750000,9.250000,18.457201,5,0.002880,0.096190,0.044067,0,0
41,49,15.750000,9.750000,18.378429,7,0.003149,0.135585,0.043777,0,0
41,56,15.750000,13.250000,20.827667,3,0.001219,0.045862,0.053379,0,0
41,57,15.750000,13.750000,20.787001,7,0.001267,0.107485,0.053210,0,0
42,0,16.250000,-14.750000,22.003729,11,0.018203,0.146598,0.058416,0,0
42,1,16.250000,-14.250000,21.729334,6,0.014197,0.082707,0.057216,0,0
42,2,16.250000,-13.750000,21.354401,5,0.017376,0.072047,0.055601,0,0
42,3,16.250000,-13.250000,21.013126,8,0.015234,0.119825,0.054155,0,0
42,4,16.250000,-12.750000,20.697334,6,0.017736,0.093027,0.052838,0,0
42,5,16.250000,-12.250000,20.439335,6,0.014301,0.095607,0.051777,0,0
42,6,16.250000,-11.750000,20.153715,7,0.014067,0.114873,0.050617,0,0
42,7,16.250000,-11.250000,19.834429,7,0.013272,0.118598,0.049340,0,0
42,8,16.250000,-10.750000,19.555168,6,0.013096,0.104448,0.048240,0,0
42,9,16.250000,-10.250000,19.329750,8,0.014292,0.142270,0.047364,0,0
42,10,16.250000,-9.750000,19.077429,7,0.013409,0.127430,0.046395,0,0
42,11,16.250000,-9.250000,18.787376,8,0.015592,0.149502,0.045297,0,0
42,12,16.250000,-8.750000,18.525145,7,0.013583,0.133873,0.044318,0,0
42,13,16.250000,-8.250000,18.240126,8,0.015408,0.156798,0.043270,0,0
42,14,16.250000,-7.750000,17.960333,6,0.014559,0.120397,0.042257,0,0
42,16,16.250000,-6.750000,17.399000,3,0.011134,0.063005,0.040273,0,0
42,17,16.250000,-6.250000,17.285288,7,0.012713,0.148338,0.039878,0,0
42,28,16.250000,-0.750000,16.453835,6,0.007264,0.135462,0.037073,0,0
42,29,16.250000,-0.250000,16.308750,4,0.008201,0.091275,0.036598,0,0
42,31,16.250000,0.750000,16.484001,4,0.007422,0.090107,0.037172,0,0
42,39,16.250000,4.750000,17.159668,3,0.003379,0.064202,0.039445,0,0
42,40,16.250000,5.250000,17.071911,11,0.005239,0.237015,0.039145,0,0
42,41,16.250000,5.750000,0.000000,1,0.000000,0.000000,0.010000,0,0
42,47,16.250000,8.750000,0.000000,2,0.000000,0.000000,0.010000,0,0
42,48,16.250000,9.250000,18.568430,7,0.003024,0.133368,0.044479,0,0
42,56,16.250000,13.250000,20.956253,8,0.001389,0.120583,0.053916,0,0
43,26,16.750000,-1.750000,0.000000,2,0.000000,0.000000,0.010000,0,0
43,27,16.750000,-1.250000,16.642601,5,0.007362,0.111312,0.037698,0,0
43,28,16.750000,-0.750000,16.591000,4,0.007413,0.089393,0.037526,0,0
43,29,16.750000,-0.250000,16.792168,6,0.007887,0.132078,0.038198,0,0
43,30,16.750000,0.250000,16.604889,9,0.009706,0.200927,0.037572,0,0
43,38,16.750000,4.250000,17.417858,7,0.004653,0.146792,0.040338,0,0
43,39,16.750000,4.750000,17.325375,8,0.005384,0.168995,0.040017,0,0
43,46,16.750000,8.250000,18.931334,3,0.002812,0.055343,0.045840,0,0
43,47,16.750000,8.750000,18.782202,10,0.003535,0.186963,0.045277,0,0
43,55,16.750000,12.750000,21.128502,8,0.001346,0.118287,0.054641,0,0
43,56,16.750000,13.250000,0.000000,2,0.000000,0.000000,0.010000,0,0
44,23,17.250000,-3.250000,17.757999,4,0.007828,0.081613,0.041535,0,0
44,24,17.250000,-2.750000,17.565876,8,0.010606,0.165788,0.040856,0,0
44,25,17.250000,-2.250000,17.326000,6,0.008745,0.126740,0.040019,0,0
44,36,17.250000,3.250000,0.000000,1,0.000000,0.000000,0.010000,0,0
44,37,17.250000,3.750000,17.671501,10,0.005318,0.205475,0.041228,0,0
44,38,17.250000,4.250000,17.574751,4,0.004705,0.082835,0.040887,0,0
44,45,17.250000,7.750000,19.083286,7,0.002672,0.127362,0.046417,0,0
44,46,17.250000,8.250000,19.037251,8,0.002729,0.146170,0.046242,0,0
44,54,17.250000,12.250000,21.266573,7,0.001543,0.101890,0.055227,0,0
44,55,17.250000,12.750000,21.208000,3,0.001244,0.043960,0.054978,0,0
45,20,17.750000,-4.750000,18.587002,5,0.008080,0.095108,0.044548,0,0
45,21,17.750000,-4.250000,18.374224,9,0.009186,0.174387,0.043761,0,0
45,22,17.750000,-3.750000,18.083286,7,0.010922,0.139028,0.042701,0,0
45,23,17.750000,-3.250000,17.873199,5,0.008254,0.101057,0.041945,0,0
45,35,17.750000,2.750000,18.078333,9,0.005384,0.178825,0.042683,0,0
45,36,17.750000,3.250000,17.919668,9,0.004902,0.181205,0.042111,0,0
45,44,17.750000,7.250000,19.285717,7,0.002864,0.125000,0.047194,0,0
45,45,17.750000,7.750000,19.156002,4,0.003148,0.072293,0.046695,0,0
45,53,17.750000,11.750000,21.452002,3,0.001201,0.042740,0.056019,0,0
45,54,17.750000,12.250000,21.397203,5,0.001182,0.071690,0.055784,0,0
46,15,18.250000,-7.250000,0.000000,1,0.000000,0.000000,0.010000,0,0
46,16,18.250000,-6.750000,19.688002,3,0.004889,0.051560,0.048762,0,0
46,17,18.250000,-6.250000,19.473875,8,0.010580,0.140348,0.047923,0,0
46,18,18.250000,-5.750000,19.217428,7,0.010293,0.125797,0.046931,0,0
46,19,18.250000,-5.250000,18.908430,7,0.010565,0.129402,0.045753,0,0
46,20,18.250000,-4.750000,18.678667,3,0.007435,0.056607,0.044889,0,0
46,33,18.250000,1.750000,18.448803,5,0.004610,0.096260,0.044036,0,0
46,34,18.250000,2.250000,18.306999,9,0.006931,0.175395,0.043515,0,0
46,35,18.250000,2.750000,0.000000,1,0.000000,0.000000,0.010000,0,0
46,43,18.250000,6.750000,19.480602,10,0.003979,0.175323,0.047949,0,0
46,44,18.250000,7.250000,19.369333,3,0.002811,0.053153,0.047517,0,0
46,52,18.250000,11.250000,21.611334,3,0.001406,0.041943,0.056705,0,0
46,53,18.250000,11.750000,21.663376,8,0.001599,0.111155,0.056930,0,0
47,14,18.750000,-7.750000,20.285000,4,0.009629,0.064767,0.051148,0,0
47,15,18.750000,-7.250000,20.079002,6,0.009885,0.099210,0.050317,0,0
47,16,18.750000,-6.750000,19.754751,4,0.008105,0.068302,0.049025,0,0
47,41,18.750000,5.750000,0.000000,2,0.000000,0.000000,0.010000,0,0
47,42,18.750000,6.250000,19.730556,9,0.003799,0.154042,0.048929,0,0
47,43,18.750000,6.750000,0.000000,1,0.000000,0.000000,0.010000,0,0
47,51,18.750000,10.750000,0.000000,2,0.000000,0.000000,0.010000,0,0
47,52,18.750000,11.250000,21.779253,8,0.001454,0.109610,0.057434,0,0
48,0,19.250000,-14.750000,0.000000,2,0.000000,0.000000,0.010000,0,0
48,1,19.250000,-14.250000,0.000000,2,0.000000,0.000000,0.010000,0,0
48,2,19.250000,-13.750000,0.000000,2,0.000000,0.000000,0.010000,0,0
48,3,19.250000,-13.250000,0.000000,2,0.000000,0.000000,0.010000,0,0
48,4,19.250000,-12.750000,0.000000,1,0.000000,0.000000,0.010000,0,0
48,5,19.250000,-12.250000,23.025335,6,0.008280,0.069747,0.063017,0,0
48,6,19.250000,-11.750000,22.689003,6,0.013401,0.073110,0.061479,0,0
48,7,19.250000,-11.250000,22.445665,6,0.011263,0.075543,0.060381,0,0
48,8,19.250000,-10.750000,22.183800,5,0.009807,0.065135,0.059212,0,0
48,9,19.250000,-10.250000,21.847288,7,0.015001,0.095115,0.057730,0,0
48,10,19.250000,-9.750000,21.482000,7,0.008207,0.099377,0.056148,0,0
48,11,19.250000,-9.250000,21.284834,6,0.009324,0.087152,0.055304,0,0
48,27,19.250000,-1.250000,19.401716,7,0.005482,0.123647,0.047643,0,0
48,29,19.250000,-0.250000,0.000000,1,0.000000,0.000000,0.010000,0,0
48,30,19.250000,0.250000,19.352777,9,0.006883,0.159708,0.047453,0,0
48,31,19.250000,0.750000,19.111000,4,0.004572,0.072593,0.046523,0,0
48,40,19.250000,5.250000,20.124001,4,0.002958,0.065840,0.050498,0,0
48,41,19.250000,5.750000,19.994751,8,0.002946,0.133403,0.049979,0,0
48,50,19.250000,10.250000,22.063002,3,0.001359,0.039685,0.058678,0,0
48,51,19.250000,10.750000,21.987875,8,0.001668,0.106828,0.058347,0,0
49,0,19.750000,-14.750000,24.814997,6,0.021554,0.051850,0.071578,0,0
49,1,19.750000,-14.250000,24.183001,5,0.008327,0.048475,0.068482,0,0
49,2,19.750000,-13.750000,0.000000,2,0.000000,0.000000,0.010000,0,0
49,3,19.750000,-13.250000,23.617750,4,0.007933,0.042548,0.065780,0,0
49,4,19.750000,-12.750000,23.371002,4,0.008615,0.044193,0.064620,0,0
49,25,19.750000,-2.250000,0.000000,1,0.000000,0.000000,0.010000,0,0
49,27,19.750000,-1.250000,0.000000,1,0.000000,0.000000,0.010000,0,0
49,28,19.750000,-0.750000,19.873001,8,0.006128,0.135027,0.049494,0,0
49,29,19.750000,-0.250000,19.636288,7,0.006300,0.120910,0.048558,0,0
49,39,19.750000,4.750000,20.393225,9,0.003652,0.144102,0.051588,0,0
49,40,19.750000,5.250000,20.295000,5,0.002930,0.080875,0.051189,0,0
49,50,19.750000,10.250000,22.217855,7,0.001350,0.090792,0.059363,0,0
50,22,20.250000,-3.750000,20.771000,4,0.004753,0.061527,0.053143,0,0
50,23,20.250000,-3.250000,20.617874,8,0.006666,0.125095,0.052510,0,0
50,24,20.250000,-2.750000,20.349003,5,0.006174,0.080425,0.051408,0,0
50,37,20.250000,3.750000,0.000000,2,0.000000,0.000000,0.010000,0,0
50,38,20.250000,4.250000,20.687445,9,0.004692,0.139688,0.052797,0,0
50,48,20.250000,9.250000,0.000000,2,0.000000,0.000000,0.010000,0,0
50,49,20.250000,9.750000,22.435335,9,0.001359,0.113470,0.060334,0,0
51,20,20.750000,-4.750000,21.434334,3,0.004885,0.042828,0.055943,0,0
51,21,20.750000,-4.250000,21.229000,7,0.006645,0.102328,0.055067,0,0
51,22,20.750000,-3.750000,21.006002,3,0.005102,0.044970,0.054125,0,0
51,36,20.750000,3.250000,21.114250,4,0.003633,0.059238,0.054581,0,0
51,37,20.750000,3.750000,20.977285,7,0.004297,0.105265,0.054005,0,0
51,47,20.750000,8.750000,0.000000,1,0.000000,0.000000,0.010000,0,0
51,48,20.750000,9.250000,22.758249,8,0.001374,0.096557,0.061794,0,0
51,59,20.750000,14.750000,25.623335,3,0.000375,0.021883,0.075656,0,0
52,17,21.250000,-6.250000,22.266336,3,0.003808,0.038668,0.059579,0,0
52,18,21.250000,-5.750000,22.148874,8,0.005460,0.104682,0.059057,0,0
52,19,21.250000,-5.250000,21.954502,4,0.004924,0.053637,0.058200,0,0
52,20,21.250000,-4.750000,21.595501,4,0.004670,0.056030,0.056637,0,0
52,35,21.250000,2.750000,21.487001,7,0.003845,0.099318,0.056169,0,0
52,36,21.250000,3.250000,21.279001,4,0.002793,0.058140,0.055280,0,0
52,46,21.250000,8.250000,22.996000,3,0.001178,0.035020,0.062882,0,0
52,47,21.250000,8.750000,22.896999,8,0.001333,0.094707,0.062427,0,0
52,58,21.250000,14.250000,0.000000,2,0.000000,0.000000,0.010000,0,0
52,59,21.250000,14.750000,25.799002,7,0.000291,0.049012,0.076559,0,0
53,14,21.750000,-7.750000,0.000000,1,0.000000,0.000000,0.010000,0,0
53,15,21.750000,-7.250000,23.074167,6,0.005493,0.069258,0.063242,0,0
53,16,21.750000,-6.750000,22.722202,5,0.005476,0.060648,0.061630,0,0
53,17,21.750000,-6.250000,22.580667,3,0.004933,0.037097,0.060989,0,0
53,19,21.750000,-5.250000,0.000000,1,0.000000,0.000000,0.010000,0,0
53,30,21.750000,0.250000,21.906500,4,0.003043,0.053957,0.057989,0,0
53,31,21.750000,0.750000,21.740999,4,0.002870,0.055060,0.057267,0,0
53,34,21.750000,2.250000,21.754574,7,0.002876,0.096197,0.057326,0,0
53,35,21.750000,2.750000,0.000000,2,0.000000,0.000000,0.010000,0,0
53,45,21.750000,7.750000,0.000000,2,0.000000,0.000000,0.010000,0,0
53,46,21.750000,8.250000,23.168833,6,0.002193,0.068312,0.063679,0,0
53,57,21.750000,13.750000,0.000000,2,0.000000,0.000000,0.010000,0,0
53,58,21.750000,14.250000,25.934713,7,0.000301,0.047428,0.077261,0,0
54,11,22.250000,-9.250000,0.000000,1,0.000000,0.000000,0.010000,0,0
54,12,22.250000,-8.750000,23.952667,3,0.006181,0.030237,0.067373,0,0
54,13,22.250000,-8.250000,23.782001,7,0.009923,0.072543,0.066558,0,0
54,14,22.250000,-7.750000,23.379801,5,0.005862,0.055168,0.064662,0,0
54,28,22.250000,-0.750000,0.000000,1,0.000000,0.000000,0.010000,0,0
54,29,22.250000,-0.250000,22.298000,8,0.004405,0.102693,0.059720,0,0
54,30,22.250000,0.250000,22.028334,3,0.003252,0.039858,0.058525,0,0
54,44,22.250000,7.250000,0.000000,2,0.000000,0.000000,0.010000,0,0
54,45,22.250000,7.750000,23.460833,6,0.001346,0.065392,0.065041,0,0
54,57,22.250000,13.750000,26.165716,7,0.000336,0.044733,0.078464,0,0
55,11,22.750000,-9.250000,24.295670,3,0.004466,0.028522,0.069028,0,0
55,12,22.750000,-8.750000,0.000000,1,0.000000,0.000000,0.010000,0,0
55,27,22.750000,-1.250000,22.979000,5,0.002968,0.058508,0.062803,0,0
55,28,22.750000,-0.750000,22.678167,6,0.004355,0.073218,0.061430,0,0
55,43,22.750000,6.750000,0.000000,2,0.000000,0.000000,0.010000,0,0
55,44,22.750000,7.250000,23.767429,7,0.001391,0.072713,0.066489,0,0
55,56,22.750000,13.250000,26.388666,6,0.000335,0.036113,0.079636,0,0
55,57,22.750000,13.750000,0.000000,1,0.000000,0.000000,0.010000,0,0
56,4,23.250000,-12.750000,0.000000,1,0.000000,0.000000,0.010000,0,0
56,5,23.250000,-12.250000,26.400667,3,0.004620,0.017997,0.079700,0,0
56,6,23.250000,-11.750000,26.112600,5,0.005796,0.032395,0.078187,0,0
56,7,23.250000,-11.250000,25.754801,5,0.009153,0.035377,0.076331,0,0
56,26,23.250000,-1.750000,23.239668,3,0.002815,0.033802,0.064008,0,0
56,27,23.250000,-1.250000,0.000000,1,0.000000,0.000000,0.010000,0,0
56,42,23.250000,6.250000,0.000000,2,0.000000,0.000000,0.010000,0,0
56,43,23.250000,6.750000,24.056429,7,0.001497,0.069342,0.067871,0,0
56,55,23.250000,12.750000,26.746250,4,0.000249,0.021692,0.081536,0,0
56,56,23.250000,13.250000,26.607752,4,0.000351,0.022615,0.080797,0,0
57,0,23.750000,-14.750000,28.200003,3,0.012300,0.009000,0.089524,0,0
57,1,23.750000,-14.250000,0.000000,2,0.000000,0.000000,0.010000,0,0
57,2,23.750000,-13.750000,27.631334,3,0.004435,0.011843,0.086349,0,0
57,3,23.750000,-13.250000,0.000000,2,0.000000,0.000000,0.010000,0,0
57,4,23.750000,-12.750000,0.000000,2,0.000000,0.000000,0.010000,0,0
57,5,23.750000,-12.250000,0.000000,2,0.000000,0.000000,0.010000,0,0
57,23,23.750000,-3.250000,0.000000,1,0.000000,0.000000,0.010000,0,0
57,41,23.750000,5.750000,24.503000,7,0.001178,0.064132,0.070040,0,0
57,42,23.750000,6.250000,24.420668,6,0.001266,0.055793,0.069637,0,0
57,54,23.750000,12.250000,26.902000,4,0.000344,0.020653,0.082372,0,0
57,55,23.750000,12.750000,26.786669,3,0.000285,0.016067,0.081753,0,0
58,0,24.250000,-14.750000,28.453251,4,0.004796,0.010312,0.090959,0,0
58,1,24.250000,-14.250000,0.000000,1,0.000000,0.000000,0.010000,0,0
58,21,24.250000,-4.250000,0.000000,1,0.000000,0.000000,0.010000,0,0
58,22,24.250000,-3.750000,24.644003,6,0.004554,0.053560,0.070733,0,0
58,23,24.250000,-3.250000,24.424002,3,0.003187,0.027880,0.069653,0,0
58,40,24.250000,5.250000,24.914667,6,0.002000,0.050853,0.072074,0,0
58,41,24.250000,5.750000,0.000000,1,0.000000,0.000000,0.010000,0,0
58,53,24.250000,11.750000,0.000000,1,0.000000,0.000000,0.010000,0,0
58,54,24.250000,12.250000,27.191002,4,0.000363,0.018727,0.083935,0,0
59,20,24.750000,-4.750000,0.000000,2,0.000000,0.000000,0.010000,0,0
59,21,24.750000,-4.250000,25.008001,5,0.002881,0.041600,0.072540,0,0
59,38,24.750000,4.250000,25.299334,3,0.001184,0.023503,0.074006,0,0
59,39,24.750000,4.750000,25.172287,7,0.001675,0.056323,0.073364,0,0
59,40,24.750000,5.250000,0.000000,1,0.000000,0.000000,0.010000,0,0
59,52,24.750000,11.250000,0.000000,1,0.000000,0.000000,0.010000,0,0
59,53,24.750000,11.750000,27.405500,4,0.000394,0.017297,0.085106,0,0
60,18,25.250000,-5.750000,26.012753,4,0.002963,0.026582,0.077666,0,0
60,19,25.250000,-5.250000,25.919334,3,0.002978,0.020403,0.077181,0,0
60,20,25.250000,-4.750000,25.508751,4,0.003010,0.029942,0.075070,0,0
60,37,25.250000,3.750000,0.000000,2,0.000000,0.000000,0.010000,0,0
60,38,25.250000,4.250000,25.604202,5,0.002160,0.036632,0.075558,0,0
60,51,25.250000,10.750000,0.000000,1,0.000000,0.000000,0.010000,0,0
60,52,25.250000,11.250000,27.618752,4,0.000261,0.015875,0.086280,0,0
61,16,25.750000,-6.750000,0.000000,2,0.000000,0.000000,0.010000,0,0
61,17,25.750000,-6.250000,26.486252,4,0.003163,0.023425,0.080152,0,0
61,18,25.750000,-5.750000,0.000000,1,0.000000,0.000000,0.010000,0,0
61,36,25.750000,3.250000,26.058001,3,0.001913,0.019710,0.077902,0,0
61,37,25.750000,3.750000,25.933750,4,0.001470,0.027108,0.077256,0,0
61,51,25.750000,10.750000,0.000000,2,0.000000,0.000000,0.010000,0,0
61,52,25.750000,11.250000,27.927002,3,0.000275,0.010365,0.087992,0,0
62,14,26.250000,-7.750000,0.000000,2,0.000000,0.000000,0.010000,0,0
62,15,26.250000,-7.250000,0.000000,2,0.000000,0.000000,0.010000,0,0
62,16,26.250000,-6.750000,0.000000,2,0.000000,0.000000,0.010000,0,0
62,35,26.250000,2.750000,26.482836,6,0.001200,0.035172,0.080134,0,0
62,36,26.250000,3.250000,26.412251,4,0.001544,0.023918,0.079761,0,0
62,50,26.250000,10.250000,28.255751,4,0.000269,0.011628,0.089839,0,0
62,51,26.250000,10.750000,28.286751,4,0.000380,0.011422,0.090014,0,0
63,11,26.750000,-9.250000,0.000000,1,0.000000,0.000000,0.010000,0,0
63,12,26.750000,-8.750000,0.000000,2,0.000000,0.000000,0.010000,0,0
63,13,26.750000,-8.250000,28.061335,3,0.003972,0.009693,0.088744,0,0
63,14,26.750000,-7.750000,27.800003,3,0.003708,0.011000,0.087284,0,0
63,30,26.750000,0.250000,0.000000,2,0.000000,0.000000,0.010000,0,0
63,35,26.750000,2.750000,0.000000,1,0.000000,0.000000,0.010000,0,0
63,49,26.750000,9.750000,28.547001,4,0.000300,0.009687,0.091493,0,0
63,50,26.750000,10.250000,28.437668,3,0.000260,0.007812,0.090870,0,0
64,11,27.250000,-9.250000,0.000000,2,0.000000,0.000000,0.010000,0,0
64,12,27.250000,-8.750000,0.000000,2,0.000000,0.000000,0.010000,0,0
64,29,27.250000,-0.250000,27.406668,3,0.001461,0.012967,0.085113,0,0
64,30,27.250000,0.250000,0.000000,1,0.000000,0.000000,0.010000,0,0
64,48,27.250000,9.250000,28.860500,4,0.000337,0.007597,0.093293,0,0
64,49,27.250000,9.750000,0.000000,2,0.000000,0.000000,0.010000,0,0
65,9,27.750000,-10.250000,0.000000,2,0.000000,0.000000,0.010000,0,0
65,10,27.750000,-9.750000,0.000000,2,0.000000,0.000000,0.010000,0,0
65,28,27.750000,-0.750000,0.000000,1,0.000000,0.000000,0.010000,0,0
65,29,27.750000,-0.250000,0.000000,1,0.000000,0.000000,0.010000,0,0
65,47,27.750000,8.750000,0.000000,2,0.000000,0.000000,0.010000,0,0
65,48,27.750000,9.250000,29.295670,3,0.000266,0.003522,0.095824,0,0
66,27,28.250000,-1.250000,28.345001,4,0.001759,0.011033,0.090344,0,0
66,28,28.250000,-0.750000,0.000000,2,0.000000,0.000000,0.010000,0,0
66,31,28.250000,0.750000,28.342503,4,0.002730,0.011050,0.090330,0,0
67,46,28.750000,8.250000,0.000000,1,0.000000,0.000000,0.010000,0,0
67,47,28.750000,8.750000,0.000000,2,0.000000,0.000000,0.010000,0,0
68,25,29.250000,-2.250000,0.000000,1,0.000000,0.000000,0.010000,0,0
68,44,29.250000,7.250000,0.000000,1,0.000000,0.000000,0.010000,0,0
68,45,29.250000,7.750000,30.216202,5,0.000398,0.000000,0.101302,0,0
68,46,29.250000,8.250000,30.324751,4,0.000258,0.000000,0.101959,0,0
69,44,29.750000,7.250000,0.000000,1,0.000000,0.000000,0.010000,0,0
