ix,iy,x_center,y_center,range,point_count,risk,confidence,sigma_r,lambda_min,lambda_max
0,0,-4.750000,-14.750000,16.048777,9,0.052519,0.209268,0.035756,0,0
0,1,-4.750000,-14.250000,14.950168,6,0.039565,0.150498,0.032351,0,0
0,2,-4.750000,-13.750000,14.562858,7,0.051884,0.180100,0.031208,0,0
0,3,-4.750000,-13.250000,14.126000,7,0.041147,0.185197,0.029954,0,0
0,4,-4.750000,-12.750000,13.691857,7,0.046250,0.190262,0.028747,0,0
0,5,-4.750000,-12.250000,13.281501,8,0.042017,0.222913,0.027640,0,0
0,6,-4.750000,-11.750000,12.789547,11,0.291084,0.315525,0.026357,0,0
0,7,-4.750000,-11.250000,12.333412,17,0.381653,0.500553,0.025211,0,0
0,8,-4.750000,-10.750000,11.929154,13,0.262939,0.391535,0.024230,0,0
0,9,-4.750000,-10.250000,11.418273,11,0.051995,0.340665,0.023038,0,0
0,10,-4.750000,-9.750000,10.978251,12,0.196615,0.380435,0.022052,0,0
0,11,-4.750000,-9.250000,10.517917,24,0.332249,0.649403,0.021063,0,0
0,12,-4.750000,-8.750000,10.154957,23,0.289644,0.661501,0.020312,0,0
0,13,-4.750000,-8.250000,9.791859,21,0.224229,0.673605,0.019588,0,0
0,14,-4.750000,-7.750000,9.177099,30,0.167412,0.694097,0.018422,0,0
0,15,-4.750000,-7.250000,8.845140,29,0.173673,0.705162,0.017824,0,0
0,16,-4.750000,-6.750000,8.428365,41,0.330119,0.719055,0.017104,0,0
0,17,-4.750000,-6.250000,8.078829,47,0.347668,0.730706,0.016527,0,0
0,18,-4.750000,-5.750000,7.621602,45,0.298987,0.745947,0.015809,0,0
0,19,-4.750000,-5.250000,7.282640,61,0.365294,0.757245,0.015304,0,0
0,20,-4.750000,-4.750000,6.921556,72,0.456314,0.769281,0.014791,0,0
0,21,-4.750000,-4.250000,6.621101,78,0.373990,0.779297,0.014384,0,0
0,22,-4.750000,-3.750000,6.270011,86,0.506703,0.791000,0.013931,0,0
0,23,-4.750000,-3.250000,5.949333,105,0.449196,0.801689,0.013539,0,0
0,24,-4.750000,-2.750000,5.698976,124,0.806493,0.810034,0.013248,0,0
0,25,-4.750000,-2.250000,5.483624,151,0.442702,0.817213,0.013007,0,0
0,26,-4.750000,-1.750000,5.333610,177,0.339750,0.822213,0.012845,0,0
0,27,-4.750000,-1.250000,5.162929,157,0.300399,0.827902,0.012666,0,0
0,28,-4.750000,-0.750000,5.090185,189,0.410435,0.830327,0.012591,0,0
0,29,-4.750000,-0.250000,5.059104,183,0.799396,0.831363,0.012559,0,0
0,30,-4.750000,0.250000,5.021990,202,0.731910,0.832600,0.012522,0,0
0,31,-4.750000,0.750000,5.094677,170,0.781598,0.830177,0.012596,0,0
0,32,-4.750000,1.250000,5.137688,177,0.614454,0.828744,0.012640,0,0
0,33,-4.750000,1.750000,5.314415,174,0.758962,0.822853,0.012824,0,0
0,34,-4.750000,2.250000,5.529139,145,0.541095,0.815695,0.013057,0,0
0,35,-4.750000,2.750000,5.683275,145,0.692889,0.810557,0.013230,0,0
0,36,-4.750000,3.250000,5.997240,125,1.000000,0.800092,0.013597,0,0
0,37,-4.750000,3.750000,6.230872,141,1.000000,0.792304,0.013882,0,0
0,38,-4.750000,4.250000,6.685125,40,0.290082,0.777162,0.014469,0,0
0,39,-4.750000,4.750000,6.949667,3,0.011023,0.115252,0.014830,0,0
1,0,-4.250000,-14.750000,15.644917,12,0.131452,0.287102,0.034476,0,0
1,1,-4.250000,-14.250000,0.000000,1,0.000000,0.000000,0.010000,0,0
1,3,-4.250000,-13.250000,0.000000,1,0.000000,0.000000,0.010000,0,0
1,4,-4.250000,-12.750000,13.450714,7,0.050074,0.193075,0.028092,0,0
1,5,-4.250000,-12.250000,13.052250,8,0.053439,0.225970,0.027036,0,0
1,6,-4.250000,-11.750000,12.670286,7,0.044075,0.202180,0.026054,0,0
1,8,-4.250000,-10.750000,11.535750,8,0.055920,0.246190,0.023307,0,0
1,9,-4.250000,-10.250000,11.154728,11,0.066095,0.345497,0.022443,0,0
1,10,-4.250000,-9.750000,10.768901,10,0.062523,0.320518,0.021597,0,0
1,11,-4.250000,-9.250000,10.045857,7,0.052454,0.232798,0.020092,0,0
1,12,-4.250000,-8.750000,9.784924,13,0.082092,0.437993,0.019574,0,0
1,13,-4.250000,-8.250000,9.403572,14,0.073513,0.480583,0.018843,0,0
1,14,-4.250000,-7.750000,8.834499,16,0.141668,0.564413,0.017805,0,0
1,15,-4.250000,-7.250000,8.485438,16,0.085163,0.573722,0.017200,0,0
1,16,-4.250000,-6.750000,8.034541,24,0.134970,0.732182,0.016455,0,0
1,17,-4.250000,-6.250000,7.597319,22,0.124387,0.746756,0.015772,0,0
1,18,-4.250000,-5.750000,7.231395,33,0.163243,0.758954,0.015229,0,0
1,19,-4.250000,-5.250000,6.776333,36,0.082053,0.774122,0.014592,0,0
1,20,-4.250000,-4.750000,6.454812,37,0.062627,0.784840,0.014166,0,0
1,21,-4.250000,-4.250000,6.085479,48,0.156514,0.797151,0.013703,0,0
1,22,-4.250000,-3.750000,5.692015,73,0.284121,0.810266,0.013240,0,0
1,23,-4.250000,-3.250000,5.412374,59,0.120336,0.819588,0.012929,0,0
1,24,-4.250000,-2.750000,5.141784,79,0.102444,0.828607,0.012644,0,0
1,25,-4.250000,-2.250000,4.868840,106,0.132900,0.837705,0.012371,0,0
1,26,-4.250000,-1.750000,4.680115,133,0.327534,0.843996,0.012190,0,0
1,27,-4.250000,-1.250000,4.509356,149,0.312423,0.849688,0.012033,0,0
1,28,-4.250000,-0.750000,4.401552,136,0.188148,0.853282,0.011937,0,0
1,29,-4.250000,-0.250000,4.333483,197,0.557921,0.855551,0.011878,0,0
1,30,-4.250000,0.250000,4.343438,153,0.325346,0.855219,0.011887,0,0
1,31,-4.250000,0.750000,4.392517,149,0.407351,0.853583,0.011929,0,0
1,32,-4.250000,1.250000,4.488747,146,0.222187,0.850375,0.012015,0,0
1,33,-4.250000,1.750000,4.647897,134,0.252390,0.845070,0.012160,0,0
1,34,-4.250000,2.250000,4.862943,122,0.355137,0.837902,0.012365,0,0
1,35,-4.250000,2.750000,5.113361,111,0.399402,0.829555,0.012615,0,0
1,36,-4.250000,3.250000,5.363638,80,0.281653,0.821212,0.012877,0,0
1,37,-4.250000,3.750000,5.639244,82,1.000000,0.812025,0.013180,0,0
1,38,-4.250000,4.250000,5.999334,3,0.028390,0.120003,0.013599,0,0
1,39,-4.250000,4.750000,6.531750,4,0.295421,0.156455,0.014266,0,0
1,40,-4.250000,5.250000,0.000000,1,0.000000,0.000000,0.010000,0,0
1,42,-4.250000,6.250000,0.000000,1,0.000000,0.000000,0.010000,0,0
2,1,-3.750000,-14.250000,14.666000,5,0.051334,0.127783,0.031509,0,0
2,2,-3.750000,-13.750000,14.307287,7,0.061201,0.183082,0.030470,0,0
2,3,-3.750000,-13.250000,13.910286,7,0.054805,0.187713,0.029350,0,0
2,5,-3.750000,-12.250000,0.000000,1,0.000000,0.000000,0.010000,0,0
2,6,-3.750000,-11.750000,12.359556,9,0.067089,0.264607,0.025276,0,0
2,7,-3.750000,-11.250000,11.955301,10,0.071831,0.300745,0.024293,0,0
2,8,-3.750000,-10.750000,0.000000,2,0.000000,0.000000,0.010000,0,0
2,9,-3.750000,-10.250000,10.880445,9,0.063475,0.286793,0.021838,0,0
2,10,-3.750000,-9.750000,10.527585,12,0.083919,0.389448,0.021083,0,0
2,11,-3.750000,-9.250000,10.172143,7,0.114271,0.231325,0.020347,0,0
2,12,-3.750000,-8.750000,9.550500,14,0.085127,0.477155,0.019121,0,0
2,13,-3.750000,-8.250000,9.171400,15,0.083319,0.520715,0.018411,0,0
2,14,-3.750000,-7.750000,8.626352,17,0.131240,0.605587,0.017441,0,0
2,15,-3.750000,-7.250000,8.228900,20,0.136223,0.725703,0.016771,0,0
2,16,-3.750000,-6.750000,7.805591,22,0.140433,0.739814,0.016093,0,0
2,17,-3.750000,-6.250000,7.349676,34,0.113395,0.755011,0.015402,0,0
2,18,-3.750000,-5.750000,6.887300,30,0.136074,0.770423,0.014743,0,0
2,19,-3.750000,-5.250000,6.534002,41,0.123848,0.782200,0.014269,0,0
2,20,-3.750000,-4.750000,6.144420,50,0.177069,0.795186,0.013775,0,0
2,21,-3.750000,-4.250000,5.762155,58,0.178134,0.807928,0.013320,0,0
2,22,-3.750000,-3.750000,5.384588,68,0.088271,0.820514,0.012899,0,0
2,23,-3.750000,-3.250000,5.008908,75,0.180247,0.833036,0.012509,0,0
2,24,-3.750000,-2.750000,4.742347,147,0.337123,0.841922,0.012249,0,0
2,25,-3.750000,-2.250000,4.480214,172,0.366162,0.850660,0.012007,0,0
2,26,-3.750000,-1.750000,4.256124,169,0.211663,0.858129,0.011811,0,0
2,27,-3.750000,-1.250000,4.026585,164,0.157380,0.865780,0.011621,0,0
2,28,-3.750000,-0.750000,3.915232,228,0.496239,0.869492,0.011533,0,0
2,29,-3.750000,-0.250000,3.862609,166,0.185531,0.871246,0.011492,0,0
2,30,-3.750000,0.250000,3.844784,175,0.502284,0.871841,0.011478,0,0
2,31,-3.750000,0.750000,3.935449,216,0.438832,0.868818,0.011549,0,0
2,32,-3.750000,1.250000,4.046260,184,0.262227,0.865125,0.011637,0,0
2,33,-3.750000,1.750000,4.213040,184,0.608082,0.859565,0.011775,0,0
2,34,-3.750000,2.250000,4.431396,149,0.337366,0.852287,0.011964,0,0
2,35,-3.750000,2.750000,4.702683,117,0.177621,0.843244,0.012212,0,0
2,36,-3.750000,3.250000,4.987952,128,1.000000,0.833735,0.012488,0,0
2,37,-3.750000,3.750000,5.239863,124,0.990779,0.825338,0.012746,0,0
2,38,-3.750000,4.250000,5.591375,56,0.618612,0.813621,0.013126,0,0
2,39,-3.750000,4.750000,0.000000,1,0.000000,0.000000,0.010000,0,0
2,40,-3.750000,5.250000,0.000000,1,0.000000,0.000000,0.010000,0,0
2,41,-3.750000,5.750000,6.915334,6,0.094244,0.230847,0.014782,0,0
3,0,-3.250000,-14.750000,15.383666,12,0.146838,0.292327,0.033666,0,0
3,1,-3.250000,-14.250000,0.000000,2,0.000000,0.000000,0.010000,0,0
3,3,-3.250000,-13.250000,0.000000,2,0.000000,0.000000,0.010000,0,0
3,4,-3.250000,-12.750000,13.227301,10,0.077299,0.279545,0.027496,0,0
3,5,-3.250000,-12.250000,12.775145,7,0.058001,0.200957,0.026320,0,0
3,7,-3.250000,-11.250000,11.702445,9,0.071981,0.274463,0.023695,0,0
3,8,-3.250000,-10.750000,11.330636,11,0.078139,0.342272,0.022838,0,0
3,9,-3.250000,-10.250000,10.907001,3,0.087707,0.095465,0.021896,0,0
3,10,-3.250000,-9.750000,10.302418,12,0.084752,0.393952,0.020614,0,0
3,11,-3.250000,-9.250000,9.936463,13,0.094784,0.434710,0.019873,0,0
3,12,-3.250000,-8.750000,9.322846,13,0.085940,0.448005,0.018692,0,0
3,13,-3.250000,-8.250000,8.961294,17,0.133198,0.596097,0.018030,0,0
3,14,-3.250000,-7.750000,8.449056,18,0.137520,0.646528,0.017139,0,0
3,15,-3.250000,-7.250000,7.998720,25,0.112040,0.733376,0.016398,0,0
3,16,-3.250000,-6.750000,7.550637,22,0.097659,0.748312,0.015701,0,0
3,17,-3.250000,-6.250000,7.157968,29,0.115005,0.761401,0.015124,0,0
3,18,-3.250000,-5.750000,6.713513,39,0.172192,0.776216,0.014507,0,0
3,19,-3.250000,-5.250000,6.286149,47,0.183272,0.790462,0.013952,0,0
3,20,-3.250000,-4.750000,5.829193,57,0.106300,0.805694,0.013398,0,0
3,21,-3.250000,-4.250000,5.417722,72,0.165714,0.819409,0.012935,0,0
3,22,-3.250000,-3.750000,5.040216,88,0.237873,0.831993,0.012540,0,0
3,23,-3.250000,-3.250000,4.695184,126,0.181311,0.843494,0.012204,0,0
3,24,-3.250000,-2.750000,4.360359,148,0.199796,0.854655,0.011901,0,0
3,25,-3.250000,-2.250000,4.083443,181,0.178129,0.863885,0.011667,0,0
3,26,-3.250000,-1.750000,3.860414,186,0.210196,0.871320,0.011490,0,0
3,27,-3.250000,-1.250000,3.725791,134,0.354954,0.875807,0.011388,0,0
3,28,-3.250000,-0.750000,3.613957,95,0.056404,0.879535,0.011306,0,0
3,29,-3.250000,-0.250000,3.521416,106,0.128430,0.882620,0.011240,0,0
3,30,-3.250000,0.250000,3.511072,127,0.201314,0.882964,0.011233,0,0
3,31,-3.250000,0.750000,3.532541,172,0.180763,0.882249,0.011248,0,0
3,32,-3.250000,1.250000,3.699717,106,0.093556,0.876676,0.011369,0,0
3,33,-3.250000,1.750000,3.794592,203,0.361879,0.873514,0.011440,0,0
3,34,-3.250000,2.250000,4.057946,186,0.465648,0.864735,0.011647,0,0
3,35,-3.250000,2.750000,4.331410,178,0.399572,0.855620,0.011876,0,0
3,36,-3.250000,3.250000,4.644849,165,0.828167,0.845172,0.012157,0,0
3,37,-3.250000,3.750000,5.027224,103,1.000000,0.832426,0.012527,0,0
3,38,-3.250000,4.250000,5.403522,69,0.920794,0.819883,0.012920,0,0
3,39,-3.250000,4.750000,5.697286,7,1.000000,0.283532,0.013246,0,0
4,1,-2.750000,-14.250000,14.425501,4,0.046915,0.103830,0.030810,0,0
4,2,-2.750000,-13.750000,14.078287,7,0.065506,0.185753,0.029820,0,0
4,3,-2.750000,-13.250000,13.697200,5,0.043383,0.135857,0.028761,0,0
4,5,-2.750000,-12.250000,12.537375,8,0.069364,0.232835,0.025719,0,0
4,6,-2.750000,-11.750000,12.157001,8,0.070379,0.237907,0.024779,0,0
4,7,-2.750000,-11.250000,11.881333,3,0.043916,0.090593,0.024117,0,0
4,8,-2.750000,-10.750000,11.077778,9,0.079026,0.283833,0.022272,0,0
4,9,-2.750000,-10.250000,10.731500,12,0.092433,0.385370,0.021517,0,0
4,10,-2.750000,-9.750000,10.031430,7,0.071386,0.232967,0.020063,0,0
4,11,-2.750000,-9.250000,9.755358,14,0.111940,0.472375,0.019517,0,0
4,12,-2.750000,-8.750000,9.214500,12,0.123424,0.415710,0.018491,0,0
4,13,-2.750000,-8.250000,8.838589,17,0.107502,0.599573,0.017812,0,0
4,14,-2.750000,-7.750000,8.301501,18,0.126126,0.650955,0.016891,0,0
4,15,-2.750000,-7.250000,7.835001,25,0.142428,0.738833,0.016139,0,0
4,16,-2.750000,-6.750000,7.350346,29,0.169480,0.754988,0.015403,0,0
4,17,-2.750000,-6.250000,6.884829,35,0.142663,0.770506,0.014740,0,0
4,18,-2.750000,-5.750000,6.428616,39,0.082732,0.785713,0.014133,0,0
4,19,-2.750000,-5.250000,6.000836,49,0.159545,0.799972,0.013601,0,0
4,20,-2.750000,-4.750000,5.574216,65,0.182742,0.814193,0.013107,0,0
4,21,-2.750000,-4.250000,5.178342,79,0.151119,0.827389,0.012682,0,0
4,22,-2.750000,-3.750000,4.758972,104,0.142936,0.841368,0.012265,0,0
4,23,-2.750000,-3.250000,4.365751,124,0.156676,0.854475,0.011906,0,0
4,24,-2.750000,-2.750000,4.022865,185,0.150871,0.865905,0.011618,0,0
4,25,-2.750000,-2.250000,3.881989,85,0.070870,0.870600,0.011507,0,0
4,26,-2.750000,-1.750000,0.000000,1,0.000000,0.000000,0.010000,0,0
4,33,-2.750000,1.750000,3.503655,139,0.159880,0.883211,0.011228,0,0
4,34,-2.750000,2.250000,3.698555,216,0.353969,0.876715,0.011368,0,0
4,35,-2.750000,2.750000,3.988022,200,0.327403,0.867066,0.011590,0,0
4,36,-2.750000,3.250000,4.339160,175,0.586230,0.855361,0.011883,0,0
4,37,-2.750000,3.750000,4.649560,157,1.000000,0.845015,0.012162,0,0
4,38,-2.750000,4.250000,5.069694,91,1.000000,0.831010,0.012570,0,0
4,39,-2.750000,4.750000,5.472177,51,0.510903,0.817594,0.012994,0,0
4,41,-2.750000,5.750000,0.000000,2,0.000000,0.000000,0.010000,0,0
4,42,-2.750000,6.250000,6.812167,6,0.035486,0.231878,0.014641,0,0
4,45,-2.750000,7.750000,0.000000,1,0.000000,0.000000,0.010000,0,0
4,46,-2.750000,8.250000,0.000000,1,0.000000,0.000000,0.010000,0,0
5,0,-2.250000,-14.750000,15.132183,11,0.146793,0.272577,0.032898,0,0
5,1,-2.250000,-14.250000,14.641001,4,0.041206,0.102393,0.031436,0,0
5,3,-2.250000,-13.250000,13.389200,5,0.063447,0.138423,0.027927,0,0
5,4,-2.250000,-12.750000,13.025223,9,0.086398,0.254622,0.026966,0,0
5,5,-2.250000,-12.250000,0.000000,2,0.000000,0.000000,0.010000,0,0
5,6,-2.250000,-11.750000,11.911751,4,0.064660,0.120588,0.024189,0,0
5,7,-2.250000,-11.250000,11.578835,12,0.101419,0.368423,0.023407,0,0
5,8,-2.250000,-10.750000,11.164750,4,0.122540,0.125568,0.022465,0,0
5,9,-2.250000,-10.250000,10.543386,13,0.120661,0.421560,0.021116,0,0
5,10,-2.250000,-9.750000,10.182751,8,0.101189,0.264230,0.020369,0,0
5,11,-2.250000,-9.250000,9.593201,15,0.119505,0.510170,0.019203,0,0
5,12,-2.250000,-8.750000,9.127847,13,0.053001,0.452230,0.018332,0,0
5,13,-2.250000,-8.250000,8.661527,19,0.152914,0.675718,0.017502,0,0
5,14,-2.250000,-7.750000,8.142050,20,0.150220,0.728598,0.016629,0,0
5,15,-2.250000,-7.250000,7.691375,24,0.131365,0.743621,0.015916,0,0
5,16,-2.250000,-6.750000,7.220827,29,0.137502,0.759306,0.015214,0,0
5,17,-2.250000,-6.250000,6.755242,33,0.071613,0.774825,0.014563,0,0
5,18,-2.250000,-5.750000,6.280889,45,0.141578,0.790637,0.013945,0,0
5,19,-2.250000,-5.250000,5.828968,61,0.128728,0.805701,0.013398,0,0
5,20,-2.250000,-4.750000,5.360000,71,0.080692,0.821333,0.012873,0,0
5,21,-2.250000,-4.250000,4.927780,91,0.192471,0.835741,0.012428,0,0
5,22,-2.250000,-3.750000,4.499642,112,0.140555,0.850012,0.012025,0,0
5,23,-2.250000,-3.250000,4.096272,151,0.179835,0.863458,0.011678,0,0
5,24,-2.250000,-2.750000,3.824975,78,0.085894,0.872501,0.011463,0,0
5,34,-2.250000,2.250000,3.471364,66,0.213311,0.884288,0.011205,0,0
5,35,-2.250000,2.750000,3.594539,210,1.000000,0.880182,0.011292,0,0
5,36,-2.250000,3.250000,4.005087,150,1.000000,0.866497,0.011604,0,0
5,37,-2.250000,3.750000,4.389018,106,1.000000,0.853699,0.011926,0,0
5,38,-2.250000,4.250000,4.906349,43,0.868249,0.836455,0.012407,0,0
5,39,-2.250000,4.750000,5.215833,6,0.102301,0.247842,0.012720,0,0
5,40,-2.250000,5.250000,0.000000,1,0.000000,0.000000,0.010000,0,0
5,41,-2.250000,5.750000,6.294779,9,0.042254,0.355578,0.013962,0,0
5,42,-2.250000,6.250000,6.629923,13,0.248084,0.506352,0.014396,0,0
5,43,-2.250000,6.750000,7.041200,5,0.224934,0.191323,0.014958,0,0
5,45,-2.250000,7.750000,8.136001,3,0.123099,0.109320,0.016619,0,0
6,0,-1.750000,-14.750000,0.000000,2,0.000000,0.000000,0.010000,0,0
6,1,-1.750000,-14.250000,0.000000,2,0.000000,0.000000,0.010000,0,0
6,2,-1.750000,-13.750000,13.949333,9,0.099066,0.240760,0.029458,0,0
6,3,-1.750000,-13.250000,13.619000,3,0.045206,0.081905,0.028548,0,0
6,5,-1.750000,-12.250000,12.485900,10,0.106473,0.291902,0.025590,0,0
6,6,-1.750000,-11.750000,12.126835,6,0.062148,0.178732,0.024706,0,0
6,7,-1.750000,-11.250000,11.315802,5,0.069208,0.155702,0.022805,0,0
6,8,-1.750000,-10.750000,10.992000,13,0.117075,0.411840,0.022082,0,0
6,9,-1.750000,-10.250000,10.287601,5,0.072351,0.164270,0.020583,0,0
6,10,-1.750000,-9.750000,10.012072,14,0.119034,0.466385,0.020024,0,0
6,11,-1.750000,-9.250000,9.435700,10,0.104614,0.342738,0.018903,0,0
6,12,-1.750000,-8.750000,9.105846,13,0.091657,0.452707,0.018292,0,0
6,13,-1.750000,-8.250000,8.538334,21,0.169381,0.715389,0.017290,0,0
6,14,-1.750000,-7.750000,8.028450,20,0.098111,0.732385,0.016446,0,0
6,15,-1.750000,-7.250000,7.582600,25,0.130147,0.747247,0.015750,0,0
6,16,-1.750000,-6.750000,7.096357,28,0.091178,0.763455,0.015036,0,0
6,17,-1.750000,-6.250000,6.609619,42,0.146680,0.779679,0.014369,0,0
6,18,-1.750000,-5.750000,6.129020,50,0.173071,0.795699,0.013756,0,0
6,19,-1.750000,-5.250000,5.642017,57,0.103419,0.811933,0.013183,0,0
6,20,-1.750000,-4.750000,5.195343,76,0.088665,0.826822,0.012699,0,0
6,21,-1.750000,-4.250000,4.739150,100,0.079063,0.842028,0.012246,0,0
6,22,-1.750000,-3.750000,4.316415,123,0.151276,0.856120,0.011863,0,0
6,23,-1.750000,-3.250000,4.043455,33,0.066737,0.865218,0.011635,0,0
6,34,-1.750000,2.250000,3.317000,3,0.296304,0.133415,0.011100,0,0
6,35,-1.750000,2.750000,3.482131,221,0.867476,0.883929,0.011213,0,0
6,36,-1.750000,3.250000,3.885578,292,1.000000,0.870481,0.011510,0,0
6,37,-1.750000,3.750000,4.080202,169,1.000000,0.863993,0.011665,0,0
6,38,-1.750000,4.250000,4.746500,12,0.423102,0.505070,0.012253,0,0
6,39,-1.750000,4.750000,5.168730,37,0.421677,0.827709,0.012672,0,0
6,40,-1.750000,5.250000,5.525969,33,0.357482,0.815801,0.013054,0,0
6,41,-1.750000,5.750000,6.035728,11,0.214900,0.439345,0.013643,0,0
6,42,-1.750000,6.250000,6.395200,5,0.196189,0.196707,0.014090,0,0
6,43,-1.750000,6.750000,6.964000,5,0.138523,0.191967,0.014850,0,0
6,44,-1.750000,7.250000,0.000000,1,0.000000,0.000000,0.010000,0,0
6,45,-1.750000,7.750000,0.000000,2,0.000000,0.000000,0.010000,0,0
6,47,-1.750000,8.750000,0.000000,1,0.000000,0.000000,0.010000,0,0
7,0,-1.250000,-14.750000,14.886430,7,0.080005,0.176325,0.032161,0,0
7,1,-1.250000,-14.250000,14.490167,6,0.060773,0.155098,0.030996,0,0
7,3,-1.250000,-13.250000,13.237803,5,0.064449,0.139685,0.027524,0,0
7,4,-1.250000,-12.750000,12.912889,9,0.106381,0.256307,0.026674,0,0
7,6,-1.250000,-11.750000,11.873889,9,0.098807,0.271892,0.024099,0,0
7,7,-1.250000,-11.250000,11.554572,7,0.079370,0.215197,0.023351,0,0
7,8,-1.250000,-10.750000,10.789501,8,0.092610,0.256140,0.021641,0,0
7,9,-1.250000,-10.250000,10.498601,10,0.105392,0.325023,0.021022,0,0
7,10,-1.250000,-9.750000,9.874002,13,0.122130,0.436063,0.019750,0,0
7,11,-1.250000,-9.250000,9.462500,10,0.095022,0.342292,0.018954,0,0
7,12,-1.250000,-8.750000,8.971705,17,0.160843,0.595802,0.018049,0,0
7,13,-1.250000,-8.250000,8.419751,20,0.193504,0.719342,0.017089,0,0
7,14,-1.250000,-7.750000,7.919000,22,0.126424,0.736033,0.016271,0,0
7,15,-1.250000,-7.250000,7.449680,25,0.085171,0.751677,0.015550,0,0
7,16,-1.250000,-6.750000,6.980344,32,0.140475,0.767322,0.014873,0,0
7,17,-1.250000,-6.250000,6.496074,41,0.157523,0.783464,0.014220,0,0
7,18,-1.250000,-5.750000,6.027689,45,0.089596,0.799077,0.013633,0,0
7,19,-1.250000,-5.250000,5.548127,63,0.164593,0.815062,0.013078,0,0
7,20,-1.250000,-4.750000,5.062112,80,0.160779,0.831263,0.012562,0,0
7,21,-1.250000,-4.250000,4.574361,111,0.135007,0.847521,0.012092,0,0
7,22,-1.250000,-3.750000,4.298999,38,0.048793,0.856700,0.011848,0,0
7,35,-1.250000,2.750000,3.307429,7,1.000000,0.311413,0.011094,0,0
7,36,-1.250000,3.250000,3.729976,123,0.143513,0.875667,0.011391,0,0
7,37,-1.250000,3.750000,4.064731,303,1.000000,0.864509,0.011652,0,0
7,38,-1.250000,4.250000,4.422514,140,0.733187,0.852583,0.011956,0,0
7,39,-1.250000,4.750000,4.940341,47,0.313122,0.835322,0.012441,0,0
7,40,-1.250000,5.250000,5.440631,46,0.664635,0.818646,0.012960,0,0
7,41,-1.250000,5.750000,5.937001,31,0.162278,0.802100,0.013525,0,0
7,42,-1.250000,6.250000,6.306000,3,0.592089,0.118470,0.013977,0,0
7,43,-1.250000,6.750000,7.032600,10,0.067358,0.382790,0.014946,0,0
7,44,-1.250000,7.250000,7.480000,7,0.035467,0.262733,0.015595,0,0
7,45,-1.250000,7.750000,0.000000,1,0.000000,0.000000,0.010000,0,0
7,46,-1.250000,8.250000,0.000000,1,0.000000,0.000000,0.010000,0,0
7,47,-1.250000,8.750000,0.000000,1,0.000000,0.000000,0.010000,0,0
8,0,-0.750000,-14.750000,15.318001,6,0.075568,0.146820,0.033464,0,0
8,2,-0.750000,-13.750000,13.866126,8,0.089439,0.215118,0.029227,0,0
8,3,-0.750000,-13.250000,13.474600,5,0.060839,0.137712,0.028156,0,0
8,4,-0.750000,-12.750000,0.000000,1,0.000000,0.000000,0.010000,0,0
8,5,-0.750000,-12.250000,12.387901,10,0.138642,0.293535,0.025346,0,0
8,6,-0.750000,-11.750000,12.102666,3,0.061108,0.089487,0.024647,0,0
8,7,-0.750000,-11.250000,11.300728,11,0.118054,0.342820,0.022771,0,0
8,8,-0.750000,-10.750000,11.022401,5,0.079853,0.158147,0.022149,0,0
8,9,-0.750000,-10.250000,10.321923,13,0.152635,0.426358,0.020654,0,0
8,10,-0.750000,-9.750000,9.889001,8,0.081212,0.268147,0.019779,0,0
8,11,-0.750000,-9.250000,9.448268,15,0.141501,0.513793,0.018927,0,0
8,12,-0.750000,-8.750000,8.863531,17,0.168972,0.598867,0.017856,0,0
8,13,-0.750000,-8.250000,8.363707,17,0.124312,0.613028,0.016995,0,0
8,14,-0.750000,-7.750000,7.899477,21,0.065089,0.736684,0.016240,0,0
8,15,-0.750000,-7.250000,7.410242,29,0.103241,0.752992,0.015491,0,0
8,16,-0.750000,-6.750000,6.933344,32,0.129081,0.768889,0.014807,0,0
8,17,-0.750000,-6.250000,6.424257,39,0.080429,0.785858,0.014127,0,0
8,18,-0.750000,-5.750000,5.940215,51,0.084051,0.801993,0.013529,0,0
8,19,-0.750000,-5.250000,5.458251,64,0.110725,0.818058,0.012979,0,0
8,20,-0.750000,-4.750000,4.970736,87,0.121433,0.834309,0.012471,0,0
8,21,-0.750000,-4.250000,4.574078,64,0.154238,0.847531,0.012092,0,0
8,36,-0.750000,3.250000,3.674750,32,0.301731,0.877508,0.011350,0,0
8,37,-0.750000,3.750000,3.953208,255,1.000000,0.868226,0.011563,0,0
8,38,-0.750000,4.250000,4.418668,156,1.000000,0.852711,0.011952,0,0
8,39,-0.750000,4.750000,4.779893,84,0.793368,0.840670,0.012285,0,0
8,40,-0.750000,5.250000,5.264223,36,0.699687,0.824526,0.012771,0,0
8,43,-0.750000,6.750000,0.000000,1,0.000000,0.000000,0.010000,0,0
9,0,-0.250000,-14.750000,0.000000,2,0.000000,0.000000,0.010000,0,0
9,1,-0.250000,-14.250000,14.379669,9,0.109610,0.234305,0.030677,0,0
9,2,-0.250000,-13.750000,0.000000,1,0.000000,0.000000,0.010000,0,0
9,3,-0.250000,-13.250000,13.177334,3,0.064211,0.084113,0.027364,0,0
9,4,-0.250000,-12.750000,12.869202,10,0.115707,0.285513,0.026562,0,0
9,6,-0.250000,-11.750000,11.804501,10,0.132635,0.303258,0.023935,0,0
9,7,-0.250000,-11.250000,11.555001,4,0.073881,0.122967,0.023352,0,0
9,8,-0.250000,-10.750000,10.822231,13,0.139625,0.415518,0.021712,0,0
9,9,-0.250000,-10.250000,10.458250,4,0.065745,0.130278,0.020937,0,0
9,10,-0.250000,-9.750000,9.920189,16,0.163874,0.535462,0.019841,0,0
9,11,-0.250000,-9.250000,9.284133,15,0.150067,0.517897,0.018620,0,0
9,12,-0.250000,-8.750000,8.830273,11,0.088782,0.388112,0.017797,0,0
9,13,-0.250000,-8.250000,8.420413,17,0.053945,0.611422,0.017090,0,0
9,14,-0.250000,-7.750000,7.892834,24,0.125928,0.736906,0.016230,0,0
9,15,-0.250000,-7.250000,7.374334,24,0.061897,0.754189,0.015438,0,0
9,16,-0.250000,-6.750000,6.871844,32,0.033944,0.770939,0.014722,0,0
9,17,-0.250000,-6.250000,6.463734,15,0.058909,0.588407,0.014178,0,0
9,18,-0.250000,-5.750000,5.900857,21,0.033200,0.803305,0.013482,0,0
9,19,-0.250000,-5.250000,5.482400,10,0.268086,0.408627,0.013006,0,0
9,20,-0.250000,-4.750000,4.830333,3,0.018908,0.125848,0.012333,0,0
9,21,-0.250000,-4.250000,4.619000,3,0.300208,0.126905,0.012134,0,0
9,36,-0.250000,3.250000,3.617178,28,0.655936,0.879427,0.011308,0,0
9,37,-0.250000,3.750000,3.892758,91,0.396686,0.870241,0.011515,0,0
9,38,-0.250000,4.250000,4.328290,83,0.493915,0.855724,0.011873,0,0
9,39,-0.250000,4.750000,4.824183,11,0.196796,0.461557,0.012327,0,0
9,40,-0.250000,5.250000,5.413833,30,0.228877,0.819539,0.012931,0,0
9,41,-0.250000,5.750000,5.652667,12,0.432220,0.486947,0.013195,0,0
10,0,0.250000,-14.750000,15.046820,11,0.158280,0.274142,0.032641,0,0
10,2,0.250000,-13.750000,13.758000,3,0.065381,0.081210,0.028928,0,0
10,3,0.250000,-13.250000,13.446556,9,0.106578,0.248302,0.028081,0,0
10,5,0.250000,-12.250000,12.343201,10,0.115806,0.294280,0.025235,0,0
10,6,0.250000,-11.750000,12.065001,3,0.065316,0.089675,0.024556,0,0
10,7,0.250000,-11.250000,11.343000,8,0.109672,0.248760,0.022866,0,0
10,8,0.250000,-10.750000,11.077001,6,0.080150,0.189230,0.022270,0,0
10,9,0.250000,-10.250000,10.377126,16,0.185629,0.523277,0.020768,0,0
10,10,0.250000,-9.750000,9.736001,9,0.124522,0.303960,0.019479,0,0
10,11,0.250000,-9.250000,9.533875,8,0.115799,0.272882,0.019089,0,0
10,12,0.250000,-8.750000,8.981833,18,0.186088,0.630545,0.018067,0,0
10,13,0.250000,-8.250000,8.433751,20,0.219866,0.718875,0.017113,0,0
10,14,0.250000,-7.750000,7.941144,21,0.200913,0.735295,0.016306,0,0
10,15,0.250000,-7.250000,7.452682,22,0.236882,0.751577,0.015554,0,0
10,16,0.250000,-6.750000,6.951138,29,0.162706,0.768295,0.014832,0,0
10,17,0.250000,-6.250000,6.449914,23,0.151240,0.785003,0.014160,0,0
10,18,0.250000,-5.750000,5.900684,19,0.117845,0.763145,0.013482,0,0
10,19,0.250000,-5.250000,5.550112,9,0.390304,0.366748,0.013080,0,0
10,20,0.250000,-4.750000,5.062800,5,0.934114,0.207810,0.012563,0,0
10,37,0.250000,3.750000,4.044636,22,0.635586,0.865179,0.011636,0,0
10,38,0.250000,4.250000,4.398449,87,1.000000,0.853385,0.011935,0,0
10,39,0.250000,4.750000,4.831582,93,0.449300,0.838947,0.012334,0,0
10,40,0.250000,5.250000,5.293722,36,0.147285,0.823543,0.012802,0,0
10,41,0.250000,5.750000,5.856113,62,0.785646,0.804796,0.013429,0,0
10,42,0.250000,6.250000,6.287567,30,0.736342,0.790414,0.013953,0,0
10,43,0.250000,6.750000,6.751000,3,0.067379,0.116245,0.014558,0,0
10,44,0.250000,7.250000,0.000000,2,0.000000,0.000000,0.010000,0,0
10,45,0.250000,7.750000,7.876833,6,0.107785,0.221232,0.016204,0,0
10,46,0.250000,8.250000,8.355100,10,0.205622,0.360748,0.016981,0,0
10,48,0.250000,9.250000,0.000000,1,0.000000,0.000000,0.010000,0,0
11,0,0.750000,-14.750000,15.529501,4,0.058287,0.096470,0.034117,0,0
11,1,0.750000,-14.250000,14.296000,5,0.080201,0.130867,0.030438,0,0
11,2,0.750000,-13.750000,13.988002,6,0.091478,0.160120,0.029566,0,0
11,4,0.750000,-12.750000,12.826101,10,0.109480,0.286232,0.026451,0,0
11,5,0.750000,-12.250000,0.000000,2,0.000000,0.000000,0.010000,0,0
11,6,0.750000,-11.750000,11.780301,10,0.122217,0.303662,0.023878,0,0
11,7,0.750000,-11.250000,11.542501,4,0.088144,0.123050,0.023323,0,0
11,8,0.750000,-10.750000,10.835847,13,0.150794,0.415223,0.021742,0,0
11,9,0.750000,-10.250000,0.000000,2,0.000000,0.000000,0.010000,0,0
11,10,0.750000,-9.750000,10.035645,14,0.149314,0.465835,0.020071,0,0
11,11,0.750000,-9.250000,9.355824,17,0.186149,0.584918,0.018753,0,0
11,12,0.750000,-8.750000,8.794188,16,0.165650,0.565488,0.017734,0,0
11,13,0.750000,-8.250000,8.324812,16,0.104327,0.578005,0.016930,0,0
11,14,0.750000,-7.750000,7.882300,20,0.121622,0.737257,0.016213,0,0
11,15,0.750000,-7.250000,7.425543,24,0.194997,0.752482,0.015514,0,0
11,16,0.750000,-6.750000,6.953594,32,0.225055,0.768214,0.014835,0,0
11,17,0.750000,-6.250000,6.477361,36,0.185756,0.784088,0.014196,0,0
11,18,0.750000,-5.750000,5.990216,51,0.245063,0.800326,0.013588,0,0
11,19,0.750000,-5.250000,5.516139,58,0.254465,0.816129,0.013043,0,0
11,20,0.750000,-4.750000,5.183061,33,0.303865,0.827231,0.012686,0,0
11,37,0.750000,3.750000,4.116508,59,0.088696,0.862783,0.011695,0,0
11,38,0.750000,4.250000,4.510127,175,1.000000,0.849662,0.012034,0,0
11,39,0.750000,4.750000,4.780579,95,1.000000,0.840647,0.012285,0,0
11,40,0.750000,5.250000,5.393000,6,0.042144,0.246070,0.012908,0,0
11,41,0.750000,5.750000,5.870333,6,1.000000,0.241297,0.013446,0,0
11,42,0.750000,6.250000,6.308917,12,1.000000,0.473822,0.013980,0,0
11,43,0.750000,6.750000,6.939750,4,0.391658,0.153735,0.014816,0,0
11,44,0.750000,7.250000,7.330000,4,0.827558,0.151133,0.015373,0,0
11,45,0.750000,7.750000,7.928333,3,0.458052,0.110358,0.016286,0,0
11,46,0.750000,8.250000,8.416183,11,0.464106,0.395703,0.017083,0,0
11,47,0.750000,8.750000,8.805201,10,0.071487,0.353247,0.017753,0,0
11,48,0.750000,9.250000,9.223001,5,0.034870,0.173142,0.018506,0,0
11,49,0.750000,9.750000,9.802200,5,0.038144,0.168315,0.019608,0,0
11,50,0.750000,10.250000,0.000000,1,0.000000,0.000000,0.010000,0,0
12,0,1.250000,-14.750000,14.778667,6,0.074279,0.152213,0.031841,0,0
12,1,1.250000,-14.250000,14.440501,4,0.061306,0.103730,0.030853,0,0
12,3,1.250000,-13.250000,13.411751,8,0.100912,0.221177,0.027988,0,0
12,4,1.250000,-12.750000,13.109501,4,0.071826,0.112603,0.027186,0,0
12,5,1.250000,-12.250000,12.356334,6,0.101711,0.176437,0.025268,0,0
12,6,1.250000,-11.750000,12.087001,6,0.101021,0.179130,0.024610,0,0
12,7,1.250000,-11.250000,11.328125,8,0.115359,0.248958,0.022833,0,0
12,8,1.250000,-10.750000,11.116400,5,0.099494,0.157363,0.022357,0,0
12,9,1.250000,-10.250000,10.454200,15,0.194155,0.488645,0.020929,0,0
12,10,1.250000,-9.750000,9.809818,11,0.131421,0.370153,0.019623,0,0
12,11,1.250000,-9.250000,9.480430,7,0.086185,0.239395,0.018988,0,0
12,12,1.250000,-8.750000,9.097857,14,0.180673,0.487717,0.018277,0,0
12,13,1.250000,-8.250000,8.595411,17,0.207507,0.606463,0.017388,0,0
12,14,1.250000,-7.750000,8.118633,19,0.213437,0.692910,0.016591,0,0
12,15,1.250000,-7.250000,7.564758,33,0.125597,0.747841,0.015723,0,0
12,16,1.250000,-6.750000,7.036200,30,0.118299,0.765460,0.014951,0,0
12,17,1.250000,-6.250000,6.536684,41,0.122883,0.782111,0.014273,0,0
12,18,1.250000,-5.750000,6.041589,51,0.091976,0.798614,0.013650,0,0
12,19,1.250000,-5.250000,5.559501,64,0.102426,0.814683,0.013091,0,0
12,20,1.250000,-4.750000,5.315333,3,0.330671,0.123423,0.012825,0,0
12,37,1.250000,3.750000,4.280196,77,0.537341,0.857327,0.011832,0,0
12,38,1.250000,4.250000,4.596556,72,0.361734,0.846781,0.012113,0,0
12,39,1.250000,4.750000,5.016635,151,1.000000,0.832779,0.012517,0,0
12,40,1.250000,5.250000,5.611500,20,0.727839,0.812950,0.013149,0,0
12,41,1.250000,5.750000,5.930257,35,0.412327,0.802325,0.013517,0,0
12,42,1.250000,6.250000,6.426000,5,0.704034,0.196450,0.014129,0,0
12,43,1.250000,6.750000,0.000000,1,0.000000,0.000000,0.010000,0,0
12,44,1.250000,7.250000,7.616500,4,1.000000,0.149223,0.015801,0,0
12,45,1.250000,7.750000,8.005616,13,0.266874,0.476545,0.016409,0,0
12,46,1.250000,8.250000,8.364376,8,0.589824,0.288475,0.016996,0,0
12,47,1.250000,8.750000,8.855001,10,0.118933,0.352417,0.017841,0,0
12,49,1.250000,9.750000,0.000000,1,0.000000,0.000000,0.010000,0,0
13,0,1.750000,-14.750000,15.208113,9,0.157102,0.221878,0.033129,0,0
13,2,1.750000,-13.750000,13.916857,7,0.097568,0.187637,0.029368,0,0
13,3,1.750000,-13.250000,13.648000,3,0.072517,0.081760,0.028627,0,0
13,4,1.750000,-12.750000,12.870667,3,0.084870,0.085647,0.026565,0,0
13,5,1.750000,-12.250000,12.648251,8,0.108588,0.231357,0.025998,0,0
13,6,1.750000,-11.750000,11.856400,5,0.097614,0.151197,0.024057,0,0
13,7,1.750000,-11.250000,11.604126,8,0.141694,0.245278,0.023466,0,0
13,8,1.750000,-10.750000,10.899778,9,0.123111,0.286503,0.021881,0,0
13,9,1.750000,-10.250000,10.697750,4,0.104271,0.128682,0.021444,0,0
13,10,1.750000,-9.750000,10.092733,15,0.190701,0.497682,0.020186,0,0
13,11,1.750000,-9.250000,9.493375,16,0.186229,0.546843,0.019012,0,0
13,12,1.750000,-8.750000,8.943215,14,0.178202,0.491325,0.017998,0,0
13,13,1.750000,-8.250000,8.492843,19,0.098403,0.681060,0.017213,0,0
13,14,1.750000,-7.750000,8.011421,19,0.097027,0.696305,0.016418,0,0
13,15,1.750000,-7.250000,7.586238,21,0.120513,0.747125,0.015755,0,0
13,16,1.750000,-6.750000,7.221095,21,0.269046,0.759297,0.015214,0,0
13,17,1.750000,-6.250000,6.727414,46,0.116692,0.775753,0.014526,0,0
13,18,1.750000,-5.750000,6.153529,51,0.111489,0.794882,0.013787,0,0
13,19,1.750000,-5.250000,5.689697,56,0.130075,0.810343,0.013237,0,0
13,37,1.750000,3.750000,4.447000,5,0.305667,0.212942,0.011978,0,0
13,38,1.750000,4.250000,4.757386,96,0.867987,0.841420,0.012263,0,0
13,39,1.750000,4.750000,5.219164,73,0.336691,0.826028,0.012724,0,0
13,40,1.750000,5.250000,5.635389,87,0.927212,0.812154,0.013176,0,0
13,41,1.750000,5.750000,6.180556,45,0.981515,0.793981,0.013820,0,0
13,42,1.750000,6.250000,6.532872,31,0.449878,0.782238,0.014268,0,0
13,43,1.750000,6.750000,7.148765,17,0.675072,0.647452,0.015110,0,0
13,44,1.750000,7.250000,7.530001,14,0.642861,0.524300,0.015670,0,0
13,45,1.750000,7.750000,7.925589,17,1.000000,0.625442,0.016281,0,0
13,47,1.750000,8.750000,9.138667,3,0.047986,0.104307,0.018352,0,0
13,48,1.750000,9.250000,0.000000,1,0.000000,0.000000,0.010000,0,0
14,0,2.250000,-14.750000,15.637601,5,0.079588,0.119687,0.034453,0,0
14,1,2.250000,-14.250000,14.423001,6,0.093234,0.155770,0.030802,0,0
14,2,2.250000,-13.750000,14.160751,4,0.089900,0.105595,0.030053,0,0
14,4,2.250000,-12.750000,13.158545,11,0.154533,0.308760,0.027315,0,0
14,6,2.250000,-11.750000,12.137092,11,0.149566,0.327487,0.024731,0,0
14,7,2.250000,-11.250000,0.000000,1,0.000000,0.000000,0.010000,0,0
14,8,2.250000,-10.750000,11.230167,12,0.164447,0.375397,0.022612,0,0
14,9,2.250000,-10.250000,10.534625,8,0.139359,0.259538,0.021098,0,0
14,10,2.250000,-9.750000,10.350501,6,0.115429,0.196495,0.020713,0,0
14,11,2.250000,-9.250000,9.789071,14,0.173430,0.471588,0.019583,0,0
14,12,2.250000,-8.750000,9.240376,16,0.180184,0.553590,0.018538,0,0
14,13,2.250000,-8.250000,8.707354,17,0.204289,0.603292,0.017582,0,0
14,14,2.250000,-7.750000,8.220944,18,0.234338,0.653372,0.016758,0,0
14,15,2.250000,-7.250000,7.809701,20,0.251718,0.739677,0.016099,0,0
14,16,2.250000,-6.750000,7.286227,40,0.111581,0.757126,0.015309,0,0
14,17,2.250000,-6.250000,6.805681,25,0.091973,0.773144,0.014632,0,0
14,18,2.250000,-5.750000,6.343355,48,0.112623,0.788555,0.014024,0,0
14,19,2.250000,-5.250000,5.868796,54,0.111897,0.804374,0.013444,0,0
14,37,2.250000,3.750000,4.839154,13,1.000000,0.545152,0.012342,0,0
14,38,2.250000,4.250000,5.020979,100,0.482324,0.832634,0.012521,0,0
14,39,2.250000,4.750000,5.448156,64,0.467132,0.818395,0.012968,0,0
14,40,2.250000,5.250000,5.836953,62,0.599278,0.805435,0.013407,0,0
14,41,2.250000,5.750000,6.303914,58,1.000000,0.789870,0.013974,0,0
14,42,2.250000,6.250000,6.665125,24,0.183669,0.777829,0.014442,0,0
14,43,2.250000,6.750000,7.199321,28,0.851313,0.760023,0.015183,0,0
14,44,2.250000,7.250000,7.698407,27,0.601685,0.743386,0.015927,0,0
14,45,2.250000,7.750000,8.144516,33,0.731379,0.728516,0.016633,0,0
14,46,2.250000,8.250000,0.000000,1,0.000000,0.000000,0.010000,0,0
14,47,2.250000,8.750000,0.000000,2,0.000000,0.000000,0.010000,0,0
15,0,2.750000,-14.750000,0.000000,2,0.000000,0.000000,0.010000,0,0
15,1,2.750000,-14.250000,14.770431,7,0.100362,0.177678,0.031817,0,0
15,3,2.750000,-13.250000,13.586601,10,0.128892,0.273557,0.028460,0,0
15,5,2.750000,-12.250000,12.596251,8,0.124303,0.232050,0.025867,0,0
15,6,2.750000,-11.750000,12.397667,3,0.086830,0.088012,0.025370,0,0
15,7,2.750000,-11.250000,11.648751,12,0.174772,0.367025,0.023569,0,0
15,9,2.750000,-10.250000,10.838694,13,0.171647,0.415162,0.021748,0,0
15,10,2.750000,-9.750000,10.142538,13,0.150237,0.430245,0.020287,0,0
15,11,2.750000,-9.250000,9.804502,4,0.047068,0.134637,0.019613,0,0
15,12,2.750000,-8.750000,9.500307,13,0.176589,0.444160,0.019026,0,0
15,13,2.750000,-8.250000,8.980938,16,0.211767,0.560508,0.018066,0,0
15,14,2.750000,-7.750000,8.506277,18,0.230455,0.644812,0.017236,0,0
15,15,2.750000,-7.250000,8.050501,18,0.229189,0.658485,0.016481,0,0
15,16,2.750000,-6.750000,7.470123,41,0.109204,0.750996,0.015580,0,0
15,17,2.750000,-6.250000,6.986728,22,0.292257,0.767109,0.014881,0,0
15,18,2.750000,-5.750000,6.538805,46,0.115341,0.782040,0.014276,0,0
15,19,2.750000,-5.250000,6.065228,22,0.031761,0.797826,0.013679,0,0
15,20,2.750000,-4.750000,5.873200,5,0.311510,0.201057,0.013449,0,0
15,37,2.750000,3.750000,5.008800,10,0.423844,0.416520,0.012509,0,0
15,38,2.750000,4.250000,5.290410,61,0.730638,0.823653,0.012799,0,0
15,39,2.750000,4.750000,5.657098,51,0.194205,0.811430,0.013200,0,0
15,40,2.750000,5.250000,6.045564,62,0.389308,0.798481,0.013655,0,0
15,41,2.750000,5.750000,6.487999,53,0.518809,0.783733,0.014209,0,0
15,42,2.750000,6.250000,6.940323,34,0.557992,0.768656,0.014817,0,0
15,43,2.750000,6.750000,7.418715,35,0.345768,0.752710,0.015504,0,0
15,44,2.750000,7.250000,7.814620,21,0.184108,0.739513,0.016107,0,0
15,45,2.750000,7.750000,8.289333,30,0.066315,0.723689,0.016871,0,0
15,46,2.750000,8.250000,8.918063,16,0.467852,0.562185,0.017953,0,0
15,47,2.750000,8.750000,9.257084,24,0.247223,0.691431,0.018569,0,0
15,50,2.750000,10.250000,10.699333,3,0.032635,0.096503,0.021448,0,0
16,0,3.250000,-14.750000,15.336779,9,0.162545,0.219948,0.033522,0,0
16,2,3.250000,-13.750000,14.160200,5,0.105627,0.131998,0.030051,0,0
16,3,3.250000,-13.250000,13.926201,5,0.096562,0.133948,0.029394,0,0
16,4,3.250000,-12.750000,0.000000,2,0.000000,0.000000,0.010000,0,0
16,5,3.250000,-12.250000,12.923112,9,0.156636,0.256153,0.026701,0,0
16,7,3.250000,-11.250000,12.001273,11,0.164154,0.329977,0.024403,0,0
16,8,3.250000,-10.750000,11.247334,6,0.123606,0.187527,0.022650,0,0
16,9,3.250000,-10.250000,11.096500,6,0.116652,0.189035,0.022313,0,0
16,10,3.250000,-9.750000,10.452230,13,0.166730,0.423535,0.020925,0,0
16,11,3.250000,-9.250000,9.810801,15,0.183881,0.504730,0.019625,0,0
16,13,3.250000,-8.250000,9.244125,16,0.210392,0.553490,0.018545,0,0
16,14,3.250000,-7.750000,8.764060,17,0.201099,0.601685,0.017681,0,0
16,15,3.250000,-7.250000,8.289833,18,0.229119,0.651305,0.016872,0,0
16,16,3.250000,-6.750000,7.699975,38,0.136779,0.743334,0.015929,0,0
16,17,3.250000,-6.250000,7.152540,13,0.202946,0.495028,0.015116,0,0
16,18,3.250000,-5.750000,6.803334,6,0.236755,0.231967,0.014629,0,0
16,19,3.250000,-5.250000,6.415667,3,0.270847,0.117922,0.014116,0,0
16,20,3.250000,-4.750000,6.120183,11,0.343533,0.437797,0.013746,0,0
16,37,3.250000,3.750000,5.338593,27,0.191490,0.822047,0.012850,0,0
16,38,3.250000,4.250000,5.528678,59,0.273924,0.815711,0.013057,0,0
16,39,3.250000,4.750000,5.861623,53,0.226555,0.804613,0.013436,0,0
16,40,3.250000,5.250000,6.325715,56,0.419118,0.789143,0.014001,0,0
16,41,3.250000,5.750000,6.775818,44,0.291081,0.774139,0.014591,0,0
16,42,3.250000,6.250000,7.154395,38,0.338551,0.761520,0.015119,0,0
16,43,3.250000,6.750000,7.630800,50,0.868898,0.745640,0.015823,0,0
16,44,3.250000,7.250000,8.020607,33,0.267166,0.732646,0.016433,0,0
16,45,3.250000,7.750000,8.403369,19,0.124870,0.683893,0.017062,0,0
16,46,3.250000,8.250000,8.982917,12,0.067065,0.420342,0.018069,0,0
16,47,3.250000,8.750000,9.284723,18,0.504392,0.621458,0.018621,0,0
16,48,3.250000,9.250000,9.955001,4,0.826545,0.133633,0.019910,0,0
16,49,3.250000,9.750000,0.000000,1,0.000000,0.000000,0.010000,0,0
17,0,3.750000,-14.750000,15.813377,8,0.146624,0.189155,0.035006,0,0
17,2,3.750000,-13.750000,14.487778,9,0.112096,0.232683,0.030990,0,0
17,4,3.750000,-12.750000,13.337003,10,0.164964,0.277717,0.027788,0,0
17,6,3.750000,-11.750000,12.378917,12,0.162581,0.352422,0.025324,0,0
17,8,3.750000,-10.750000,11.507918,12,0.190009,0.369842,0.023243,0,0
17,10,3.750000,-9.750000,10.761461,13,0.159944,0.416835,0.021581,0,0
17,11,3.750000,-9.250000,10.114715,14,0.178923,0.463990,0.020231,0,0
17,12,3.750000,-8.750000,9.521462,13,0.168725,0.443702,0.019066,0,0
17,13,3.750000,-8.250000,0.000000,2,0.000000,0.000000,0.010000,0,0
17,14,3.750000,-7.750000,8.988313,16,0.213206,0.560312,0.018079,0,0
17,15,3.750000,-7.250000,8.529564,16,0.190877,0.572545,0.017275,0,0
17,16,3.750000,-6.750000,8.036626,8,0.189162,0.292845,0.016459,0,0
17,18,3.750000,-5.750000,7.116251,8,0.237728,0.305117,0.015064,0,0
17,19,3.750000,-5.250000,6.655094,32,0.105018,0.778164,0.014429,0,0
17,20,3.750000,-4.750000,6.317001,44,0.089104,0.789433,0.013990,0,0
17,37,3.750000,3.750000,5.527567,37,0.344341,0.815748,0.013055,0,0
17,38,3.750000,4.250000,5.882860,57,0.253878,0.803905,0.013461,0,0
17,39,3.750000,4.750000,6.205891,64,0.390544,0.793137,0.013851,0,0
17,40,3.750000,5.250000,6.663289,45,0.176993,0.777890,0.014440,0,0
17,41,3.750000,5.750000,6.936687,32,0.416888,0.768777,0.014812,0,0
17,42,3.750000,6.250000,7.425030,33,0.621082,0.752499,0.015513,0,0
17,43,3.750000,6.750000,7.818568,30,0.356111,0.739381,0.016113,0,0
17,44,3.750000,7.250000,8.253913,23,0.593613,0.724870,0.016813,0,0
17,45,3.750000,7.750000,8.651910,11,0.386728,0.391382,0.017486,0,0
17,46,3.750000,8.250000,9.042392,23,0.840793,0.698587,0.018176,0,0
17,47,3.750000,8.750000,9.726335,9,0.070504,0.304105,0.019460,0,0
17,48,3.750000,9.250000,9.969833,6,0.311326,0.200302,0.019940,0,0
17,49,3.750000,9.750000,10.313400,10,0.044959,0.328110,0.020637,0,0
18,0,4.250000,-14.750000,0.000000,2,0.000000,0.000000,0.010000,0,0
18,1,4.250000,-14.250000,14.916715,7,0.114870,0.175972,0.032251,0,0
18,2,4.250000,-13.750000,0.000000,1,0.000000,0.000000,0.010000,0,0
18,4,4.250000,-12.750000,13.703555,9,0.146703,0.244447,0.028779,0,0
18,6,4.250000,-11.750000,12.747401,10,0.123818,0.287543,0.026250,0,0
18,8,4.250000,-10.750000,11.825546,11,0.154258,0.333198,0.023984,0,0
18,9,4.250000,-10.250000,11.120858,7,0.129323,0.220257,0.022367,0,0
18,10,4.250000,-9.750000,10.965001,5,0.131019,0.158625,0.022023,0,0
18,11,4.250000,-9.250000,10.387847,13,0.193048,0.424930,0.020791,0,0
18,12,4.250000,-8.750000,9.779202,15,0.195304,0.505520,0.019563,0,0
18,14,4.250000,-7.750000,9.168001,7,0.158194,0.243040,0.018405,0,0
18,17,4.250000,-6.250000,7.837222,9,0.124157,0.332442,0.016142,0,0
18,18,4.250000,-5.750000,7.382401,35,0.168280,0.753920,0.015450,0,0
18,19,4.250000,-5.250000,6.973840,31,0.107604,0.767539,0.014863,0,0
18,20,4.250000,-4.750000,6.607750,32,0.090056,0.779742,0.014366,0,0
18,21,4.250000,-4.250000,6.373500,28,0.293037,0.787550,0.014062,0,0
18,36,4.250000,3.250000,0.000000,1,0.000000,0.000000,0.010000,0,0
18,37,4.250000,3.750000,5.904832,54,0.243232,0.803172,0.013487,0,0
18,38,4.250000,4.250000,6.172097,52,0.205314,0.794263,0.013809,0,0
18,39,4.250000,4.750000,6.535698,43,0.237936,0.782143,0.014272,0,0
18,40,4.250000,5.250000,6.953144,35,0.266458,0.768229,0.014835,0,0
18,41,4.250000,5.750000,7.306160,25,0.155925,0.756461,0.015338,0,0
18,42,4.250000,6.250000,7.652126,32,0.200460,0.744929,0.015856,0,0
18,43,4.250000,6.750000,8.043344,35,0.317126,0.731889,0.016470,0,0
18,44,4.250000,7.250000,8.533769,26,0.110444,0.715541,0.017283,0,0
18,45,4.250000,7.750000,8.930870,23,0.857362,0.702304,0.017976,0,0
18,46,4.250000,8.250000,9.435916,12,0.347469,0.411282,0.018904,0,0
18,47,4.250000,8.750000,9.865334,9,0.318082,0.302020,0.019732,0,0
18,48,4.250000,9.250000,10.096001,6,1.000000,0.199040,0.020193,0,0
19,0,4.750000,-14.750000,0.000000,2,0.000000,0.000000,0.010000,0,0
19,1,4.750000,-14.250000,15.285857,7,0.112620,0.171665,0.033366,0,0
19,3,4.750000,-13.250000,14.105499,10,0.152141,0.264908,0.029897,0,0
19,5,4.750000,-12.250000,13.217251,4,0.099787,0.111885,0.027470,0,0
19,6,4.750000,-11.750000,12.982001,6,0.116787,0.170180,0.026853,0,0
19,7,4.750000,-11.250000,12.261601,5,0.113777,0.147820,0.025035,0,0
19,8,4.750000,-10.750000,12.099572,7,0.115816,0.208838,0.024640,0,0
19,9,4.750000,-10.250000,11.348418,12,0.164928,0.373032,0.022879,0,0
19,11,4.750000,-9.250000,10.640585,12,0.160674,0.387188,0.021322,0,0
19,12,4.750000,-8.750000,0.000000,1,0.000000,0.000000,0.010000,0,0
19,15,4.750000,-7.250000,0.000000,1,0.000000,0.000000,0.010000,0,0
19,16,4.750000,-6.750000,8.567668,12,0.231678,0.428647,0.017340,0,0
19,17,4.750000,-6.250000,8.117250,20,0.249342,0.729425,0.016589,0,0
19,18,4.750000,-5.750000,7.739773,22,0.197349,0.742008,0.015990,0,0
19,19,4.750000,-5.250000,7.349965,28,0.110344,0.755001,0.015402,0,0
19,20,4.750000,-4.750000,6.973605,38,0.082350,0.767547,0.014863,0,0
19,21,4.750000,-4.250000,6.645250,8,0.128719,0.311397,0.014416,0,0
19,22,4.750000,-3.750000,6.484201,5,0.307822,0.195965,0.014204,0,0
19,34,4.750000,2.250000,5.768625,8,0.293192,0.323085,0.013328,0,0
19,35,4.750000,2.750000,5.828759,29,0.377822,0.805708,0.013397,0,0
19,36,4.750000,3.250000,6.044516,33,0.376879,0.798516,0.013654,0,0
19,37,4.750000,3.750000,6.289800,35,0.164483,0.790340,0.013956,0,0
19,38,4.750000,4.250000,6.613720,50,0.365913,0.779543,0.014374,0,0
19,39,4.750000,4.750000,6.905781,32,0.254413,0.769807,0.014769,0,0
19,40,4.750000,5.250000,7.224353,37,0.424708,0.759188,0.015219,0,0
19,41,4.750000,5.750000,7.502938,16,0.270969,0.599922,0.015629,0,0
19,42,4.750000,6.250000,7.996367,30,0.349452,0.733454,0.016394,0,0
19,43,4.750000,6.750000,8.412875,24,0.299586,0.719571,0.017078,0,0
19,44,4.750000,7.250000,8.803850,20,0.683238,0.706538,0.017751,0,0
19,45,4.750000,7.750000,9.266000,19,0.199927,0.656577,0.018586,0,0
19,46,4.750000,8.250000,9.532135,15,0.680938,0.511697,0.019086,0,0
19,47,4.750000,8.750000,10.009201,5,0.126165,0.166590,0.020018,0,0
19,48,4.750000,9.250000,10.398572,7,0.081876,0.228683,0.020813,0,0
19,50,4.750000,10.250000,11.349668,3,0.042446,0.093252,0.022881,0,0
20,0,5.250000,-14.750000,15.794750,8,0.155235,0.189403,0.034947,0,0
20,3,5.250000,-13.250000,14.474779,9,0.140901,0.232878,0.030952,0,0
20,5,5.250000,-12.250000,13.421499,10,0.149626,0.276308,0.028014,0,0
20,7,5.250000,-11.250000,12.502701,10,0.149407,0.291622,0.025632,0,0
20,9,5.250000,-10.250000,11.629601,10,0.157277,0.306173,0.023525,0,0
20,14,5.250000,-7.750000,9.779667,3,0.163630,0.101102,0.019564,0,0
20,15,5.250000,-7.250000,9.204666,15,0.201880,0.519883,0.018473,0,0
20,16,5.250000,-6.750000,8.737160,19,0.200004,0.673323,0.017634,0,0
20,17,5.250000,-6.250000,8.299810,21,0.247120,0.723340,0.016889,0,0
20,18,5.250000,-5.750000,7.881834,18,0.256675,0.663545,0.016212,0,0
20,19,5.250000,-5.250000,7.617130,23,0.157044,0.746096,0.015802,0,0
20,20,5.250000,-4.750000,7.281000,10,0.076811,0.378650,0.015301,0,0
20,21,5.250000,-4.250000,7.065384,13,0.148388,0.496917,0.014992,0,0
20,33,5.250000,1.750000,6.006000,11,0.289137,0.439890,0.013607,0,0
20,34,5.250000,2.250000,5.976305,46,0.096781,0.800790,0.013572,0,0
20,35,5.250000,2.750000,6.136256,47,0.215829,0.795458,0.013765,0,0
20,36,5.250000,3.250000,6.430334,48,0.396889,0.785656,0.014135,0,0
20,37,5.250000,3.750000,6.650000,9,0.287640,0.350250,0.014422,0,0
20,38,5.250000,4.250000,6.892379,29,0.295840,0.770254,0.014750,0,0
20,39,5.250000,4.750000,7.242294,41,0.376062,0.758590,0.015245,0,0
20,40,5.250000,5.250000,7.620518,29,0.311094,0.745983,0.015807,0,0
20,41,5.250000,5.750000,7.898572,14,0.172546,0.515700,0.016239,0,0
20,42,5.250000,6.250000,8.319741,27,0.292837,0.722675,0.016922,0,0
20,43,5.250000,6.750000,8.677644,14,0.196341,0.497522,0.017530,0,0
20,44,5.250000,7.250000,8.974126,16,0.459289,0.560690,0.018053,0,0
20,45,5.250000,7.750000,9.496001,15,0.586879,0.512600,0.019017,0,0
20,46,5.250000,8.250000,9.875817,22,0.256360,0.670806,0.019753,0,0
20,47,5.250000,8.750000,10.247750,12,0.326291,0.395045,0.020502,0,0
20,48,5.250000,9.250000,0.000000,1,0.000000,0.000000,0.010000,0,0
20,49,5.250000,9.750000,11.141001,4,0.060596,0.125727,0.022412,0,0
20,50,5.250000,10.250000,0.000000,1,0.000000,0.000000,0.010000,0,0
20,51,5.250000,10.750000,0.000000,2,0.000000,0.000000,0.010000,0,0
21,0,5.750000,-14.750000,16.222715,7,0.169785,0.160735,0.036318,0,0
21,2,5.750000,-13.750000,14.906334,6,0.114163,0.150937,0.032220,0,0
21,3,5.750000,-13.250000,0.000000,2,0.000000,0.000000,0.010000,0,0
21,5,5.750000,-12.250000,13.737112,9,0.120505,0.243943,0.028871,0,0
21,7,5.750000,-11.250000,12.798910,11,0.159540,0.315353,0.026381,0,0
21,12,5.750000,-8.750000,10.627001,3,0.150629,0.096865,0.021293,0,0
21,14,5.750000,-7.750000,9.930564,16,0.196179,0.535185,0.019862,0,0
21,15,5.750000,-7.250000,9.400001,18,0.216595,0.618000,0.018836,0,0
21,16,5.750000,-6.750000,8.878601,10,0.205510,0.352023,0.017883,0,0
21,17,5.750000,-6.250000,8.968445,9,0.202710,0.315473,0.018043,0,0
21,18,5.750000,-5.750000,8.461525,21,0.218178,0.717949,0.017160,0,0
21,19,5.750000,-5.250000,8.017385,13,0.204728,0.476290,0.016428,0,0
21,20,5.750000,-4.750000,7.647875,8,0.251583,0.298028,0.015849,0,0
21,24,5.750000,-2.750000,6.679462,26,0.277883,0.777351,0.014462,0,0
21,25,5.750000,-2.250000,6.683818,11,0.315436,0.427463,0.014467,0,0
21,31,5.750000,0.750000,6.251471,17,0.307161,0.672875,0.013908,0,0
21,32,5.750000,1.250000,6.225621,29,0.245345,0.792479,0.013876,0,0
21,33,5.750000,1.750000,6.259233,43,0.104419,0.791359,0.013918,0,0
21,34,5.750000,2.250000,6.406619,42,0.105020,0.786446,0.014104,0,0
21,35,5.750000,2.750000,6.574317,38,0.089061,0.780856,0.014322,0,0
21,36,5.750000,3.250000,6.788401,35,0.123394,0.773720,0.014608,0,0
21,37,5.750000,3.750000,7.018144,42,0.256117,0.766062,0.014925,0,0
21,38,5.750000,4.250000,7.386648,17,0.209691,0.640712,0.015456,0,0
21,39,5.750000,4.750000,7.686240,25,0.231392,0.743792,0.015908,0,0
21,40,5.750000,5.250000,7.983334,39,0.307423,0.733889,0.016373,0,0
21,41,5.750000,5.750000,8.391616,13,0.251589,0.468182,0.017042,0,0
21,42,5.750000,6.250000,8.608421,19,0.082430,0.677400,0.017410,0,0
21,43,5.750000,6.750000,9.023215,14,0.196471,0.489458,0.018142,0,0
21,44,5.750000,7.250000,9.347000,14,0.251566,0.481903,0.018737,0,0
21,45,5.750000,7.750000,9.760383,21,0.263359,0.674654,0.019527,0,0
21,46,5.750000,8.250000,10.089200,25,0.877364,0.663693,0.020179,0,0
21,47,5.750000,8.750000,0.000000,2,0.000000,0.000000,0.010000,0,0
21,48,5.750000,9.250000,10.948001,4,0.670864,0.127013,0.021986,0,0
21,49,5.750000,9.750000,11.123334,3,0.050067,0.094383,0.022373,0,0
21,50,5.750000,10.250000,0.000000,1,0.000000,0.000000,0.010000,0,0
21,52,5.750000,11.250000,0.000000,1,0.000000,0.000000,0.010000,0,0
22,0,6.250000,-14.750000,16.604502,8,0.126528,0.178607,0.037571,0,0
22,2,6.250000,-13.750000,15.273780,9,0.141277,0.220893,0.033329,0,0
22,5,6.250000,-12.250000,14.108000,10,0.130535,0.264867,0.029904,0,0
22,12,6.250000,-8.750000,10.730667,9,0.172177,0.289040,0.021515,0,0
22,13,6.250000,-8.250000,10.857801,5,0.142752,0.159518,0.021789,0,0
22,14,6.250000,-7.750000,10.154534,15,0.190152,0.496137,0.020311,0,0
22,15,6.250000,-7.250000,9.531501,6,0.178712,0.204685,0.019085,0,0
22,16,6.250000,-6.750000,9.623181,11,0.197238,0.373575,0.019261,0,0
22,17,6.250000,-6.250000,9.093950,20,0.239592,0.696868,0.018270,0,0
22,18,6.250000,-5.750000,8.559875,8,0.194436,0.285868,0.017327,0,0
22,19,6.250000,-5.250000,8.321502,6,0.145433,0.216785,0.016925,0,0
22,20,6.250000,-4.750000,8.161334,3,0.224573,0.109193,0.016661,0,0
22,23,6.250000,-3.250000,7.299938,16,0.084304,0.605335,0.015329,0,0
22,24,6.250000,-2.750000,7.069750,28,0.345703,0.764342,0.014998,0,0
22,25,6.250000,-2.250000,6.918920,37,0.081510,0.769369,0.014787,0,0
22,26,6.250000,-1.750000,6.701053,19,0.300437,0.737800,0.014490,0,0
22,28,6.250000,-0.750000,6.445333,9,0.311760,0.353320,0.014154,0,0
22,29,6.250000,-0.250000,6.458231,26,0.263663,0.784726,0.014171,0,0
22,30,6.250000,0.250000,6.468632,38,0.174877,0.784379,0.014184,0,0
22,31,6.250000,0.750000,6.563109,37,0.113665,0.781230,0.014307,0,0
22,32,6.250000,1.250000,6.607250,28,0.059508,0.779758,0.014366,0,0
22,33,6.250000,1.750000,6.737812,37,0.103772,0.775406,0.014540,0,0
22,34,6.250000,2.250000,6.867772,35,0.096491,0.771074,0.014717,0,0
22,35,6.250000,2.750000,7.035468,32,0.119418,0.765484,0.014950,0,0
22,36,6.250000,3.250000,7.241711,31,0.120353,0.758610,0.015244,0,0
22,37,6.250000,3.750000,7.487242,29,0.253683,0.750425,0.015606,0,0
22,38,6.250000,4.250000,7.822948,19,0.217316,0.702273,0.016120,0,0
22,39,6.250000,4.750000,7.997555,18,0.655077,0.660073,0.016396,0,0
22,40,6.250000,5.250000,8.305588,17,0.216615,0.614675,0.016898,0,0
22,41,6.250000,5.750000,8.698301,20,0.175369,0.710057,0.017566,0,0
22,42,6.250000,6.250000,9.027687,16,0.163845,0.559262,0.018150,0,0
22,43,6.250000,6.750000,9.354942,17,0.084701,0.584943,0.018751,0,0
22,44,6.250000,7.250000,9.637286,14,0.139711,0.475130,0.019288,0,0
22,45,6.250000,7.750000,10.028934,15,0.307547,0.499277,0.020058,0,0
22,46,6.250000,8.250000,10.438834,6,0.182022,0.195612,0.020897,0,0
22,47,6.250000,8.750000,10.789847,13,0.991537,0.416220,0.021642,0,0
22,48,6.250000,9.250000,0.000000,2,0.000000,0.000000,0.010000,0,0
22,49,6.250000,9.750000,11.489667,3,0.068185,0.092552,0.023201,0,0
23,0,6.750000,-14.750000,16.998501,6,0.107750,0.130015,0.038895,0,0
23,2,6.750000,-13.750000,15.652500,8,0.143807,0.191300,0.034500,0,0
23,5,6.750000,-12.250000,14.289250,4,0.101386,0.104738,0.030418,0,0
23,11,6.750000,-9.250000,11.709847,13,0.175996,0.396287,0.023712,0,0
23,13,6.750000,-8.250000,11.015230,13,0.195493,0.411337,0.022134,0,0
23,14,6.750000,-7.750000,10.345155,13,0.198524,0.425855,0.020702,0,0
23,15,6.750000,-7.250000,10.456334,3,0.167413,0.097718,0.020933,0,0
23,16,6.750000,-6.750000,9.797389,18,0.237225,0.606078,0.019599,0,0
23,17,6.750000,-6.250000,9.196800,5,0.203402,0.173360,0.018458,0,0
23,18,6.750000,-5.750000,0.000000,2,0.000000,0.000000,0.010000,0,0
23,19,6.750000,-5.250000,8.717000,6,0.209880,0.212830,0.017599,0,0
23,23,6.750000,-3.250000,7.796499,26,0.076405,0.740117,0.016079,0,0
23,24,6.750000,-2.750000,7.476958,24,0.230434,0.750768,0.015590,0,0
23,25,6.750000,-2.250000,7.426481,27,0.063717,0.752451,0.015515,0,0
23,26,6.750000,-1.750000,7.197365,22,0.099267,0.760088,0.015180,0,0
23,28,6.750000,-0.750000,7.050239,21,0.125812,0.764992,0.014971,0,0
23,29,6.750000,-0.250000,6.961416,36,0.145275,0.767953,0.014846,0,0
23,30,6.750000,0.250000,6.995242,29,0.154061,0.766825,0.014893,0,0
23,31,6.750000,0.750000,7.055334,24,0.297135,0.764822,0.014978,0,0
23,32,6.750000,1.250000,7.035553,29,0.098577,0.765482,0.014950,0,0
23,33,6.750000,1.750000,7.230075,27,0.283010,0.758997,0.015227,0,0
23,34,6.750000,2.250000,7.366251,28,0.133690,0.754458,0.015426,0,0
23,35,6.750000,2.750000,7.508370,27,0.091107,0.749721,0.015638,0,0
23,36,6.750000,3.250000,7.718084,24,0.092860,0.742730,0.015957,0,0
23,37,6.750000,3.750000,7.930699,20,0.076613,0.735643,0.016290,0,0
23,38,6.750000,4.250000,8.092964,28,0.150930,0.730235,0.016550,0,0
23,39,6.750000,4.750000,8.417601,10,0.224005,0.359707,0.017086,0,0
23,40,6.750000,5.250000,8.804354,17,0.090661,0.600543,0.017752,0,0
23,41,6.750000,5.750000,9.056833,18,0.014117,0.628295,0.018203,0,0
23,42,6.750000,6.250000,9.205001,12,0.018591,0.415900,0.018473,0,0
23,43,6.750000,6.750000,9.584668,15,0.167256,0.510383,0.019187,0,0
23,44,6.750000,7.250000,9.979556,9,0.222519,0.300307,0.019959,0,0
23,45,6.750000,7.750000,10.383667,12,0.186436,0.392327,0.020782,0,0
23,46,6.750000,8.250000,10.686546,11,0.501971,0.354080,0.021420,0,0
23,47,6.750000,8.750000,11.068286,7,0.123945,0.220870,0.022251,0,0
23,48,6.750000,9.250000,11.470556,9,0.306731,0.277942,0.023157,0,0
23,49,6.750000,9.750000,0.000000,1,0.000000,0.000000,0.010000,0,0
24,1,7.250000,-14.250000,16.075573,7,0.111258,0.162452,0.035842,0,0
24,9,7.250000,-10.250000,12.846285,7,0.140000,0.200127,0.026503,0,0
24,11,7.250000,-9.250000,11.958771,13,0.178453,0.390893,0.024301,0,0
24,13,7.250000,-8.250000,11.235667,15,0.170406,0.469108,0.022624,0,0
24,15,7.250000,-7.250000,10.558624,16,0.202556,0.518437,0.021148,0,0
24,16,7.250000,-6.750000,9.882168,6,0.176920,0.201178,0.019766,0,0
24,18,7.250000,-5.750000,9.370001,6,0.187491,0.206300,0.018780,0,0
24,22,7.250000,-3.750000,8.413667,12,0.205970,0.431727,0.017079,0,0
24,23,7.250000,-3.250000,8.268119,17,0.151280,0.615737,0.016836,0,0
24,24,7.250000,-2.750000,7.915819,22,0.188844,0.736139,0.016266,0,0
24,25,7.250000,-2.250000,7.911909,22,0.226850,0.736270,0.016260,0,0
24,26,7.250000,-1.750000,7.876500,4,0.235084,0.147490,0.016204,0,0
24,28,7.250000,-0.750000,7.647187,16,0.075184,0.596075,0.015848,0,0
24,29,7.250000,-0.250000,7.409934,15,0.106214,0.564752,0.015491,0,0
24,30,7.250000,0.250000,7.533720,25,0.133577,0.748876,0.015676,0,0
24,31,7.250000,0.750000,7.524087,23,0.272731,0.749197,0.015661,0,0
24,32,7.250000,1.250000,7.525231,26,0.133557,0.749159,0.015663,0,0
24,33,7.250000,1.750000,7.708919,25,0.226774,0.743036,0.015943,0,0
24,34,7.250000,2.250000,7.852088,23,0.100704,0.738264,0.016166,0,0
24,35,7.250000,2.750000,7.955842,19,0.086614,0.698065,0.016330,0,0
24,36,7.250000,3.250000,8.088176,17,0.073041,0.620835,0.016542,0,0
24,37,7.250000,3.750000,8.278893,19,0.221171,0.687835,0.016854,0,0
24,38,7.250000,4.250000,8.549370,19,0.220759,0.679270,0.017309,0,0
24,39,7.250000,4.750000,8.866929,14,0.074313,0.493105,0.017862,0,0
24,40,7.250000,5.250000,9.128000,5,0.151585,0.173933,0.018332,0,0
24,41,7.250000,5.750000,9.463800,10,0.273652,0.342270,0.018956,0,0
24,42,7.250000,6.250000,9.804890,9,0.222445,0.302927,0.019614,0,0
24,43,7.250000,6.750000,10.212714,7,0.081189,0.230852,0.020430,0,0
24,44,7.250000,7.250000,10.347501,12,0.174834,0.393050,0.020707,0,0
24,45,7.250000,7.750000,10.768779,9,0.113167,0.288468,0.021597,0,0
24,46,7.250000,8.250000,11.106334,9,0.143475,0.283405,0.022335,0,0
24,47,7.250000,8.750000,11.565667,9,0.122268,0.276515,0.023376,0,0
24,48,7.250000,9.250000,12.001430,7,0.086447,0.209983,0.024403,0,0
24,49,7.250000,9.750000,12.234778,9,1.000000,0.266478,0.024969,0,0
24,50,7.250000,10.250000,12.420001,3,0.051531,0.087900,0.025426,0,0
25,9,7.750000,-10.250000,13.085728,11,0.150644,0.310095,0.027124,0,0
25,11,7.750000,-9.250000,12.241637,11,0.166078,0.325570,0.024986,0,0
25,13,7.750000,-8.250000,11.446143,14,0.185315,0.432923,0.023101,0,0
25,15,7.750000,-7.250000,10.705112,9,0.156449,0.289423,0.021460,0,0
25,17,7.750000,-6.250000,10.090667,9,0.167843,0.298640,0.020182,0,0
25,22,7.750000,-3.750000,8.993556,18,0.209906,0.630193,0.018088,0,0
25,23,7.750000,-3.250000,8.433666,9,0.221799,0.323495,0.017113,0,0
25,24,7.750000,-2.750000,8.438137,22,0.189379,0.718729,0.017120,0,0
25,25,7.750000,-2.250000,8.422443,18,0.194686,0.647327,0.017094,0,0
25,28,7.750000,-0.750000,8.200313,16,0.212098,0.581325,0.016725,0,0
25,29,7.750000,-0.250000,8.012640,39,0.026357,0.732912,0.016420,0,0
25,30,7.750000,0.250000,7.967464,28,0.110224,0.734418,0.016348,0,0
25,31,7.750000,0.750000,8.026773,22,0.278607,0.732441,0.016443,0,0
25,32,7.750000,1.250000,7.905188,16,0.201864,0.589195,0.016249,0,0
25,33,7.750000,1.750000,8.253565,23,0.268609,0.724881,0.016812,0,0
25,34,7.750000,2.250000,8.297801,15,0.092036,0.542555,0.016885,0,0
25,35,7.750000,2.750000,8.344834,18,0.248381,0.649655,0.016964,0,0
25,36,7.750000,3.250000,8.621000,22,0.229858,0.712633,0.017432,0,0
25,37,7.750000,3.750000,8.866778,18,0.253871,0.633997,0.017862,0,0
25,38,7.750000,4.250000,9.117092,11,0.069743,0.382853,0.018312,0,0
25,39,7.750000,4.750000,9.156533,15,0.141530,0.521087,0.018384,0,0
25,40,7.750000,5.250000,9.585100,10,0.190806,0.340248,0.019187,0,0
25,41,7.750000,5.750000,9.734251,4,0.139912,0.135105,0.019476,0,0
25,42,7.750000,6.250000,10.119925,13,0.162850,0.430735,0.020241,0,0
25,43,7.750000,6.750000,10.501819,11,0.184664,0.357467,0.021029,0,0
25,44,7.750000,7.250000,10.657400,5,0.122328,0.161188,0.021358,0,0
25,45,7.750000,7.750000,11.013072,14,0.153924,0.443028,0.022129,0,0
25,46,7.750000,8.250000,11.522834,12,0.091677,0.369543,0.023278,0,0
25,47,7.750000,8.750000,11.923000,4,0.083859,0.120513,0.024216,0,0
25,48,7.750000,9.250000,12.324091,11,0.262153,0.324058,0.025188,0,0
25,49,7.750000,9.750000,12.467751,4,0.226884,0.116882,0.025544,0,0
25,50,7.750000,10.250000,12.945334,3,1.000000,0.085273,0.026758,0,0
26,7,8.250000,-11.250000,14.310223,9,0.157126,0.235347,0.030478,0,0
26,9,8.250000,-10.250000,13.329365,11,0.179264,0.305628,0.027767,0,0
26,11,8.250000,-9.250000,12.372714,7,0.143380,0.205652,0.025308,0,0
26,12,8.250000,-8.750000,12.477501,6,0.143050,0.175225,0.025569,0,0
26,13,8.250000,-8.250000,0.000000,1,0.000000,0.000000,0.010000,0,0
26,14,8.250000,-7.750000,11.647462,13,0.149444,0.397638,0.023566,0,0
26,16,8.250000,-6.750000,10.945556,9,0.161835,0.285817,0.021981,0,0
26,21,8.250000,-4.250000,9.685200,10,0.203903,0.338580,0.019380,0,0
26,22,8.250000,-3.750000,9.034000,5,0.197413,0.174717,0.018161,0,0
26,23,8.250000,-3.250000,9.021351,20,0.238449,0.699288,0.018138,0,0
26,24,8.250000,-2.750000,9.015474,19,0.203567,0.664510,0.018128,0,0
26,25,8.250000,-2.250000,8.981636,11,0.203457,0.385337,0.018067,0,0
26,28,8.250000,-0.750000,8.745187,16,0.207408,0.566795,0.017648,0,0
26,29,8.250000,-0.250000,8.674370,19,0.188363,0.675312,0.017524,0,0
26,30,8.250000,0.250000,8.656363,11,0.247317,0.391300,0.017493,0,0
26,31,8.250000,0.750000,8.602500,20,0.270450,0.713250,0.017400,0,0
26,32,8.250000,1.250000,8.456619,21,0.226365,0.718113,0.017151,0,0
26,33,8.250000,1.750000,8.852201,10,0.199311,0.352463,0.017836,0,0
26,34,8.250000,2.250000,8.671236,17,0.226485,0.604315,0.017519,0,0
26,35,8.250000,2.750000,8.950451,20,0.266839,0.701652,0.018011,0,0
26,36,8.250000,3.250000,9.163728,11,0.093505,0.381998,0.018397,0,0
26,37,8.250000,3.750000,9.087600,10,0.178830,0.348540,0.018258,0,0
26,38,8.250000,4.250000,9.442112,18,0.206850,0.616737,0.018915,0,0
26,39,8.250000,4.750000,9.747534,15,0.181192,0.506312,0.019501,0,0
26,40,8.250000,5.250000,10.086501,8,1.000000,0.265513,0.020174,0,0
26,41,8.250000,5.750000,0.000000,1,0.000000,0.000000,0.010000,0,0
26,42,8.250000,6.250000,10.464751,8,0.129425,0.260470,0.020951,0,0
26,43,8.250000,6.750000,10.795001,11,0.149564,0.352092,0.021653,0,0
26,44,8.250000,7.250000,11.181667,3,0.103266,0.094092,0.022503,0,0
26,45,8.250000,7.750000,11.405428,7,0.151904,0.216937,0.023008,0,0
26,46,8.250000,8.250000,11.906112,9,0.126904,0.271408,0.024176,0,0
26,47,8.250000,8.750000,12.292000,3,0.088793,0.088540,0.025109,0,0
26,48,8.250000,9.250000,12.365375,8,0.120230,0.235128,0.025290,0,0
26,49,8.250000,9.750000,12.876715,7,0.092316,0.199772,0.026581,0,0
26,50,8.250000,10.250000,13.322222,9,0.070084,0.250167,0.027748,0,0
26,51,8.250000,10.750000,13.601334,6,0.060085,0.163987,0.028500,0,0
26,52,8.250000,11.250000,14.001000,3,0.051618,0.079995,0.029603,0,0
27,7,8.750000,-11.250000,14.551334,9,0.143630,0.231730,0.031174,0,0
27,9,8.750000,-10.250000,13.589801,10,0.147297,0.273503,0.028468,0,0
27,12,8.750000,-8.750000,12.671085,12,0.166624,0.346578,0.026056,0,0
27,14,8.750000,-7.750000,0.000000,1,0.000000,0.000000,0.010000,0,0
27,15,8.750000,-7.250000,0.000000,1,0.000000,0.000000,0.010000,0,0
27,21,8.750000,-4.250000,9.727667,3,0.209034,0.101362,0.019463,0,0
27,22,8.750000,-3.750000,9.721210,19,0.198903,0.642162,0.019450,0,0
27,23,8.750000,-3.250000,9.714112,18,0.189544,0.608577,0.019436,0,0
27,24,8.750000,-2.750000,9.696001,4,0.193020,0.135360,0.019401,0,0
27,28,8.750000,-0.750000,0.000000,1,0.000000,0.000000,0.010000,0,0
27,30,8.750000,0.250000,8.814112,9,0.204335,0.317788,0.017769,0,0
27,31,8.750000,0.750000,9.242875,8,0.190576,0.276762,0.018543,0,0
27,32,8.750000,1.250000,9.105158,19,0.219919,0.661670,0.018290,0,0
27,33,8.750000,1.750000,8.963181,11,0.201761,0.385675,0.018034,0,0
27,34,8.750000,2.250000,9.317143,21,0.213563,0.689429,0.018681,0,0
27,35,8.750000,2.750000,9.358429,7,0.111137,0.240818,0.018758,0,0
27,36,8.750000,3.250000,9.476250,16,0.215527,0.547300,0.018980,0,0
27,37,8.750000,3.750000,9.786532,15,0.196653,0.505337,0.019578,0,0
27,38,8.750000,4.250000,9.822001,3,0.054496,0.100890,0.019647,0,0
27,39,8.750000,4.750000,10.071867,15,0.171426,0.498203,0.020144,0,0
27,40,8.750000,5.250000,10.420847,13,0.191959,0.424215,0.020859,0,0
27,41,8.750000,5.750000,10.767126,8,0.206265,0.256438,0.021593,0,0
27,42,8.750000,6.250000,0.000000,1,0.000000,0.000000,0.010000,0,0
27,43,8.750000,6.750000,11.190001,6,0.168930,0.188100,0.022522,0,0
27,44,8.750000,7.250000,11.592200,15,0.138048,0.460195,0.023438,0,0
27,46,8.750000,8.250000,12.142910,11,0.132662,0.327380,0.024745,0,0
27,47,8.750000,8.750000,12.609000,8,0.110240,0.231880,0.025899,0,0
27,49,8.750000,9.750000,13.078001,7,0.149588,0.197423,0.027103,0,0
27,50,8.750000,10.250000,13.685857,7,0.119949,0.190332,0.028730,0,0
27,51,8.750000,10.750000,14.063001,3,0.097087,0.079685,0.029777,0,0
27,52,8.750000,11.250000,0.000000,1,0.000000,0.000000,0.010000,0,0
28,4,9.250000,-12.750000,16.050714,7,0.120819,0.162742,0.035763,0,0
28,7,9.250000,-11.250000,14.904112,9,0.173901,0.226438,0.032213,0,0
28,9,9.250000,-10.250000,13.792751,4,0.159933,0.108048,0.029024,0,0
28,10,9.250000,-9.750000,13.854858,7,0.182554,0.188360,0.029196,0,0
28,12,9.250000,-8.750000,12.877911,11,0.176343,0.313905,0.026584,0,0
28,15,9.250000,-7.250000,11.971002,8,0.143836,0.240387,0.024330,0,0
28,20,9.250000,-4.750000,10.470201,5,0.170644,0.162748,0.020963,0,0
28,21,9.250000,-4.250000,10.492779,18,0.173074,0.585217,0.021010,0,0
28,22,9.250000,-3.750000,10.496000,4,0.171150,0.130027,0.021017,0,0
28,24,9.250000,-2.750000,9.684144,14,0.215345,0.474037,0.019378,0,0
28,25,9.250000,-2.250000,9.675751,4,0.176798,0.135495,0.019362,0,0
28,27,9.250000,-1.250000,0.000000,2,0.000000,0.000000,0.010000,0,0
28,28,9.250000,-0.750000,9.397889,18,0.185211,0.618063,0.018832,0,0
28,29,9.250000,-0.250000,9.401236,17,0.320479,0.583632,0.018838,0,0
28,30,9.250000,0.250000,9.476334,18,0.230640,0.615710,0.018980,0,0
28,31,9.250000,0.750000,9.333455,11,0.210219,0.378887,0.018711,0,0
28,32,9.250000,1.250000,9.779167,6,0.179939,0.202208,0.019563,0,0
28,33,9.250000,1.750000,9.613800,20,0.270412,0.679540,0.019243,0,0
28,34,9.250000,2.250000,10.005000,4,0.158002,0.133300,0.020010,0,0
28,35,9.250000,2.750000,9.823501,18,0.230126,0.605295,0.019650,0,0
28,36,9.250000,3.250000,10.212287,7,0.155038,0.230857,0.020429,0,0
28,37,9.250000,3.750000,10.045101,10,0.171360,0.332582,0.020090,0,0
28,38,9.250000,4.250000,10.414066,15,0.208002,0.489648,0.020845,0,0
28,40,9.250000,5.250000,10.756785,14,0.188486,0.449008,0.021571,0,0
28,41,9.250000,5.750000,11.162112,9,0.151509,0.282568,0.022459,0,0
28,42,9.250000,6.250000,11.422501,8,0.212389,0.247700,0.023047,0,0
28,43,9.250000,6.750000,11.776001,5,0.146435,0.151867,0.023867,0,0
28,44,9.250000,7.250000,11.841750,8,0.145938,0.242110,0.024023,0,0
28,46,9.250000,8.250000,12.523875,8,0.149848,0.233015,0.025685,0,0
28,47,9.250000,8.750000,13.067572,7,0.107179,0.197545,0.027076,0,0
28,48,9.250000,9.250000,12.950001,3,0.077082,0.085250,0.026770,0,0
28,49,9.250000,9.750000,13.612126,8,0.099183,0.218505,0.028529,0,0
28,51,9.250000,10.750000,14.131287,7,0.084563,0.185135,0.029969,0,0
28,52,9.250000,11.250000,14.788501,6,0.091300,0.152115,0.031870,0,0
28,53,9.250000,11.750000,0.000000,2,0.000000,0.000000,0.010000,0,0
29,4,9.750000,-12.750000,16.376001,9,0.151415,0.204360,0.036817,0,0
29,7,9.750000,-11.250000,15.157100,10,0.129912,0.247382,0.032974,0,0
29,10,9.750000,-9.750000,14.075183,11,0.154582,0.291955,0.029811,0,0
29,13,9.750000,-8.250000,0.000000,1,0.000000,0.000000,0.010000,0,0
29,19,9.750000,-5.250000,0.000000,1,0.000000,0.000000,0.010000,0,0
29,20,9.750000,-4.750000,0.000000,2,0.000000,0.000000,0.010000,0,0
29,22,9.750000,-3.750000,10.496847,13,0.196851,0.422568,0.021018,0,0
29,23,9.750000,-3.250000,10.489414,17,0.181620,0.552800,0.021003,0,0
29,24,9.750000,-2.750000,10.478801,10,0.184032,0.325353,0.020981,0,0
29,27,9.750000,-1.250000,10.174400,5,0.175592,0.165213,0.020352,0,0
29,28,9.750000,-0.750000,10.116643,14,0.208056,0.463945,0.020235,0,0
29,30,9.750000,0.250000,10.193399,10,0.194812,0.330110,0.020391,0,0
29,31,9.750000,0.750000,10.054648,17,0.205436,0.565118,0.020110,0,0
29,32,9.750000,1.250000,9.909083,12,0.189787,0.401818,0.019819,0,0
29,33,9.750000,1.750000,10.381167,6,0.169110,0.196188,0.020777,0,0
29,34,9.750000,2.250000,10.169127,16,0.231833,0.528823,0.020341,0,0
29,35,9.750000,2.750000,0.000000,2,0.000000,0.000000,0.010000,0,0
29,36,9.750000,3.250000,10.450200,15,0.205549,0.488745,0.020921,0,0
29,37,9.750000,3.750000,10.874400,5,0.134384,0.159380,0.021825,0,0
29,38,9.750000,4.250000,10.695701,10,0.178655,0.321738,0.021440,0,0
29,39,9.750000,4.750000,11.101308,13,0.183142,0.409472,0.022324,0,0
29,41,9.750000,5.750000,11.477156,13,0.184257,0.401328,0.023173,0,0
29,43,9.750000,6.750000,12.129333,3,0.102025,0.089353,0.024712,0,0
29,45,9.750000,7.750000,12.678750,4,0.090798,0.115475,0.026075,0,0
29,46,9.750000,8.250000,12.851000,8,0.120233,0.228653,0.026515,0,0
29,47,9.750000,8.750000,0.000000,1,0.000000,0.000000,0.010000,0,0
29,48,9.750000,9.250000,13.478999,7,0.109723,0.192745,0.028168,0,0
29,49,9.750000,9.750000,13.925801,10,0.118721,0.267903,0.029393,0,0
29,51,9.750000,10.750000,14.484200,5,0.080946,0.129298,0.030979,0,0
29,52,9.750000,11.250000,0.000000,1,0.000000,0.000000,0.010000,0,0
29,53,9.750000,11.750000,15.324287,7,0.786426,0.171217,0.033483,0,0
29,54,9.750000,12.250000,0.000000,1,0.000000,0.000000,0.010000,0,0
30,0,10.250000,-14.750000,0.000000,2,0.000000,0.000000,0.010000,0,0
30,4,10.250000,-12.750000,16.669857,7,0.166211,0.155518,0.037788,0,0
30,7,10.250000,-11.250000,15.441777,9,0.168867,0.218373,0.033845,0,0
30,10,10.250000,-9.750000,14.294335,9,0.139615,0.235585,0.030433,0,0
30,13,10.250000,-8.250000,13.260572,7,0.137452,0.195293,0.027584,0,0
30,20,10.250000,-4.750000,11.422430,14,0.186033,0.433477,0.023047,0,0
30,21,10.250000,-4.250000,11.449938,16,0.150519,0.494668,0.023110,0,0
30,22,10.250000,-3.750000,11.438334,3,0.164921,0.092808,0.023084,0,0
30,28,10.250000,-0.750000,10.491334,3,0.159775,0.097543,0.021007,0,0
30,29,10.250000,-0.250000,10.466096,21,0.048659,0.651130,0.020954,0,0
30,30,10.250000,0.250000,10.534455,22,0.059004,0.648852,0.021097,0,0
30,31,10.250000,0.750000,0.000000,2,0.000000,0.000000,0.010000,0,0
30,32,10.250000,1.250000,10.685295,17,0.190534,0.547250,0.021418,0,0
30,33,10.250000,1.750000,10.483546,11,0.177304,0.357802,0.020990,0,0
30,35,10.250000,2.750000,10.811354,17,0.239355,0.543678,0.021689,0,0
30,37,10.250000,3.750000,11.118800,15,0.216920,0.472030,0.022363,0,0
30,39,10.250000,4.750000,11.442166,12,0.196029,0.371157,0.023092,0,0
30,40,10.250000,5.250000,11.951335,3,0.113553,0.090243,0.024283,0,0
30,41,10.250000,5.750000,11.793250,8,0.146589,0.242757,0.023908,0,0
30,42,10.250000,6.250000,12.306333,9,0.145461,0.265405,0.025145,0,0
30,43,10.250000,6.750000,12.307667,3,0.229856,0.088462,0.025148,0,0
30,44,10.250000,7.250000,12.757834,6,0.120403,0.172422,0.026276,0,0
30,45,10.250000,7.750000,0.000000,1,0.000000,0.000000,0.010000,0,0
30,46,10.250000,8.250000,13.224573,7,0.170148,0.195713,0.027489,0,0
30,47,10.250000,8.750000,13.686335,9,0.116298,0.244705,0.028732,0,0
30,49,10.250000,9.750000,14.229833,6,0.110695,0.157702,0.030249,0,0
30,51,10.250000,10.750000,14.917859,7,0.112354,0.175958,0.032254,0,0
30,53,10.250000,11.750000,15.640834,6,0.106472,0.143592,0.034464,0,0
30,54,10.250000,12.250000,16.056202,5,0.105348,0.116198,0.035780,0,0
31,0,10.750000,-14.750000,18.444288,7,0.130328,0.134817,0.044019,0,0
31,4,10.750000,-12.750000,17.005751,8,0.156551,0.173257,0.038920,0,0
31,7,10.750000,-11.250000,15.740668,9,0.129235,0.213890,0.034777,0,0
31,18,10.750000,-5.750000,0.000000,1,0.000000,0.000000,0.010000,0,0
31,19,10.750000,-5.250000,0.000000,2,0.000000,0.000000,0.010000,0,0
31,22,10.750000,-3.750000,11.439502,12,0.168040,0.371210,0.023086,0,0
31,23,10.750000,-3.250000,11.421934,15,0.154149,0.464452,0.023046,0,0
31,24,10.750000,-2.750000,11.363999,3,0.163436,0.093180,0.022914,0,0
31,27,10.750000,-1.250000,11.026668,6,0.160576,0.189733,0.022159,0,0
31,28,10.750000,-0.750000,10.919735,15,0.190764,0.477007,0.021924,0,0
31,29,10.750000,-0.250000,10.807100,10,0.161201,0.319882,0.021679,0,0
31,31,10.750000,0.750000,10.882616,13,0.217807,0.414210,0.021843,0,0
31,33,10.750000,1.750000,11.361751,4,0.150989,0.124255,0.022909,0,0
31,34,10.750000,2.250000,11.169530,17,0.217331,0.533530,0.022476,0,0
31,35,10.750000,2.750000,0.000000,1,0.000000,0.000000,0.010000,0,0
31,36,10.750000,3.250000,11.520616,13,0.185979,0.400387,0.023272,0,0
31,37,10.750000,3.750000,0.000000,2,0.000000,0.000000,0.010000,0,0
31,38,10.750000,4.250000,11.799091,11,0.178656,0.333683,0.023922,0,0
31,39,10.750000,4.750000,0.000000,1,0.000000,0.000000,0.010000,0,0
31,40,10.750000,5.250000,12.172455,11,0.187065,0.326838,0.024817,0,0
31,42,10.750000,6.250000,12.649000,10,0.158636,0.289183,0.026000,0,0
31,44,10.750000,7.250000,13.192401,5,0.310569,0.140063,0.027404,0,0
31,45,10.750000,7.750000,13.461223,9,0.109981,0.248082,0.028120,0,0
31,46,10.750000,8.250000,13.531401,5,0.095940,0.137238,0.028310,0,0
31,47,10.750000,8.750000,14.076910,11,0.098665,0.291923,0.029816,0,0
31,49,10.750000,9.750000,14.677429,7,0.123073,0.178763,0.031543,0,0
31,51,10.750000,10.750000,15.461334,6,0.101688,0.145387,0.033905,0,0
31,53,10.750000,11.750000,16.096376,8,0.840422,0.185382,0.035909,0,0
31,54,10.750000,12.250000,16.443714,7,0.059007,0.158157,0.037040,0,0
31,55,10.750000,12.750000,0.000000,2,0.000000,0.000000,0.010000,0,0
31,56,10.750000,13.250000,17.086000,4,0.048527,0.086093,0.039193,0,0
32,0,11.250000,-14.750000,18.831667,6,0.118392,0.111683,0.045463,0,0
32,4,11.250000,-12.750000,17.317572,7,0.134831,0.147962,0.039990,0,0
32,7,11.250000,-11.250000,16.029377,8,0.154473,0.186275,0.035694,0,0
32,11,11.250000,-9.250000,14.744751,8,0.133918,0.203403,0.031741,0,0
32,19,11.250000,-5.250000,12.570538,13,0.154655,0.377638,0.025802,0,0
32,20,11.250000,-4.750000,12.593645,14,0.170249,0.406148,0.025860,0,0
32,29,11.250000,-0.250000,11.685401,5,0.153109,0.152622,0.023655,0,0
32,30,11.250000,0.250000,11.612666,6,0.156204,0.183873,0.023485,0,0
32,32,11.250000,1.250000,11.678085,12,0.190233,0.366438,0.023638,0,0
32,33,11.250000,1.750000,11.482364,11,0.171394,0.339490,0.023184,0,0
32,35,11.250000,2.750000,11.938002,9,0.142857,0.270930,0.024252,0,0
32,36,11.250000,3.250000,11.735001,6,0.151876,0.182650,0.023771,0,0
32,37,11.250000,3.750000,0.000000,2,0.000000,0.000000,0.010000,0,0
32,38,11.250000,4.250000,12.117547,11,0.181032,0.327845,0.024683,0,0
32,39,11.250000,4.750000,0.000000,1,0.000000,0.000000,0.010000,0,0
32,40,11.250000,5.250000,12.546909,11,0.180510,0.319973,0.025742,0,0
32,42,11.250000,6.250000,12.998001,10,0.177163,0.283367,0.026895,0,0
32,44,11.250000,7.250000,13.536556,9,0.133342,0.246952,0.028324,0,0
32,45,11.250000,7.750000,13.746401,5,0.127909,0.135447,0.028896,0,0
32,46,11.250000,8.250000,0.000000,1,0.000000,0.000000,0.010000,0,0
32,47,11.250000,8.750000,14.361000,8,0.119102,0.208520,0.030624,0,0
32,48,11.250000,9.250000,14.811751,4,0.078633,0.101255,0.031939,0,0
32,49,11.250000,9.750000,14.895374,8,0.089866,0.201395,0.032187,0,0
32,51,11.250000,10.750000,15.871901,10,0.083420,0.235468,0.035192,0,0
32,52,11.250000,11.250000,0.000000,1,0.000000,0.000000,0.010000,0,0
32,53,11.250000,11.750000,16.310127,8,0.870923,0.182532,0.036602,0,0
32,54,11.250000,12.250000,0.000000,2,0.000000,0.000000,0.010000,0,0
32,55,11.250000,12.750000,16.986250,4,0.070453,0.086758,0.038853,0,0
32,56,11.250000,13.250000,17.543751,4,0.038434,0.083042,0.040778,0,0
33,0,11.750000,-14.750000,19.148716,7,0.144886,0.126598,0.046667,0,0
33,4,11.750000,-12.750000,17.602251,8,0.121827,0.165303,0.040984,0,0
33,8,11.750000,-10.750000,16.229252,8,0.114598,0.183610,0.036339,0,0
33,20,11.750000,-4.750000,0.000000,1,0.000000,0.000000,0.010000,0,0
33,21,11.750000,-4.250000,12.595572,14,0.156337,0.406103,0.025865,0,0
33,22,11.750000,-3.750000,12.534154,13,0.142877,0.378427,0.025711,0,0
33,23,11.750000,-3.250000,12.509401,5,0.143276,0.145755,0.025649,0,0
33,27,11.750000,-1.250000,12.043402,10,0.149798,0.299277,0.024504,0,0
33,28,11.750000,-0.750000,11.911154,13,0.152642,0.391925,0.024188,0,0
33,29,11.750000,-0.250000,11.792445,9,0.152047,0.273113,0.023906,0,0
33,30,11.750000,0.250000,12.113001,8,0.157074,0.238493,0.024672,0,0
33,31,11.750000,0.750000,11.938215,14,0.191290,0.421442,0.024252,0,0
33,32,11.750000,1.250000,11.830500,4,0.153552,0.121130,0.023996,0,0
33,34,11.750000,2.250000,12.280901,10,0.167733,0.295318,0.025082,0,0
33,35,11.750000,2.750000,12.108430,7,0.146696,0.208735,0.024661,0,0
33,37,11.750000,3.750000,12.525584,12,0.193967,0.349488,0.025689,0,0
33,39,11.750000,4.750000,12.928200,10,0.170777,0.284530,0.026714,0,0
33,41,11.750000,5.750000,13.416667,6,0.120258,0.165833,0.028001,0,0
33,42,11.750000,6.250000,13.257000,3,0.103847,0.083715,0.027575,0,0
33,44,11.750000,7.250000,13.887501,8,0.147838,0.214833,0.029286,0,0
33,46,11.750000,8.250000,14.669499,6,0.111638,0.153305,0.031519,0,0
33,47,11.750000,8.750000,14.535400,5,0.078429,0.128872,0.031128,0,0
33,49,11.750000,9.750000,15.298001,7,0.101427,0.171523,0.033403,0,0
33,51,11.750000,10.750000,16.039572,7,1.000000,0.162872,0.035727,0,0
33,54,11.750000,12.250000,17.087999,3,0.055804,0.064560,0.039200,0,0
34,0,12.250000,-14.750000,19.497835,6,0.112495,0.105022,0.048017,0,0
34,4,12.250000,-12.750000,17.859142,7,0.121258,0.141643,0.041895,0,0
34,17,12.250000,-6.250000,13.880668,3,0.125415,0.080597,0.029267,0,0
34,18,12.250000,-5.750000,13.925818,11,0.129512,0.294693,0.029393,0,0
34,33,12.250000,1.750000,12.663800,15,0.215585,0.433405,0.026037,0,0
34,34,12.250000,2.250000,12.458601,5,0.136892,0.146178,0.025522,0,0
34,36,12.250000,3.250000,12.972801,10,0.179007,0.283787,0.026829,0,0
34,37,12.250000,3.750000,12.810000,4,0.121079,0.114600,0.026410,0,0
34,38,12.250000,4.250000,0.000000,2,0.000000,0.000000,0.010000,0,0
34,39,12.250000,4.750000,13.286502,10,0.179992,0.278558,0.027653,0,0
34,41,12.250000,5.750000,13.749112,9,0.165303,0.243763,0.028904,0,0
34,43,12.250000,6.750000,14.317833,6,0.090555,0.156822,0.030500,0,0
34,44,12.250000,7.250000,14.144334,3,0.098323,0.079278,0.030006,0,0
34,46,12.250000,8.250000,14.813584,12,0.109290,0.303728,0.031944,0,0
34,47,12.250000,8.750000,15.201751,4,0.069283,0.098655,0.033109,0,0
34,48,12.250000,9.250000,15.684669,3,0.072293,0.071577,0.034601,0,0
34,49,12.250000,9.750000,15.816286,7,0.092707,0.165477,0.035015,0,0
34,51,12.250000,10.750000,16.468002,6,0.095777,0.135320,0.037120,0,0
34,53,12.250000,11.750000,17.136168,6,0.087504,0.128638,0.039365,0,0
34,54,12.250000,12.250000,17.452400,5,0.093362,0.104563,0.040459,0,0
34,55,12.250000,12.750000,17.892000,3,0.048280,0.060540,0.042012,0,0
35,0,12.750000,-14.750000,19.793167,6,0.138683,0.102068,0.049177,0,0
35,4,12.750000,-12.750000,18.150501,8,0.139176,0.157993,0.042944,0,0
35,9,12.750000,-10.250000,16.731876,8,0.117116,0.176908,0.037996,0,0
35,18,12.750000,-5.750000,14.026001,5,0.138919,0.133117,0.029673,0,0
35,19,12.750000,-5.250000,14.032666,12,0.146527,0.319347,0.029692,0,0
35,20,12.750000,-4.750000,14.021463,13,0.142860,0.346202,0.029660,0,0
35,21,12.750000,-4.250000,13.971500,4,0.128263,0.106857,0.029520,0,0
35,27,12.750000,-1.250000,13.245250,4,0.139008,0.111698,0.027544,0,0
35,28,12.750000,-0.750000,13.144924,13,0.146171,0.365193,0.027279,0,0
35,29,12.750000,-0.250000,13.016999,6,0.132035,0.169830,0.026944,0,0
35,31,12.750000,0.750000,13.172668,9,0.149145,0.252410,0.027352,0,0
35,32,12.750000,1.250000,12.947231,13,0.196818,0.369477,0.026763,0,0
35,35,12.750000,2.750000,13.370126,8,0.130419,0.221732,0.027876,0,0
35,36,12.750000,3.250000,13.202334,6,0.133251,0.167977,0.027430,0,0
35,38,12.750000,4.250000,13.681251,8,0.192621,0.217583,0.028718,0,0
35,40,12.750000,5.250000,0.000000,1,0.000000,0.000000,0.010000,0,0
35,41,12.750000,5.750000,14.119780,9,0.164749,0.238203,0.029937,0,0
35,43,12.750000,6.750000,14.629144,7,0.115765,0.179327,0.031401,0,0
35,45,12.750000,7.750000,15.267251,4,0.099197,0.098218,0.033309,0,0
35,46,12.750000,8.250000,15.144250,4,0.115829,0.099038,0.032935,0,0
35,48,12.750000,9.250000,15.899000,4,0.080363,0.094007,0.035278,0,0
35,50,12.750000,10.250000,16.375999,3,0.080964,0.068120,0.036817,0,0
35,51,12.750000,10.750000,16.799250,8,0.077451,0.176010,0.038221,0,0
35,53,12.750000,11.750000,17.655668,3,0.052343,0.061722,0.041172,0,0
35,54,12.750000,12.250000,0.000000,2,0.000000,0.000000,0.010000,0,0
35,56,12.750000,13.250000,18.488201,5,0.073679,0.095932,0.044181,0,0
36,0,13.250000,-14.750000,20.136288,7,0.124804,0.115077,0.050547,0,0
36,4,13.250000,-12.750000,18.473835,6,0.160750,0.115262,0.044128,0,0
36,5,13.250000,-12.250000,0.000000,2,0.000000,0.000000,0.010000,0,0
36,21,13.250000,-4.250000,13.945287,7,0.133078,0.187305,0.029447,0,0
36,22,13.250000,-3.750000,13.899600,5,0.119460,0.134170,0.029320,0,0
36,27,13.250000,-1.250000,13.334001,6,0.144082,0.166660,0.027780,0,0
36,29,13.250000,-0.250000,13.652500,6,0.144441,0.163475,0.028639,0,0
36,30,13.250000,0.250000,13.462462,13,0.175468,0.358313,0.028124,0,0
36,31,13.250000,0.750000,13.301002,4,0.129454,0.111327,0.027692,0,0
36,34,13.250000,2.250000,13.768223,9,0.138586,0.243477,0.028956,0,0
36,35,13.250000,2.750000,13.567714,7,0.139674,0.191710,0.028408,0,0
36,37,13.250000,3.750000,14.186749,4,0.121435,0.105422,0.030126,0,0
36,38,13.250000,4.250000,13.977125,8,0.156765,0.213638,0.029536,0,0
36,40,13.250000,5.250000,14.494430,7,0.144624,0.180898,0.031009,0,0
36,43,13.250000,6.750000,14.998668,9,0.130828,0.225020,0.032496,0,0
36,45,13.250000,7.750000,15.618001,7,0.123754,0.167790,0.034392,0,0
36,48,13.250000,9.250000,16.330875,8,0.098809,0.182255,0.036670,0,0
36,49,13.250000,9.750000,16.607000,6,0.907875,0.133930,0.037579,0,0
36,50,13.250000,10.250000,16.881334,9,0.091665,0.196780,0.038498,0,0
36,51,13.250000,10.750000,0.000000,1,0.000000,0.000000,0.010000,0,0
36,53,13.250000,11.750000,17.796001,4,0.061097,0.081360,0.041670,0,0
36,55,13.250000,12.750000,0.000000,1,0.000000,0.000000,0.010000,0,0
36,56,13.250000,13.250000,18.886429,7,0.064861,0.129658,0.045670,0,0
37,0,13.750000,-14.750000,20.552402,5,0.156443,0.078730,0.052240,0,0
37,16,13.750000,-6.750000,15.704751,8,0.130209,0.190603,0.034664,0,0
37,33,13.750000,1.750000,14.151456,11,0.190751,0.290557,0.030026,0,0
37,34,13.750000,2.250000,13.942001,4,0.121470,0.107053,0.029438,0,0
37,36,13.750000,3.250000,14.593669,3,0.116012,0.077032,0.031298,0,0
37,37,13.750000,3.750000,14.416801,10,0.153508,0.259720,0.030784,0,0
37,40,13.750000,5.250000,14.835751,8,0.154060,0.202190,0.032010,0,0
37,43,13.750000,6.750000,15.385335,6,0.137500,0.146147,0.033671,0,0
37,45,13.750000,7.750000,15.980167,6,0.121865,0.140198,0.035537,0,0
37,48,13.750000,9.250000,16.712402,5,0.100775,0.110730,0.037930,0,0
37,49,13.750000,9.750000,16.971201,5,0.062403,0.108573,0.038802,0,0
37,51,13.750000,10.750000,0.000000,1,0.000000,0.000000,0.010000,0,0
37,53,13.750000,11.750000,18.432667,3,0.051618,0.057837,0.043976,0,0
37,54,13.750000,12.250000,18.369333,3,0.057155,0.058153,0.043743,0,0
37,55,13.750000,12.750000,18.897001,3,0.045544,0.055515,0.045710,0,0
37,56,13.750000,13.250000,19.219002,4,0.055016,0.071873,0.046937,0,0
37,58,13.750000,14.250000,0.000000,2,0.000000,0.000000,0.010000,0,0
38,0,14.250000,-14.750000,20.894001,6,0.129293,0.091060,0.053656,0,0
38,16,14.250000,-6.750000,15.734334,3,0.119788,0.071328,0.034757,0,0
38,17,14.250000,-6.250000,15.757638,11,0.124433,0.261110,0.034830,0,0
38,18,14.250000,-5.750000,15.729751,12,0.115681,0.285405,0.034743,0,0
38,19,14.250000,-5.250000,15.695201,5,0.130658,0.119207,0.034634,0,0
38,27,14.250000,-1.250000,14.783888,9,0.116928,0.228242,0.031856,0,0
38,28,14.250000,-0.750000,14.666751,4,0.126113,0.102222,0.031511,0,0
38,31,14.250000,0.750000,14.687751,4,0.116616,0.102082,0.031573,0,0
38,32,14.250000,1.250000,14.498418,12,0.179681,0.310032,0.031020,0,0
38,33,14.250000,1.750000,0.000000,2,0.000000,0.000000,0.010000,0,0
38,36,14.250000,3.250000,14.867455,11,0.188561,0.277430,0.032104,0,0
38,39,14.250000,4.750000,15.343857,7,0.154532,0.170988,0.033543,0,0
38,40,14.250000,5.250000,15.145001,4,0.098626,0.099033,0.032937,0,0
38,42,14.250000,6.250000,15.803555,9,0.152826,0.212947,0.034975,0,0
38,45,14.250000,7.750000,16.344500,6,0.125719,0.136555,0.036714,0,0
38,48,14.250000,9.250000,17.007202,5,0.093125,0.108273,0.038924,0,0
38,53,14.250000,11.750000,18.750401,5,0.063402,0.093747,0.045158,0,0
38,54,14.250000,12.250000,0.000000,2,0.000000,0.000000,0.010000,0,0
38,56,14.250000,13.250000,0.000000,2,0.000000,0.000000,0.010000,0,0
39,0,14.750000,-14.750000,21.179401,5,0.179865,0.073505,0.054857,0,0
39,5,14.750000,-12.250000,19.386501,4,0.101070,0.070757,0.047584,0,0
39,19,14.750000,-5.250000,15.687667,6,0.125031,0.143123,0.034610,0,0
39,20,14.750000,-4.750000,15.688364,11,0.121891,0.262380,0.034612,0,0
39,21,14.750000,-4.250000,0.000000,2,0.000000,0.000000,0.010000,0,0
39,27,14.750000,-1.250000,0.000000,1,0.000000,0.000000,0.010000,0,0
39,29,14.750000,-0.250000,0.000000,2,0.000000,0.000000,0.010000,0,0
39,30,14.750000,0.250000,15.069910,11,0.164168,0.273718,0.032710,0,0
39,31,14.750000,0.750000,14.879750,8,0.146316,0.201603,0.032141,0,0
39,35,14.750000,2.750000,15.256001,11,0.143904,0.270307,0.033275,0,0
39,36,14.750000,3.250000,0.000000,1,0.000000,0.000000,0.010000,0,0
39,38,14.750000,4.250000,0.000000,1,0.000000,0.000000,0.010000,0,0
39,39,14.750000,4.750000,15.677113,9,0.163267,0.214843,0.034577,0,0
39,42,14.750000,6.250000,16.207127,8,0.165820,0.183905,0.036267,0,0
39,45,14.750000,7.750000,16.753429,7,0.122560,0.154543,0.038068,0,0
39,47,14.750000,8.750000,0.000000,1,0.000000,0.000000,0.010000,0,0
39,48,14.750000,9.250000,17.451668,6,0.109523,0.125483,0.040456,0,0
39,50,14.750000,10.250000,0.000000,1,0.000000,0.000000,0.010000,0,0
39,51,14.750000,10.750000,0.000000,1,0.000000,0.000000,0.010000,0,0
39,53,14.750000,11.750000,18.949717,7,0.107419,0.128920,0.045909,0,0
39,56,14.750000,13.250000,20.138000,3,0.077993,0.049310,0.050554,0,0
39,57,14.750000,13.750000,0.000000,1,0.000000,0.000000,0.010000,0,0
40,0,15.250000,-14.750000,21.544430,7,0.108539,0.098648,0.056416,0,0
40,5,15.250000,-12.250000,0.000000,1,0.000000,0.000000,0.010000,0,0
40,6,15.250000,-11.750000,0.000000,2,0.000000,0.000000,0.010000,0,0
40,28,15.250000,-0.750000,15.554750,8,0.128892,0.192603,0.034195,0,0
40,29,15.250000,-0.250000,15.328626,8,0.141512,0.195618,0.033497,0,0
40,31,15.250000,0.750000,15.660429,7,0.121651,0.167295,0.034525,0,0
40,34,15.250000,2.250000,15.676728,11,0.186764,0.262593,0.034576,0,0
40,35,15.250000,2.750000,0.000000,1,0.000000,0.000000,0.010000,0,0
40,38,15.250000,4.250000,16.087889,9,0.147959,0.208682,0.035882,0,0
40,41,15.250000,5.750000,16.660002,3,0.094629,0.066700,0.037756,0,0
40,42,15.250000,6.250000,16.535667,3,0.117924,0.067322,0.037343,0,0
40,44,15.250000,7.250000,0.000000,1,0.000000,0.000000,0.010000,0,0
40,45,15.250000,7.750000,17.147400,5,0.090462,0.107105,0.039403,0,0
40,47,15.250000,8.750000,17.806999,4,0.106856,0.081287,0.041709,0,0
40,48,15.250000,9.250000,0.000000,1,0.000000,0.000000,0.010000,0,0
40,50,15.250000,10.250000,18.654251,4,0.132688,0.075638,0.044798,0,0
40,51,15.250000,10.750000,0.000000,1,0.000000,0.000000,0.010000,0,0
40,53,15.250000,11.750000,0.000000,2,0.000000,0.000000,0.010000,0,0
40,56,15.250000,13.250000,20.315800,5,0.081728,0.080702,0.051273,0,0
40,57,15.250000,13.750000,0.000000,1,0.000000,0.000000,0.010000,0,0
40,59,15.250000,14.750000,0.000000,1,0.000000,0.000000,0.010000,0,0
41,0,15.750000,-14.750000,21.819502,6,0.116528,0.081805,0.057609,0,0
41,14,15.750000,-7.750000,17.994602,5,0.115195,0.100045,0.042381,0,0
41,29,15.750000,-0.250000,16.183001,6,0.120050,0.138170,0.036189,0,0
41,30,15.750000,0.250000,15.905545,11,0.163563,0.258398,0.035299,0,0
41,33,15.750000,1.750000,16.123001,11,0.154417,0.254412,0.035995,0,0
41,34,15.750000,2.250000,0.000000,1,0.000000,0.000000,0.010000,0,0
41,37,15.750000,3.750000,16.529430,7,0.142192,0.157157,0.037322,0,0
41,38,15.750000,4.250000,16.322001,3,0.101687,0.068390,0.036641,0,0
41,41,15.750000,5.750000,16.978428,7,0.145441,0.151918,0.038827,0,0
41,44,15.750000,7.250000,17.581858,7,0.140016,0.144878,0.040912,0,0
41,47,15.750000,8.750000,18.318834,6,0.109421,0.116812,0.043558,0,0
41,50,15.750000,10.250000,0.000000,1,0.000000,0.000000,0.010000,0,0
41,51,15.750000,10.750000,0.000000,2,0.000000,0.000000,0.010000,0,0
41,53,15.750000,11.750000,19.854502,6,0.065983,0.101455,0.049420,0,0
41,57,15.750000,13.750000,21.125000,3,0.050939,0.044375,0.054627,0,0
42,14,16.250000,-7.750000,18.041502,4,0.114319,0.079723,0.042550,0,0
42,15,16.250000,-7.250000,18.044003,10,0.120451,0.199267,0.042559,0,0
42,16,16.250000,-6.750000,17.974400,10,0.118068,0.200427,0.042308,0,0
42,17,16.250000,-6.250000,17.936501,4,0.123972,0.080423,0.042172,0,0
42,26,16.250000,-1.750000,0.000000,1,0.000000,0.000000,0.010000,0,0
42,27,16.250000,-1.250000,16.713444,9,0.122501,0.199298,0.037934,0,0
42,28,16.250000,-0.750000,16.485901,10,0.143859,0.225235,0.037178,0,0
42,29,16.250000,-0.250000,16.284752,4,0.111973,0.091435,0.036519,0,0
42,31,16.250000,0.750000,0.000000,2,0.000000,0.000000,0.010000,0,0
42,32,16.250000,1.250000,16.445002,11,0.176275,0.248508,0.037044,0,0
42,36,16.250000,3.250000,17.004751,4,0.104470,0.086635,0.038916,0,0
42,37,16.250000,3.750000,16.833000,6,0.133914,0.131670,0.038335,0,0
42,40,16.250000,5.250000,0.000000,2,0.000000,0.000000,0.010000,0,0
42,41,16.250000,5.750000,17.290667,6,0.110715,0.127093,0.039897,0,0
42,44,16.250000,7.250000,17.956333,6,0.104966,0.120437,0.042243,0,0
42,47,16.250000,8.750000,18.745600,5,0.104219,0.093787,0.045140,0,0
42,50,16.250000,10.250000,19.430334,3,0.075612,0.052848,0.047754,0,0
42,51,16.250000,10.750000,0.000000,2,0.000000,0.000000,0.010000,0,0
42,56,16.250000,13.250000,0.000000,2,0.000000,0.000000,0.010000,0,0
42,57,16.250000,13.750000,0.000000,2,0.000000,0.000000,0.010000,0,0
43,17,16.750000,-6.250000,17.944000,5,0.116361,0.100467,0.042199,0,0
43,18,16.750000,-5.750000,17.912102,10,0.106304,0.201465,0.042084,0,0
43,19,16.750000,-5.250000,17.869600,5,0.114299,0.101087,0.041932,0,0
43,36,16.750000,3.250000,17.294285,7,0.175332,0.148233,0.039909,0,0
43,40,16.750000,5.250000,17.753572,7,0.177558,0.142875,0.041519,0,0
43,44,16.750000,7.250000,18.428001,6,0.101697,0.115720,0.043959,0,0
43,47,16.750000,8.750000,19.125502,4,0.107008,0.072497,0.046578,0,0
43,50,16.750000,10.250000,19.788000,3,0.065001,0.051060,0.049156,0,0
43,51,16.750000,10.750000,0.000000,2,0.000000,0.000000,0.010000,0,0
43,54,16.750000,12.250000,20.855999,5,0.076560,0.076200,0.053497,0,0
43,57,16.750000,13.750000,21.713398,5,0.057816,0.069055,0.057147,0,0
44,34,17.250000,2.250000,0.000000,1,0.000000,0.000000,0.010000,0,0
44,35,17.250000,2.750000,17.728889,9,0.145554,0.184067,0.041431,0,0
44,36,17.250000,3.250000,0.000000,1,0.000000,0.000000,0.010000,0,0
44,39,17.250000,4.750000,18.293001,3,0.090223,0.058535,0.043463,0,0
44,40,17.250000,5.250000,18.071400,5,0.101835,0.099405,0.042658,0,0
44,43,17.250000,6.750000,18.840603,5,0.129711,0.092995,0.045497,0,0
44,44,17.250000,7.250000,0.000000,1,0.000000,0.000000,0.010000,0,0
44,47,17.250000,8.750000,19.514668,6,0.104484,0.104853,0.048082,0,0
44,50,17.250000,10.250000,20.353001,4,0.080800,0.064313,0.051424,0,0
44,54,17.250000,12.250000,21.186600,5,0.059963,0.073445,0.054887,0,0
44,57,17.250000,13.750000,22.067801,5,0.086310,0.066102,0.058699,0,0
45,1,17.750000,-14.250000,23.144001,7,0.129351,0.079987,0.063564,0,0
45,34,17.750000,2.250000,18.191002,9,0.184413,0.177135,0.043091,0,0
45,35,17.750000,2.750000,0.000000,1,0.000000,0.000000,0.010000,0,0
45,39,17.750000,4.750000,18.577127,8,0.128546,0.152305,0.044511,0,0
45,43,17.750000,6.750000,19.202286,7,0.117059,0.125973,0.046873,0,0
45,47,17.750000,8.750000,19.959402,5,0.117056,0.083672,0.049838,0,0
45,50,17.750000,10.250000,20.691250,4,0.106674,0.062058,0.052813,0,0
45,54,17.750000,12.250000,0.000000,2,0.000000,0.000000,0.010000,0,0
45,57,17.750000,13.750000,22.494667,3,0.048142,0.037527,0.060601,0,0
46,1,18.250000,-14.250000,0.000000,1,0.000000,0.000000,0.010000,0,0
46,28,18.250000,-0.750000,0.000000,2,0.000000,0.000000,0.010000,0,0
46,29,18.250000,-0.250000,18.608000,9,0.141029,0.170880,0.044626,0,0
46,30,18.250000,0.250000,18.326502,6,0.115824,0.116735,0.043586,0,0
46,33,18.250000,1.750000,18.608114,9,0.174012,0.170878,0.044626,0,0
46,34,18.250000,2.250000,0.000000,1,0.000000,0.000000,0.010000,0,0
46,38,18.250000,4.250000,19.050337,6,0.107149,0.109497,0.046292,0,0
46,39,18.250000,4.750000,0.000000,2,0.000000,0.000000,0.010000,0,0
46,43,18.250000,6.750000,19.583500,4,0.076963,0.069443,0.048351,0,0
46,46,18.250000,8.250000,0.000000,1,0.000000,0.000000,0.010000,0,0
46,47,18.250000,8.750000,20.280668,3,0.086007,0.048597,0.051131,0,0
46,50,18.250000,10.250000,21.123203,5,0.072457,0.073973,0.054619,0,0
46,54,18.250000,12.250000,22.011000,4,0.053390,0.053260,0.058448,0,0
46,57,18.250000,13.750000,23.072001,3,0.069765,0.034640,0.063232,0,0
47,12,18.750000,-8.750000,20.983335,6,0.108790,0.090167,0.054030,0,0
47,13,18.750000,-8.250000,20.960714,7,0.099475,0.105458,0.053935,0,0
47,26,18.750000,-1.750000,0.000000,2,0.000000,0.000000,0.010000,0,0
47,27,18.750000,-1.250000,19.033571,7,0.113877,0.127942,0.046228,0,0
47,28,18.750000,-0.750000,18.884832,6,0.114362,0.111152,0.045664,0,0
47,31,18.750000,0.750000,0.000000,1,0.000000,0.000000,0.010000,0,0
47,32,18.750000,1.250000,19.065111,9,0.154665,0.164023,0.046348,0,0
47,33,18.750000,1.750000,0.000000,1,0.000000,0.000000,0.010000,0,0
47,37,18.750000,3.750000,0.000000,2,0.000000,0.000000,0.010000,0,0
47,38,18.750000,4.250000,19.442600,5,0.137563,0.087978,0.047801,0,0
47,42,18.750000,6.250000,19.982334,6,0.120753,0.100177,0.049929,0,0
47,43,18.750000,6.750000,0.000000,1,0.000000,0.000000,0.010000,0,0
47,46,18.750000,8.250000,20.803001,3,0.125108,0.045985,0.053276,0,0
47,47,18.750000,8.750000,0.000000,2,0.000000,0.000000,0.010000,0,0
47,50,18.750000,10.250000,21.621500,4,0.085729,0.055857,0.056749,0,0
47,54,18.750000,12.250000,22.565802,5,0.086201,0.061952,0.060922,0,0
48,13,19.250000,-8.250000,0.000000,2,0.000000,0.000000,0.010000,0,0
48,14,19.250000,-7.750000,20.996376,8,0.124650,0.120048,0.054085,0,0
48,15,19.250000,-7.250000,20.978224,9,0.105754,0.135327,0.054009,0,0
48,16,19.250000,-6.750000,20.928335,3,0.102269,0.045358,0.053800,0,0
48,27,19.250000,-1.250000,0.000000,2,0.000000,0.000000,0.010000,0,0
48,30,19.250000,0.250000,19.719002,3,0.099064,0.051405,0.048884,0,0
48,31,19.250000,0.750000,19.443859,7,0.176200,0.123155,0.047806,0,0
48,37,19.250000,3.750000,19.906860,7,0.136714,0.117753,0.049628,0,0
48,42,19.250000,6.250000,20.373753,4,0.101003,0.064175,0.051509,0,0
48,46,19.250000,8.250000,21.172602,5,0.115536,0.073562,0.054828,0,0
48,50,19.250000,10.250000,22.117203,5,0.105954,0.065690,0.058917,0,0
48,54,19.250000,12.250000,0.000000,2,0.000000,0.000000,0.010000,0,0
48,58,19.250000,14.250000,24.037800,5,0.063120,0.049685,0.067782,0,0
49,16,19.750000,-6.750000,20.935251,4,0.106808,0.060432,0.053828,0,0
49,17,19.750000,-6.250000,20.891802,5,0.098304,0.075902,0.053647,0,0
49,36,19.750000,3.250000,20.322145,7,0.151393,0.112908,0.051299,0,0
49,37,19.750000,3.750000,0.000000,1,0.000000,0.000000,0.010000,0,0
49,41,19.750000,5.750000,20.987001,4,0.082485,0.060087,0.054045,0,0
49,42,19.750000,6.250000,20.728502,4,0.099714,0.061810,0.052967,0,0
49,46,19.750000,8.250000,21.575802,5,0.114874,0.070202,0.056552,0,0
49,50,19.750000,10.250000,0.000000,2,0.000000,0.000000,0.010000,0,0
49,54,19.750000,12.250000,23.391001,3,0.054004,0.033045,0.064714,0,0
49,58,19.750000,14.250000,0.000000,1,0.000000,0.000000,0.010000,0,0
50,35,20.250000,2.750000,20.817335,3,0.095692,0.045913,0.053336,0,0
50,36,20.250000,3.250000,20.579668,3,0.101575,0.047102,0.052352,0,0
50,41,20.250000,5.750000,21.150002,3,0.079096,0.044250,0.054732,0,0
50,46,20.250000,8.250000,21.992001,4,0.113763,0.053387,0.058365,0,0
50,50,20.250000,10.250000,22.869667,3,0.068699,0.035652,0.062302,0,0
50,54,20.250000,12.250000,23.934000,3,0.074014,0.030330,0.067284,0,0
50,55,20.250000,12.750000,0.000000,1,0.000000,0.000000,0.010000,0,0
50,58,20.250000,14.250000,0.000000,2,0.000000,0.000000,0.010000,0,0
50,59,20.250000,14.750000,0.000000,1,0.000000,0.000000,0.010000,0,0
51,34,20.750000,2.250000,0.000000,2,0.000000,0.000000,0.010000,0,0
51,35,20.750000,2.750000,21.103834,6,0.160226,0.088962,0.054537,0,0
51,40,20.750000,5.250000,0.000000,2,0.000000,0.000000,0.010000,0,0
51,41,20.750000,5.750000,21.674999,5,0.119675,0.069375,0.056981,0,0
51,45,20.750000,7.750000,22.558668,3,0.076598,0.037207,0.060889,0,0
51,46,20.750000,8.250000,0.000000,2,0.000000,0.000000,0.010000,0,0
51,50,20.750000,10.250000,23.302601,5,0.141881,0.055812,0.064301,0,0
51,54,20.750000,12.250000,24.276001,3,0.052610,0.028620,0.068932,0,0
51,59,20.750000,14.750000,0.000000,2,0.000000,0.000000,0.010000,0,0
52,29,21.250000,-0.250000,0.000000,1,0.000000,0.000000,0.010000,0,0
52,34,21.250000,2.250000,21.637430,7,0.164124,0.097563,0.056818,0,0
52,40,21.250000,5.250000,22.067001,5,0.152350,0.066108,0.058695,0,0
52,45,21.250000,7.750000,22.790667,3,0.100530,0.036047,0.061941,0,0
52,50,21.250000,10.250000,23.777502,4,0.093674,0.041483,0.066537,0,0
52,54,21.250000,12.250000,24.806252,4,0.085480,0.034625,0.071535,0,0
52,59,21.250000,14.750000,0.000000,2,0.000000,0.000000,0.010000,0,0
53,27,21.750000,-1.250000,22.150002,3,0.097817,0.039250,0.059062,0,0
53,28,21.750000,-0.750000,21.996717,7,0.165453,0.093372,0.058386,0,0
53,29,21.750000,-0.250000,0.000000,1,0.000000,0.000000,0.010000,0,0
53,32,21.750000,1.250000,0.000000,2,0.000000,0.000000,0.010000,0,0
53,33,21.750000,1.750000,22.068287,7,0.141341,0.092537,0.058701,0,0
53,39,21.750000,4.750000,0.000000,2,0.000000,0.000000,0.010000,0,0
53,40,21.750000,5.250000,22.544001,4,0.088720,0.049707,0.060823,0,0
53,45,21.750000,7.750000,23.272501,4,0.130848,0.044850,0.064161,0,0
53,50,21.750000,10.250000,24.310251,4,0.058723,0.037932,0.069099,0,0
53,55,21.750000,12.750000,25.395668,3,0.064627,0.023022,0.074494,0,0
53,59,21.750000,14.750000,0.000000,2,0.000000,0.000000,0.010000,0,0
54,26,22.250000,-1.750000,22.516251,4,0.090021,0.049892,0.060698,0,0
54,27,22.250000,-1.250000,22.416252,4,0.122414,0.050558,0.060249,0,0
54,31,22.250000,0.750000,0.000000,2,0.000000,0.000000,0.010000,0,0
54,32,22.250000,1.250000,22.471401,5,0.150808,0.062738,0.060496,0,0
54,33,22.250000,1.750000,0.000000,1,0.000000,0.000000,0.010000,0,0
54,39,22.250000,4.750000,23.009602,5,0.124991,0.058253,0.062944,0,0
54,44,22.250000,7.250000,0.000000,1,0.000000,0.000000,0.010000,0,0
54,45,22.250000,7.750000,23.665752,4,0.094023,0.042228,0.066007,0,0
54,50,22.250000,10.250000,24.786001,3,0.068068,0.026070,0.071435,0,0
54,55,22.250000,12.750000,0.000000,2,0.000000,0.000000,0.010000,0,0
54,59,22.250000,14.750000,26.955667,3,0.063668,0.015222,0.082661,0,0
55,9,22.750000,-10.250000,25.363750,4,0.092410,0.030908,0.074332,0,0
55,10,22.750000,-9.750000,25.211668,3,0.120726,0.023942,0.073563,0,0
55,30,22.750000,0.250000,0.000000,2,0.000000,0.000000,0.010000,0,0
55,31,22.750000,0.750000,22.983667,6,0.119218,0.070163,0.062825,0,0
55,38,22.750000,4.250000,0.000000,2,0.000000,0.000000,0.010000,0,0
55,39,22.750000,4.750000,0.000000,2,0.000000,0.000000,0.010000,0,0
55,44,22.750000,7.250000,24.240751,4,0.073439,0.038395,0.068761,0,0
55,45,22.750000,7.750000,0.000000,1,0.000000,0.000000,0.010000,0,0
55,49,22.750000,9.750000,0.000000,1,0.000000,0.000000,0.010000,0,0
55,50,22.750000,10.250000,0.000000,1,0.000000,0.000000,0.010000,0,0
55,55,22.750000,12.750000,26.194000,3,0.082572,0.019030,0.078613,0,0
55,59,22.750000,14.750000,0.000000,1,0.000000,0.000000,0.010000,0,0
56,9,23.250000,-10.250000,0.000000,1,0.000000,0.000000,0.010000,0,0
56,10,23.250000,-9.750000,0.000000,2,0.000000,0.000000,0.010000,0,0
56,11,23.250000,-9.250000,25.235334,6,0.132601,0.047647,0.073682,0,0
56,12,23.250000,-8.750000,25.184002,5,0.108544,0.040133,0.073423,0,0
56,13,23.250000,-8.250000,25.180401,5,0.091290,0.040163,0.073405,0,0
56,14,23.250000,-7.750000,24.946001,3,0.089568,0.025270,0.072230,0,0
56,29,23.250000,-0.250000,23.620502,4,0.120988,0.042530,0.065793,0,0
56,30,23.250000,0.250000,23.477001,5,0.107180,0.054358,0.065117,0,0
56,38,23.250000,4.250000,23.948002,7,0.120645,0.070607,0.067351,0,0
56,44,23.250000,7.250000,24.695002,3,0.071748,0.026525,0.070984,0,0
56,49,23.250000,9.750000,0.000000,1,0.000000,0.000000,0.010000,0,0
56,50,23.250000,10.250000,25.513252,4,0.126337,0.029912,0.075093,0,0
56,54,23.250000,12.250000,0.000000,1,0.000000,0.000000,0.010000,0,0
56,55,23.250000,12.750000,0.000000,2,0.000000,0.000000,0.010000,0,0
57,12,23.750000,-8.750000,0.000000,1,0.000000,0.000000,0.010000,0,0
57,14,23.750000,-7.750000,25.151335,3,0.100367,0.024243,0.073259,0,0
57,29,23.750000,-0.250000,0.000000,2,0.000000,0.000000,0.010000,0,0
57,37,23.750000,3.750000,0.000000,1,0.000000,0.000000,0.010000,0,0
57,38,23.750000,4.250000,0.000000,1,0.000000,0.000000,0.010000,0,0
57,43,23.750000,6.750000,0.000000,1,0.000000,0.000000,0.010000,0,0
57,44,23.750000,7.250000,24.924002,3,0.073242,0.025380,0.072121,0,0
57,50,23.750000,10.250000,0.000000,1,0.000000,0.000000,0.010000,0,0
57,55,23.750000,12.750000,0.000000,1,0.000000,0.000000,0.010000,0,0
58,37,24.250000,3.750000,24.753668,6,0.092010,0.052463,0.071274,0,0
58,43,24.250000,6.750000,0.000000,2,0.000000,0.000000,0.010000,0,0
58,49,24.250000,9.750000,26.299601,5,0.069914,0.030837,0.079167,0,0
58,54,24.250000,12.250000,0.000000,1,0.000000,0.000000,0.010000,0,0
58,55,24.250000,12.750000,0.000000,2,0.000000,0.000000,0.010000,0,0
59,36,24.750000,3.250000,25.179169,6,0.095922,0.048208,0.073399,0,0
59,37,24.750000,3.750000,0.000000,1,0.000000,0.000000,0.010000,0,0
59,43,24.750000,6.750000,0.000000,2,0.000000,0.000000,0.010000,0,0
59,49,24.750000,9.750000,0.000000,1,0.000000,0.000000,0.010000,0,0
59,55,24.750000,12.750000,0.000000,1,0.000000,0.000000,0.010000,0,0
60,35,25.250000,2.750000,25.865667,3,0.084058,0.020672,0.076903,0,0
60,36,25.250000,3.250000,0.000000,1,0.000000,0.000000,0.010000,0,0
60,42,25.250000,6.250000,0.000000,1,0.000000,0.000000,0.010000,0,0
60,43,25.250000,6.750000,26.354752,4,0.077545,0.024302,0.079457,0,0
60,49,25.250000,9.750000,27.328669,3,0.097902,0.013357,0.084686,0,0
60,55,25.250000,12.750000,28.523333,3,0.063798,0.007383,0.091358,0,0
61,34,25.750000,2.250000,26.310999,3,0.076141,0.018445,0.079227,0,0
61,35,25.750000,2.750000,26.134501,4,0.148018,0.025770,0.078301,0,0
61,42,25.750000,6.250000,0.000000,2,0.000000,0.000000,0.010000,0,0
61,49,25.750000,9.750000,27.694000,3,0.123066,0.011530,0.086696,0,0
61,55,25.750000,12.750000,0.000000,2,0.000000,0.000000,0.010000,0,0
62,33,26.250000,1.750000,0.000000,1,0.000000,0.000000,0.010000,0,0
62,34,26.250000,2.250000,0.000000,2,0.000000,0.000000,0.010000,0,0
62,42,26.250000,6.250000,0.000000,1,0.000000,0.000000,0.010000,0,0
62,48,26.250000,9.250000,0.000000,1,0.000000,0.000000,0.010000,0,0
62,49,26.250000,9.750000,0.000000,2,0.000000,0.000000,0.010000,0,0
62,55,26.250000,12.750000,0.000000,1,0.000000,0.000000,0.010000,0,0
63,33,26.750000,1.750000,27.082670,3,0.102597,0.014587,0.083347,0,0
63,42,26.750000,6.250000,27.772001,3,0.140086,0.011140,0.087128,0,0
63,48,26.750000,9.250000,0.000000,2,0.000000,0.000000,0.010000,0,0
63,49,26.750000,9.750000,0.000000,1,0.000000,0.000000,0.010000,0,0
63,54,26.750000,12.250000,0.000000,1,0.000000,0.000000,0.010000,0,0
63,55,26.750000,12.750000,0.000000,1,0.000000,0.000000,0.010000,0,0
64,25,27.250000,-2.250000,0.000000,1,0.000000,0.000000,0.010000,0,0
64,26,27.250000,-1.750000,27.481667,3,0.076190,0.012592,0.085524,0,0
64,32,27.250000,1.250000,27.613668,3,0.109617,0.011932,0.086251,0,0
64,33,27.250000,1.750000,27.383001,3,0.080651,0.013085,0.084983,0,0
64,41,27.250000,5.750000,28.156002,4,0.121234,0.012293,0.089276,0,0
64,42,27.250000,6.250000,0.000000,1,0.000000,0.000000,0.010000,0,0
64,48,27.250000,9.250000,0.000000,2,0.000000,0.000000,0.010000,0,0
64,55,27.250000,12.750000,0.000000,1,0.000000,0.000000,0.010000,0,0
65,31,27.750000,0.750000,28.122753,4,0.082263,0.012515,0.089089,0,0
65,32,27.750000,1.250000,28.057001,3,0.083243,0.009715,0.088720,0,0
65,41,27.750000,5.750000,0.000000,2,0.000000,0.000000,0.010000,0,0
65,48,27.750000,9.250000,0.000000,2,0.000000,0.000000,0.010000,0,0
65,55,27.750000,12.750000,0.000000,1,0.000000,0.000000,0.010000,0,0
66,30,28.250000,0.250000,0.000000,2,0.000000,0.000000,0.010000,0,0
66,31,28.250000,0.750000,0.000000,1,0.000000,0.000000,0.010000,0,0
66,40,28.250000,5.250000,0.000000,1,0.000000,0.000000,0.010000,0,0
66,48,28.250000,9.250000,0.000000,2,0.000000,0.000000,0.010000,0,0
67,40,28.750000,5.250000,0.000000,2,0.000000,0.000000,0.010000,0,0
68,29,29.250000,-0.250000,0.000000,1,0.000000,0.000000,0.010000,0,0
68,48,29.250000,9.250000,0.000000,1,0.000000,0.000000,0.010000,0,0
68,55,29.250000,12.750000,0.000000,1,0.000000,0.000000,0.010000,0,0
69,28,29.750000,-0.750000,0.000000,1,0.000000,0.000000,0.010000,0,0
69,39,29.750000,4.750000,0.000000,1,0.000000,0.000000,0.010000,0,0
69,55,29.750000,12.750000,0.000000,1,0.000000,0.000000,0.010000,0,0
