frame_id,worker_id,x,y,vx,vy,vehicle_v,vehicle_dir
0,0,3.6113,5.8160,2.0000,2.0000,2.0,0.0
1,0,5.0150,7.7547,2.0000,2.0000,2.0,0.0
2,0,6.4188,9.6934,2.0000,2.0000,2.0,0.0
3,0,6.6188,9.6934,0.0000,0.0000,2.0,0.0
4,0,6.8188,9.6934,0.0000,0.0000,2.0,0.0
5,0,7.0188,9.6934,0.0000,0.0000,2.0,0.0
6,0,7.2188,9.6934,0.0000,0.0000,2.0,0.0
7,0,7.4188,9.6934,0.0000,0.0000,2.0,0.0
8,0,7.6188,9.6934,-0.6985,-0.6518,2.0,0.0
9,0,7.6791,9.5630,-1.3971,-1.3036,2.0,0.0
10,0,7.7394,9.4326,-1.3971,-1.3036,2.0,0.0
11,0,7.7997,9.3023,-1.3971,-1.3036,2.0,0.0
12,0,7.8600,9.1719,-1.3971,-1.3036,2.0,0.0
13,0,7.9203,9.0416,-0.6985,-0.6518,2.0,0.0
14,0,8.1203,9.0416,0.0000,0.0000,2.0,0.0
15,0,8.3203,9.0416,0.0000,0.0000,2.0,0.0
16,0,8.5203,9.0416,0.0000,0.0000,2.0,0.0
17,0,8.7203,9.0416,0.0000,0.0000,2.0,0.0
18,0,8.9203,9.0416,0.0000,0.0000,2.0,0.0
19,0,9.1203,9.0416,0.0000,0.0000,2.0,0.0
20,0,9.3203,9.0416,0.0000,0.0000,2.0,0.0
21,0,9.5203,9.0416,0.0000,0.0000,2.0,0.0
22,0,9.7203,9.0416,0.0000,0.0000,2.0,0.0
23,0,9.9203,9.0416,0.0000,0.0000,2.0,0.0
24,0,10.1203,9.0416,0.0000,0.0000,2.0,0.0
25,0,10.3203,9.0416,0.0000,0.0000,2.0,0.0
26,0,10.5203,9.0416,0.0000,0.0000,2.0,0.0
27,0,10.7203,9.0416,0.0000,0.0000,2.0,0.0
28,0,10.9203,9.0416,0.0000,0.0000,2.0,0.0
29,0,11.1203,9.0416,0.0000,0.0000,2.0,0.0
30,0,11.3203,9.0416,0.0000,0.0000,2.0,0.0
31,0,11.5203,9.0416,0.0000,0.0000,2.0,0.0
32,0,11.7203,9.0416,0.0000,0.0000,2.0,0.0
33,0,11.9203,9.0416,0.0000,0.0000,2.0,0.0
34,0,12.1203,9.0416,0.0000,0.0000,2.0,0.0
35,0,12.3203,9.0416,0.0000,0.0000,2.0,0.0
36,0,12.5203,9.0416,0.0000,0.0000,2.0,0.0
37,0,12.7203,9.0416,0.0000,0.0000,2.0,0.0
38,0,12.9203,9.0416,0.0000,0.0000,2.0,0.0
39,0,13.1203,9.0416,0.0000,0.0000,2.0,0.0
40,0,13.3203,9.0416,0.0000,0.0000,2.0,0.0
41,0,13.5203,9.0416,-0.2925,-0.7208,2.0,0.0
42,0,13.6617,8.8974,-0.5850,-1.4416,2.0,0.0
43,0,13.8032,8.7532,-0.5850,-1.4416,2.0,0.0
44,0,13.9447,8.6091,-0.5850,-1.4416,2.0,0.0
45,0,14.0862,8.4649,-0.5850,-1.4416,2.0,0.0
46,0,14.2277,8.3208,-0.2925,-0.7208,2.0,0.0
47,0,14.4277,8.3208,0.0000,0.0000,2.0,0.0
48,0,14.6277,8.3208,0.0000,0.0000,2.0,0.0
49,0,14.8277,8.3208,0.0000,0.0000,2.0,0.0
50,0,15.0277,8.3208,0.0000,0.0000,2.0,0.0
51,0,15.2277,8.3208,0.0000,0.0000,2.0,0.0
52,0,15.4277,8.3208,0.0000,0.0000,2.0,0.0
53,0,15.6277,8.3208,0.0000,0.0000,2.0,0.0
54,0,15.8277,8.3208,0.0000,0.0000,2.0,0.0
55,0,16.0277,8.3208,0.0000,0.0000,2.0,0.0
56,0,16.2277,8.3208,0.0000,0.0000,2.0,0.0
57,0,16.4277,8.3208,0.0000,0.0000,2.0,0.0
58,0,16.6277,8.3208,0.0000,0.0000,2.0,0.0
59,0,16.8277,8.3208,0.2851,0.6652,2.0,0.0
60,0,17.0848,8.4538,0.5703,1.3303,2.0,0.0
61,0,17.3418,8.5868,0.5703,1.3303,2.0,0.0
62,0,17.5988,8.7199,0.5703,1.3303,2.0,0.0
63,0,17.8558,8.8529,0.5703,1.3303,2.0,0.0
64,0,18.1129,8.9859,0.2851,0.6652,2.0,0.0
65,0,18.3129,8.9859,0.0000,0.0000,2.0,0.0
66,0,18.5129,8.9859,0.0000,0.0000,2.0,0.0
67,0,18.7129,8.9859,0.0000,0.0000,2.0,0.0
68,0,18.9129,8.9859,0.0000,0.0000,2.0,0.0
69,0,19.1129,8.9859,0.0000,0.0000,2.0,0.0
70,0,19.3129,8.9859,-0.0840,0.0394,2.0,0.0
71,0,19.4961,8.9938,-0.1679,0.0788,2.0,0.0
72,0,19.6793,9.0017,-0.1679,0.0788,2.0,0.0
73,0,19.8625,9.0096,-0.1679,0.0788,2.0,0.0
74,0,20.0457,9.0174,-0.1679,0.0788,2.0,0.0
75,0,20.2289,9.0253,0.0521,0.0260,2.0,0.0
76,0,20.4561,9.0226,0.2721,-0.0269,2.0,0.0
77,0,20.6833,9.0199,0.2721,-0.0269,2.0,0.0
78,0,20.9105,9.0172,0.2721,-0.0269,2.0,0.0
79,0,21.1377,9.0146,0.2721,-0.0269,2.0,0.0
80,0,21.3649,9.0119,0.1360,-0.0134,2.0,0.0
81,0,21.5649,9.0119,0.1724,-0.8960,2.0,0.0
82,0,21.7994,8.8327,0.1806,-0.9228,2.0,0.0
83,0,22.0011,8.8273,0.0164,-0.0536,2.0,0.0
84,0,22.2027,8.8219,0.0164,-0.0536,2.0,0.0
85,0,22.4043,8.8166,0.0164,-0.0536,2.0,0.0
86,0,22.6060,8.8112,-0.1560,0.8424,2.0,0.0
87,0,22.7731,8.9851,-0.1642,0.8692,2.0,0.0
88,0,22.9731,8.9851,0.0000,0.0000,2.0,0.0
89,0,23.1731,8.9851,0.0000,0.0000,2.0,0.0
90,0,23.3731,8.9851,0.0000,0.0000,2.0,0.0
91,0,23.5731,8.9851,0.0000,0.0000,2.0,0.0
92,0,23.7731,8.9851,0.0000,0.0000,2.0,0.0
93,0,23.9731,8.9851,0.0000,0.0000,2.0,0.0
94,0,24.1731,8.9851,0.0000,0.0000,2.0,0.0
95,0,24.3731,8.9851,0.0000,0.0000,2.0,0.0
96,0,24.5731,8.9851,0.0000,0.0000,2.0,0.0
97,0,24.7731,8.9851,0.0000,0.0000,2.0,0.0
98,0,24.9731,8.9851,0.0000,0.0000,2.0,0.0
99,0,25.1731,8.9851,0.0000,0.0000,2.0,0.0
100,0,25.3731,8.9851,0.0000,0.0000,2.0,0.0
101,0,25.5731,8.9851,0.0000,0.0000,2.0,0.0
102,0,25.7731,8.9851,0.0000,0.0000,2.0,0.0
103,0,25.9731,8.9851,0.0000,0.0000,2.0,0.0
104,0,26.1731,8.9851,0.0000,0.0000,2.0,0.0
105,0,26.3731,8.9851,0.0000,0.0000,2.0,0.0
106,0,26.5731,8.9851,0.0000,0.0000,2.0,0.0
107,0,26.7731,8.9851,0.0000,0.0000,2.0,0.0
108,0,26.9731,8.9851,0.0000,0.0000,2.0,0.0
109,0,27.1731,8.9851,0.0000,0.0000,2.0,0.0
110,0,27.3731,8.9851,0.0000,0.0000,2.0,0.0
111,0,27.5731,8.9851,0.0000,0.0000,2.0,0.0
112,0,27.7731,8.9851,0.0000,0.0000,2.0,0.0
113,0,27.9731,8.9851,0.0000,0.0000,2.0,0.0
114,0,28.1731,8.9851,-0.0779,-1.4782,2.0,0.0
115,0,28.3576,8.6894,-0.1558,-2.0000,2.0,0.0
116,0,28.5420,8.3938,-0.1558,-2.0000,2.0,0.0
117,0,28.7264,8.0981,0.8136,-1.8752,2.0,0.0
118,0,29.1047,8.0188,1.7829,-0.7939,2.0,0.0
119,0,29.4830,7.9394,1.8608,0.6843,2.0,0.0
120,0,29.8769,8.1556,1.9387,2.0000,2.0,0.0
121,0,30.2707,8.3719,2.0000,1.7435,2.0,0.0
122,0,30.6800,8.5043,1.1236,0.2433,2.0,0.0
123,0,30.8955,8.4205,0.1543,-0.8379,2.0,0.0
124,0,31.1109,8.3367,0.1543,-0.8379,2.0,0.0
125,0,31.3263,8.2529,0.1543,-0.8379,2.0,0.0
126,0,31.5417,8.1691,0.4502,-0.2705,2.0,0.0
127,0,31.8163,8.1988,0.7461,0.2969,2.0,0.0
128,0,32.0909,8.2285,0.7461,0.2969,2.0,0.0
129,0,32.3656,8.2582,0.7461,0.2969,2.0,0.0
130,0,32.6402,8.2879,0.9200,0.1788,2.0,0.0
131,0,32.9496,8.2940,0.7210,-0.0877,2.0,0.0
132,0,33.1844,8.2703,0.3479,-0.2362,2.0,0.0
133,0,33.4191,8.2467,0.3479,-0.2362,2.0,0.0
134,0,33.6539,8.2231,0.3479,-0.2362,2.0,0.0
135,0,33.8887,8.1995,0.1740,-0.1181,2.0,0.0
136,0,34.0887,8.1995,0.0000,0.0000,2.0,0.0
137,0,34.2887,8.1995,0.0000,0.0000,2.0,0.0
138,0,34.4887,8.1995,-1.4006,0.9548,2.0,0.0
139,0,34.4086,8.3905,-2.0000,1.9433,2.0,0.0
140,0,34.3686,8.5882,-2.0000,1.8323,2.0,0.0
141,0,34.3314,8.7569,-2.0000,1.6876,2.0,0.0
142,0,34.2942,8.9257,-2.0000,1.7521,2.0,0.0
143,0,34.2503,9.1073,-1.5016,0.3354,2.0,0.0
144,0,34.3939,8.9927,-0.3586,-0.7382,2.0,0.0
145,0,34.5785,8.9597,0.1300,-0.2053,2.0,0.0
146,0,34.8199,8.9517,0.4653,-0.1546,2.0,0.0
147,0,35.0716,8.9287,0.7890,0.0996,2.0,0.0
148,0,35.3777,8.9716,0.9227,0.0344,2.0,0.0
149,0,35.6561,8.9356,1.0512,-0.2572,2.0,0.0
150,0,35.9879,8.9202,0.8037,-0.3785,2.0,0.0
151,0,36.2169,8.8599,0.5622,-0.2357,2.0,0.0
152,0,36.5003,8.8730,0.7784,-0.3121,2.0,0.0
153,0,36.7725,8.7975,1.3231,0.1655,2.0,0.0
154,0,37.1650,8.9061,1.2517,0.5422,2.0,0.0
155,0,37.4229,8.9060,0.7626,0.1935,2.0,0.0
156,0,37.7175,8.9448,0.5557,-0.0124,2.0,0.0
157,0,37.9340,8.9035,0.0712,0.1650,2.0,0.0
158,0,38.1317,8.9778,-0.3179,0.9600,2.0,0.0
159,0,38.2704,9.0955,-0.7908,1.3257,2.0,0.0
160,0,38.3736,9.2430,-1.1983,1.6747,2.0,0.0
161,0,38.4308,9.4304,-1.5800,1.8302,2.0,0.0
162,0,38.4576,9.6090,-1.3939,1.4167,2.0,0.0
163,0,38.5520,9.7137,-0.5891,0.8224,2.0,0.0
164,0,38.7397,9.7735,0.1350,0.4602,2.0,0.0
165,0,38.9790,9.8058,0.6458,0.0885,2.0,0.0
166,0,39.2689,9.7912,1.2318,0.0596,2.0,0.0
167,0,39.6253,9.8177,1.1385,0.1054,2.0,0.0
168,0,39.8966,9.8123,0.6852,-0.1251,2.0,0.0
169,0,40.1624,9.7927,0.6696,-0.1901,2.0,0.0
170,0,40.4305,9.7742,0.5118,-0.3453,2.0,0.0
171,0,40.6648,9.7236,0.5755,-0.3479,2.0,0.0
172,0,40.9456,9.7047,0.9409,-0.2151,2.0,0.0
173,0,41.2529,9.6806,0.9289,-0.1615,2.0,0.0
174,0,41.5314,9.6724,0.6935,-0.0998,2.0,0.0
175,0,41.7916,9.6606,0.8387,0.2929,2.0,0.0
176,0,42.0991,9.7309,-0.1310,-0.4067,2.0,0.0
177,0,42.1654,9.5793,-1.4695,-1.4912,2.0,0.0
178,0,42.2052,9.4327,-0.8671,-0.3605,2.0,0.0
179,0,42.3920,9.5072,-0.3719,0.8970,2.0,0.0
180,0,42.5309,9.6121,-0.9805,1.1187,2.0,0.0
181,0,42.5959,9.7309,-0.4911,2.0000,2.0,0.0
182,0,42.8326,10.0297,0.3672,2.0000,2.0,0.0
183,0,43.0693,10.3284,-0.3675,1.8822,2.0,0.0
184,0,43.1591,10.4061,-0.8626,0.6248,2.0,0.0
185,0,43.2968,10.4534,-0.3116,0.2362,2.0,0.0
186,0,43.4968,10.4534,0.0000,0.0000,2.0,0.0
187,0,43.6968,10.4534,0.0000,0.0000,2.0,0.0
188,0,43.8968,10.4534,0.0000,0.0000,2.0,0.0
189,0,44.0968,10.4534,0.0000,0.0000,2.0,0.0
190,0,44.2968,10.4534,0.0000,0.0000,2.0,0.0
191,0,44.4968,10.4534,0.0000,0.0000,2.0,0.0
192,0,44.6968,10.4534,-0.3000,-0.3320,2.0,0.0
193,0,44.8368,10.3869,0.3215,-0.2176,2.0,0.0
194,0,45.1611,10.4098,2.0000,-0.4066,2.0,0.0
195,0,45.6374,10.3056,2.0000,-1.6787,2.0,0.0
196,0,46.1745,10.0741,2.0000,-2.0000,2.0,0.0
197,0,46.7611,9.8794,2.0000,-1.6219,2.0,0.0
198,0,47.4235,9.7497,2.0000,-2.0000,2.0,0.0
199,0,47.7271,9.4018,1.0472,-2.0000,2.0,0.0
200,0,48.0330,9.3107,0.7537,-0.2745,2.0,0.0
201,0,48.2779,9.3469,0.2016,0.1776,2.0,0.0
202,0,48.4733,9.3462,-0.1247,0.0007,2.0,0.0
203,0,48.6529,9.3471,0.9661,0.7034,2.0,0.0
204,0,49.0665,9.4869,1.4343,0.8781,2.0,0.0
205,0,49.3398,9.5227,0.5428,0.1419,2.0,0.0
206,0,49.5751,9.5153,0.3528,-0.0742,2.0,0.0
207,0,49.8103,9.5078,0.3528,-0.0742,2.0,0.0
208,0,50.0456,9.5004,0.4816,0.1332,2.0,0.0
209,0,50.3067,9.5345,0.5413,0.2125,2.0,0.0
210,0,50.5539,9.5429,0.6621,0.3004,2.0,0.0
211,0,50.8391,9.5946,0.8522,0.5164,2.0,0.0
212,0,51.1243,9.6462,0.0273,1.4526,2.0,0.0
213,0,51.2446,9.8851,-1.6938,2.0000,2.0,0.0
214,0,51.1856,10.1349,-2.0000,2.0000,2.0,0.0
215,0,51.1356,10.3660,-2.0000,1.8921,2.0,0.0
216,0,51.0774,10.5133,-2.0000,1.4729,2.0,0.0
217,0,51.0193,10.6606,-1.7567,0.5367,2.0,0.0
218,0,51.1261,10.6206,-0.4617,-0.7122,2.0,0.0
219,0,51.3269,10.5181,0.1283,-0.3733,2.0,0.0
220,0,51.5517,10.5460,0.4111,0.7003,2.0,0.0
221,0,51.8091,10.6582,0.6514,1.4286,2.0,0.0
222,0,52.0820,10.8317,0.8718,1.7733,2.0,0.0
223,0,52.3835,11.0129,1.0146,1.8115,2.0,0.0
224,0,52.6849,11.1940,0.8498,1.2531,2.0,0.0
225,0,52.9534,11.2635,0.5958,0.5556,2.0,0.0
226,0,53.2041,11.3051,0.4924,0.3451,2.0,0.0
227,0,53.4519,11.3325,0.3354,0.2355,2.0,0.0
228,0,53.6712,11.3522,0.2247,-0.1709,2.0,0.0
229,0,53.8969,11.2983,0.3987,-0.2005,2.0,0.0
230,0,54.1509,11.3121,0.5076,0.2746,2.0,0.0
231,0,54.3984,11.3532,0.4113,0.1759,2.0,0.0
232,0,54.6332,11.3473,0.3480,-0.0592,2.0,0.0
233,0,54.8680,11.3414,0.3159,0.3090,2.0,0.0
234,0,55.0963,11.4091,0.0830,0.2806,2.0,0.0
235,0,55.2846,11.3975,-0.0817,-0.0939,2.0,0.0
236,0,55.4800,11.3903,-0.0458,-0.0718,2.0,0.0
237,0,55.6754,11.3831,-0.0458,-0.0718,2.0,0.0
238,0,55.8708,11.3759,-0.0458,-0.0718,2.0,0.0
239,0,56.0663,11.3688,0.4064,0.0465,2.0,0.0
240,0,56.3521,11.3852,0.9067,0.0482,2.0,0.0
241,0,56.6476,11.3784,0.9548,-0.0685,2.0,0.0
242,0,56.9431,11.3715,0.9548,-0.0685,2.0,0.0
243,0,57.2386,11.3647,0.9548,-0.0685,2.0,0.0
244,0,57.5341,11.3578,0.5615,-0.1289,2.0,0.0
245,0,57.7509,11.3389,0.0669,-0.7250,2.0,0.0
246,0,57.9474,11.2128,-0.0344,-1.2608,2.0,0.0
247,0,58.1440,11.0867,-0.0344,-1.2608,2.0,0.0
248,0,58.3405,10.9607,-0.0344,-1.2608,2.0,0.0
249,0,58.5371,10.8346,-0.0344,-1.2608,2.0,0.0
250,0,58.7337,10.7085,-0.0172,-0.6304,2.0,0.0
251,0,58.9337,10.7085,0.0000,0.0000,2.0,0.0
252,0,59.1337,10.7085,0.0000,0.0000,2.0,0.0
253,0,59.3337,10.7085,0.0000,0.0000,2.0,0.0
254,0,59.5337,10.7085,0.0000,0.0000,2.0,0.0
255,0,59.7337,10.7085,-1.6799,0.9912,2.0,0.0
256,0,59.5977,10.9067,-2.0000,1.9825,2.0,0.0
257,0,59.4617,11.1050,-2.0000,1.9825,2.0,0.0
258,0,59.3257,11.3032,-2.0000,1.9825,2.0,0.0
259,0,59.1897,11.5015,-2.0000,1.9825,2.0,0.0
260,0,59.0537,11.6997,-1.6799,0.9912,2.0,0.0
261,0,59.2537,11.6997,0.0000,0.0000,2.0,0.0
262,0,59.4537,11.6997,0.0000,0.0000,2.0,0.0
263,0,59.6537,11.6997,0.0000,0.0000,2.0,0.0
264,0,59.8537,11.6997,0.0000,0.0000,2.0,0.0
265,0,60.0537,11.6997,0.4281,0.0870,2.0,0.0
266,0,60.3393,11.7171,0.8562,0.1740,2.0,0.0
267,0,60.6249,11.7345,0.8562,0.1740,2.0,0.0
268,0,60.9106,11.7519,0.8562,0.1740,2.0,0.0
269,0,61.1962,11.7694,0.8562,0.1740,2.0,0.0
270,0,61.4818,11.7868,0.4281,0.0870,2.0,0.0
271,0,61.6818,11.7868,0.0000,0.0000,2.0,0.0
272,0,61.8818,11.7868,0.0000,0.0000,2.0,0.0
273,0,62.0818,11.7868,0.0000,0.0000,2.0,0.0
274,0,62.2818,11.7868,0.0000,0.0000,2.0,0.0
275,0,62.4818,11.7868,0.0000,0.0000,2.0,0.0
276,0,62.6818,11.7868,0.0000,0.0000,2.0,0.0
277,0,62.8818,11.7868,0.0000,0.0000,2.0,0.0
278,0,63.0818,11.7868,0.0000,0.0000,2.0,0.0
279,0,63.2818,11.7868,0.0000,0.0000,2.0,0.0
280,0,63.4818,11.7868,0.0000,0.0000,2.0,0.0
281,0,63.6818,11.7868,0.0000,0.0000,2.0,0.0
282,0,63.8818,11.7868,0.0000,0.0000,2.0,0.0
283,0,64.0818,11.7868,0.0000,0.0000,2.0,0.0
284,0,64.2818,11.7868,0.0000,0.0000,2.0,0.0
285,0,64.4818,11.7868,0.0000,0.0000,2.0,0.0
286,0,64.6818,11.7868,0.0000,0.0000,2.0,0.0
287,0,64.8818,11.7868,0.0000,0.0000,2.0,0.0
288,0,65.0818,11.7868,0.0000,0.0000,2.0,0.0
289,0,65.2818,11.7868,0.0000,0.0000,2.0,0.0
290,0,65.4818,11.7868,0.0000,0.0000,2.0,0.0
291,0,65.6818,11.7868,0.0000,0.0000,2.0,0.0
292,0,65.8818,11.7868,0.0000,0.0000,2.0,0.0
293,0,66.0818,11.7868,0.0000,0.0000,2.0,0.0
294,0,66.2818,11.7868,0.0000,0.0000,2.0,0.0
295,0,66.4818,11.7868,0.0000,0.0000,2.0,0.0
296,0,66.6818,11.7868,0.0000,0.0000,2.0,0.0
297,0,66.8818,11.7868,0.0000,0.0000,2.0,0.0
298,0,67.0818,11.7868,0.0000,0.0000,2.0,0.0
299,0,67.2818,11.7868,0.0000,0.0000,2.0,0.0
300,0,67.4818,11.7868,0.0000,0.0000,2.0,0.0
301,0,67.6818,11.7868,0.0000,0.0000,2.0,0.0
302,0,67.8818,11.7868,0.0000,0.0000,2.0,0.0
303,0,68.0818,11.7868,0.0000,0.0000,2.0,0.0
304,0,68.2818,11.7868,0.0000,0.0000,2.0,0.0
305,0,68.4818,11.7868,0.0000,0.0000,2.0,0.0
306,0,68.6818,11.7868,0.0000,0.0000,2.0,0.0
307,0,68.8818,11.7868,0.0000,0.0000,2.0,0.0
308,0,69.0818,11.7868,0.0000,0.0000,2.0,0.0
309,0,69.2818,11.7868,0.0000,0.0000,2.0,0.0
310,0,69.4818,11.7868,0.0000,0.0000,2.0,0.0
311,0,69.6818,11.7868,0.0000,0.0000,2.0,0.0
312,0,69.8818,11.7868,0.0000,0.0000,2.0,0.0
313,0,70.0818,11.7868,0.0000,0.0000,2.0,0.0
314,0,70.2818,11.7868,0.0000,0.0000,2.0,0.0
315,0,70.4818,11.7868,0.0000,0.0000,2.0,0.0
316,0,70.6818,11.7868,0.0000,0.0000,2.0,0.0
317,0,70.8818,11.7868,0.0000,0.0000,2.0,0.0
318,0,71.0818,11.7868,0.0000,0.0000,2.0,0.0
319,0,71.2818,11.7868,0.0000,0.0000,2.0,0.0
320,0,71.4818,11.7868,0.0000,0.0000,2.0,0.0
321,0,71.6818,11.7868,0.0000,0.0000,2.0,0.0
322,0,71.8818,11.7868,0.0000,0.0000,2.0,0.0
323,0,72.0818,11.7868,0.0000,0.0000,2.0,0.0
324,0,72.2818,11.7868,0.0000,0.0000,2.0,0.0
325,0,72.4818,11.7868,0.0000,0.0000,2.0,0.0
326,0,72.6818,11.7868,0.0000,0.0000,2.0,0.0
327,0,72.8818,11.7868,0.0000,0.0000,2.0,0.0
328,0,73.0818,11.7868,0.0000,0.0000,2.0,0.0
329,0,73.2818,11.7868,0.0000,0.0000,2.0,0.0
330,0,73.4818,11.7868,0.0000,0.0000,2.0,0.0
331,0,73.6818,11.7868,0.0000,0.0000,2.0,0.0
332,0,73.8818,11.7868,0.0000,0.0000,2.0,0.0
333,0,74.0818,11.7868,0.0000,0.0000,2.0,0.0
334,0,74.2818,11.7868,0.0000,0.0000,2.0,0.0
335,0,74.4818,11.7868,0.0000,0.0000,2.0,0.0
336,0,74.6818,11.7868,0.0000,0.0000,2.0,0.0
337,0,74.8818,11.7868,0.0000,0.0000,2.0,0.0
338,0,75.0818,11.7868,0.0000,0.0000,2.0,0.0
339,0,75.2818,11.7868,0.0000,0.0000,2.0,0.0
340,0,75.4818,11.7868,0.0000,0.0000,2.0,0.0
341,0,75.6818,11.7868,0.0000,0.0000,2.0,0.0
342,0,75.8818,11.7868,0.0000,0.0000,2.0,0.0
343,0,76.0818,11.7868,0.0000,0.0000,2.0,0.0
344,0,76.2818,11.7868,0.0000,0.0000,2.0,0.0
345,0,76.4818,11.7868,0.0000,0.0000,2.0,0.0
346,0,76.6818,11.7868,0.0000,0.0000,2.0,0.0
347,0,76.8818,11.7868,0.0000,0.0000,2.0,0.0
348,0,77.0818,11.7868,0.0000,0.0000,2.0,0.0
349,0,77.2818,11.7868,0.0000,0.0000,2.0,0.0
350,0,77.4818,11.7868,0.0000,0.0000,2.0,0.0
351,0,77.6818,11.7868,0.0000,0.0000,2.0,0.0
352,0,77.8818,11.7868,0.0000,0.0000,2.0,0.0
353,0,78.0818,11.7868,0.0000,0.0000,2.0,0.0
354,0,78.2818,11.7868,0.0000,0.0000,2.0,0.0
355,0,78.4818,11.7868,0.0000,0.0000,2.0,0.0
356,0,78.6818,11.7868,0.0000,0.0000,2.0,0.0
357,0,78.8818,11.7868,0.0000,0.0000,2.0,0.0
358,0,79.0818,11.7868,0.0000,0.0000,2.0,0.0
359,0,79.2818,11.7868,0.0000,0.0000,2.0,0.0
360,0,79.4818,11.7868,0.0000,0.0000,2.0,0.0
361,0,79.6818,11.7868,0.0000,0.0000,2.0,0.0
362,0,79.8818,11.7868,0.0000,0.0000,2.0,0.0
363,0,80.0818,11.7868,0.0000,0.0000,2.0,0.0
364,0,80.2818,11.7868,0.0000,0.0000,2.0,0.0
365,0,80.4818,11.7868,0.0000,0.0000,2.0,0.0
366,0,80.6818,11.7868,0.0000,0.0000,2.0,0.0
367,0,80.8818,11.7868,0.0000,0.0000,2.0,0.0
368,0,81.0818,11.7868,0.0000,0.0000,2.0,0.0
369,0,81.2818,11.7868,0.0000,0.0000,2.0,0.0
370,0,81.4818,11.7868,0.0000,0.0000,2.0,0.0
371,0,81.6818,11.7868,0.0000,0.0000,2.0,0.0
372,0,81.8818,11.7868,0.0000,0.0000,2.0,0.0
373,0,82.0818,11.7868,0.0000,0.0000,2.0,0.0
374,0,82.2818,11.7868,0.0000,0.0000,2.0,0.0
375,0,82.4818,11.7868,0.0000,0.0000,2.0,0.0
376,0,82.6818,11.7868,0.0000,0.0000,2.0,0.0
377,0,82.8818,11.7868,0.0000,0.0000,2.0,0.0
378,0,83.0818,11.7868,0.0000,0.0000,2.0,0.0
379,0,83.2818,11.7868,0.0000,0.0000,2.0,0.0
380,0,83.4818,11.7868,0.0000,0.0000,2.0,0.0
381,0,83.6818,11.7868,0.0000,0.0000,2.0,0.0
382,0,83.8818,11.7868,0.0000,0.0000,2.0,0.0
383,0,84.0818,11.7868,0.0000,0.0000,2.0,0.0
384,0,84.2818,11.7868,0.0000,0.0000,2.0,0.0
385,0,84.4818,11.7868,0.0000,0.0000,2.0,0.0
386,0,84.6818,11.7868,0.0000,0.0000,2.0,0.0
387,0,84.8818,11.7868,0.0000,0.0000,2.0,0.0
388,0,85.0818,11.7868,0.0000,0.0000,2.0,0.0
389,0,85.2818,11.7868,0.0000,0.0000,2.0,0.0
390,0,85.4818,11.7868,0.0000,0.0000,2.0,0.0
391,0,85.6818,11.7868,0.0000,0.0000,2.0,0.0
392,0,85.8818,11.7868,0.0000,0.0000,2.0,0.0
393,0,86.0818,11.7868,0.0000,0.0000,2.0,0.0
394,0,86.2818,11.7868,0.0000,0.0000,2.0,0.0
395,0,86.4818,11.7868,0.0000,0.0000,2.0,0.0
396,0,86.6818,11.7868,0.0000,0.0000,2.0,0.0
397,0,86.8818,11.7868,0.0000,0.0000,2.0,0.0
398,0,87.0818,11.7868,0.0000,0.0000,2.0,0.0
399,0,87.2818,11.7868,0.0000,0.0000,2.0,0.0
400,0,87.4818,11.7868,0.0000,0.0000,2.0,0.0
401,0,87.6818,11.7868,0.0000,0.0000,2.0,0.0
402,0,87.8818,11.7868,0.0000,0.0000,2.0,0.0
403,0,88.0818,11.7868,0.0000,0.0000,2.0,0.0
404,0,88.2818,11.7868,0.0000,0.0000,2.0,0.0
405,0,88.4818,11.7868,0.0000,0.0000,2.0,0.0
406,0,88.6818,11.7868,0.0000,0.0000,2.0,0.0
407,0,88.8818,11.7868,0.0000,0.0000,2.0,0.0
408,0,89.0818,11.7868,0.0000,0.0000,2.0,0.0
409,0,89.2818,11.7868,0.0000,0.0000,2.0,0.0
410,0,89.4818,11.7868,0.0000,0.0000,2.0,0.0
411,0,89.6818,11.7868,0.0000,0.0000,2.0,0.0
412,0,89.8818,11.7868,0.0000,0.0000,2.0,0.0
413,0,90.0818,11.7868,0.0000,0.0000,2.0,0.0
414,0,90.2818,11.7868,0.0000,0.0000,2.0,0.0
415,0,90.4818,11.7868,0.0000,0.0000,2.0,0.0
416,0,90.6818,11.7868,0.0000,0.0000,2.0,0.0
417,0,90.8818,11.7868,0.0000,0.0000,2.0,0.0
418,0,91.0818,11.7868,0.0000,0.0000,2.0,0.0
419,0,91.2818,11.7868,0.0000,0.0000,2.0,0.0
420,0,91.4818,11.7868,0.0000,0.0000,2.0,0.0
421,0,91.6818,11.7868,0.0000,0.0000,2.0,0.0
422,0,91.8818,11.7868,0.0000,0.0000,2.0,0.0
423,0,92.0818,11.7868,0.0000,0.0000,2.0,0.0
424,0,92.2818,11.7868,0.0000,0.0000,2.0,0.0
425,0,92.4818,11.7868,0.0000,0.0000,2.0,0.0
426,0,92.6818,11.7868,0.0000,0.0000,2.0,0.0
427,0,92.8818,11.7868,0.0000,0.0000,2.0,0.0
428,0,93.0818,11.7868,0.0000,0.0000,2.0,0.0
429,0,93.2818,11.7868,0.0000,0.0000,2.0,0.0
430,0,93.4818,11.7868,0.0000,0.0000,2.0,0.0
431,0,93.6818,11.7868,0.0000,0.0000,2.0,0.0
432,0,93.8818,11.7868,0.0000,0.0000,2.0,0.0
433,0,94.0818,11.7868,0.0000,0.0000,2.0,0.0
434,0,94.2818,11.7868,0.0000,0.0000,2.0,0.0
435,0,94.4818,11.7868,0.0000,0.0000,2.0,0.0
436,0,94.6818,11.7868,0.0000,0.0000,2.0,0.0
437,0,94.8818,11.7868,0.0000,0.0000,2.0,0.0
438,0,95.0818,11.7868,0.0000,0.0000,2.0,0.0
439,0,95.2818,11.7868,0.0000,0.0000,2.0,0.0
440,0,95.4818,11.7868,0.0000,0.0000,2.0,0.0
441,0,95.6818,11.7868,0.0000,0.0000,2.0,0.0
442,0,95.8818,11.7868,0.0000,0.0000,2.0,0.0
443,0,96.0818,11.7868,0.0000,0.0000,2.0,0.0
444,0,96.2818,11.7868,0.0000,0.0000,2.0,0.0
445,0,96.4818,11.7868,0.0000,0.0000,2.0,0.0
446,0,96.6818,11.7868,0.0000,0.0000,2.0,0.0
447,0,96.8818,11.7868,0.0000,0.0000,2.0,0.0
448,0,97.0818,11.7868,0.0000,0.0000,2.0,0.0
449,0,97.2818,11.7868,0.0000,0.0000,2.0,0.0
450,0,97.4818,11.7868,0.0000,0.0000,2.0,0.0
451,0,97.6818,11.7868,0.0000,0.0000,2.0,0.0
452,0,97.8818,11.7868,0.0000,0.0000,2.0,0.0
453,0,98.0818,11.7868,0.0000,0.0000,2.0,0.0
454,0,98.2818,11.7868,0.0000,0.0000,2.0,0.0
455,0,98.4818,11.7868,0.0000,0.0000,2.0,0.0
456,0,98.6818,11.7868,0.0000,0.0000,2.0,0.0
457,0,98.8818,11.7868,0.0000,0.0000,2.0,0.0
458,0,99.0818,11.7868,0.0000,0.0000,2.0,0.0
459,0,99.2818,11.7868,0.0000,0.0000,2.0,0.0
460,0,99.4818,11.7868,0.0000,0.0000,2.0,0.0
461,0,99.6818,11.7868,0.0000,0.0000,2.0,0.0
462,0,99.8818,11.7868,0.0000,0.0000,2.0,0.0
463,0,100.0818,11.7868,0.0000,0.0000,2.0,0.0
464,0,100.2818,11.7868,0.0000,0.0000,2.0,0.0
465,0,100.4818,11.7868,0.0000,0.0000,2.0,0.0
466,0,100.6818,11.7868,0.0000,0.0000,2.0,0.0
467,0,100.8818,11.7868,0.0000,0.0000,2.0,0.0
468,0,101.0818,11.7868,0.0000,0.0000,2.0,0.0
469,0,101.2818,11.7868,0.0000,0.0000,2.0,0.0
470,0,101.4818,11.7868,0.0000,0.0000,2.0,0.0
471,0,101.6818,11.7868,0.0000,0.0000,2.0,0.0
472,0,101.8818,11.7868,0.0000,0.0000,2.0,0.0
473,0,102.0818,11.7868,0.0000,0.0000,2.0,0.0
474,0,102.2818,11.7868,0.0000,0.0000,2.0,0.0
475,0,102.4818,11.7868,0.0000,0.0000,2.0,0.0
476,0,102.6818,11.7868,0.0000,0.0000,2.0,0.0
477,0,102.8818,11.7868,0.0000,0.0000,2.0,0.0
478,0,103.0818,11.7868,0.0000,0.0000,2.0,0.0
479,0,103.2818,11.7868,0.0000,0.0000,2.0,0.0
480,0,103.4818,11.7868,0.0000,0.0000,2.0,0.0
481,0,103.6818,11.7868,0.0000,0.0000,2.0,0.0
482,0,103.8818,11.7868,0.0000,0.0000,2.0,0.0
483,0,104.0818,11.7868,0.0000,0.0000,2.0,0.0
484,0,104.2818,11.7868,0.0000,0.0000,2.0,0.0
485,0,104.4818,11.7868,0.0000,0.0000,2.0,0.0
486,0,104.6818,11.7868,0.0000,0.0000,2.0,0.0
487,0,104.8818,11.7868,0.0000,0.0000,2.0,0.0
488,0,105.0818,11.7868,0.0000,0.0000,2.0,0.0
489,0,105.2818,11.7868,0.0000,0.0000,2.0,0.0
490,0,105.4818,11.7868,0.0000,0.0000,2.0,0.0
491,0,105.6818,11.7868,0.0000,0.0000,2.0,0.0
492,0,105.8818,11.7868,0.0000,0.0000,2.0,0.0
493,0,106.0818,11.7868,0.0000,0.0000,2.0,0.0
494,0,106.2818,11.7868,0.0000,0.0000,2.0,0.0
495,0,106.4818,11.7868,0.0000,0.0000,2.0,0.0
496,0,106.6818,11.7868,0.0000,0.0000,2.0,0.0
497,0,106.8818,11.7868,0.0000,0.0000,2.0,0.0
498,0,107.0818,11.7868,0.0000,0.0000,2.0,0.0
499,0,107.2818,11.7868,0.0000,0.0000,2.0,0.0
500,0,107.4818,11.7868,0.0000,0.0000,2.0,0.0
501,0,107.6818,11.7868,0.0000,0.0000,2.0,0.0
502,0,107.8818,11.7868,0.0000,0.0000,2.0,0.0
503,0,108.0818,11.7868,0.0000,0.0000,2.0,0.0
504,0,108.2818,11.7868,0.0000,0.0000,2.0,0.0
505,0,108.4818,11.7868,0.0000,0.0000,2.0,0.0
506,0,108.6818,11.7868,0.0000,0.0000,2.0,0.0
507,0,108.8818,11.7868,0.0000,0.0000,2.0,0.0
508,0,109.0818,11.7868,0.0000,0.0000,2.0,0.0
509,0,109.2818,11.7868,0.0000,0.0000,2.0,0.0
510,0,109.4818,11.7868,0.0000,0.0000,2.0,0.0
511,0,109.6818,11.7868,0.0000,0.0000,2.0,0.0
512,0,109.8818,11.7868,0.0000,0.0000,2.0,0.0
513,0,110.0818,11.7868,0.0000,0.0000,2.0,0.0
514,0,110.2818,11.7868,0.0000,0.0000,2.0,0.0
515,0,110.4818,11.7868,0.0000,0.0000,2.0,0.0
516,0,110.6818,11.7868,0.0000,0.0000,2.0,0.0
517,0,110.8818,11.7868,0.0000,0.0000,2.0,0.0
518,0,111.0818,11.7868,0.0000,0.0000,2.0,0.0
519,0,111.2818,11.7868,0.0000,0.0000,2.0,0.0
520,0,111.4818,11.7868,0.0000,0.0000,2.0,0.0
521,0,111.6818,11.7868,0.0000,0.0000,2.0,0.0
522,0,111.8818,11.7868,0.0000,0.0000,2.0,0.0
523,0,112.0818,11.7868,0.0000,0.0000,2.0,0.0
524,0,112.2818,11.7868,0.0000,0.0000,2.0,0.0
525,0,112.4818,11.7868,0.0000,0.0000,2.0,0.0
526,0,112.6818,11.7868,0.0000,0.0000,2.0,0.0
527,0,112.8818,11.7868,0.0000,0.0000,2.0,0.0
528,0,113.0818,11.7868,0.0000,0.0000,2.0,0.0
529,0,113.2818,11.7868,0.0000,0.0000,2.0,0.0
530,0,113.4818,11.7868,0.0000,0.0000,2.0,0.0
531,0,113.6818,11.7868,0.0000,0.0000,2.0,0.0
532,0,113.8818,11.7868,0.0000,0.0000,2.0,0.0
533,0,114.0818,11.7868,0.0000,0.0000,2.0,0.0
534,0,114.2818,11.7868,0.0000,0.0000,2.0,0.0
535,0,114.4818,11.7868,0.0000,0.0000,2.0,0.0
536,0,114.6818,11.7868,0.0000,0.0000,2.0,0.0
537,0,114.8818,11.7868,0.0000,0.0000,2.0,0.0
538,0,115.0818,11.7868,0.0000,0.0000,2.0,0.0
539,0,115.2818,11.7868,0.0000,0.0000,2.0,0.0
540,0,115.4818,11.7868,0.0000,0.0000,2.0,0.0
541,0,115.6818,11.7868,0.0000,0.0000,2.0,0.0
542,0,115.8818,11.7868,0.0000,0.0000,2.0,0.0
543,0,116.0818,11.7868,0.0000,0.0000,2.0,0.0
544,0,116.2818,11.7868,0.0000,0.0000,2.0,0.0
545,0,116.4818,11.7868,0.0000,0.0000,2.0,0.0
546,0,116.6818,11.7868,0.0000,0.0000,2.0,0.0
547,0,116.8818,11.7868,0.0000,0.0000,2.0,0.0
548,0,117.0818,11.7868,0.0000,0.0000,2.0,0.0
549,0,117.2818,11.7868,0.0000,0.0000,2.0,0.0
550,0,117.4818,11.7868,0.0000,0.0000,2.0,0.0
551,0,117.6818,11.7868,0.0000,0.0000,2.0,0.0
552,0,117.8818,11.7868,0.0000,0.0000,2.0,0.0
553,0,118.0818,11.7868,0.0000,0.0000,2.0,0.0
554,0,118.2818,11.7868,0.0000,0.0000,2.0,0.0
555,0,118.4818,11.7868,0.0000,0.0000,2.0,0.0
556,0,118.6818,11.7868,0.0000,0.0000,2.0,0.0
557,0,118.8818,11.7868,0.0000,0.0000,2.0,0.0
558,0,119.0818,11.7868,0.0000,0.0000,2.0,0.0
559,0,119.2818,11.7868,0.0000,0.0000,2.0,0.0
560,0,119.4818,11.7868,0.0000,0.0000,2.0,0.0
561,0,119.6818,11.7868,0.0000,0.0000,2.0,0.0
562,0,119.8818,11.7868,0.0000,0.0000,2.0,0.0
563,0,120.0818,11.7868,0.0000,0.0000,2.0,0.0
564,0,120.2818,11.7868,0.0000,0.0000,2.0,0.0
565,0,120.4818,11.7868,0.0000,0.0000,2.0,0.0
566,0,120.6818,11.7868,0.0000,0.0000,2.0,0.0
567,0,120.8818,11.7868,0.0000,0.0000,2.0,0.0
568,0,121.0818,11.7868,0.0000,0.0000,2.0,0.0
569,0,121.2818,11.7868,0.0000,0.0000,2.0,0.0
570,0,121.4818,11.7868,0.0000,0.0000,2.0,0.0
571,0,121.6818,11.7868,0.0000,0.0000,2.0,0.0
572,0,121.8818,11.7868,0.0000,0.0000,2.0,0.0
573,0,122.0818,11.7868,0.0000,0.0000,2.0,0.0
574,0,122.2818,11.7868,0.0000,0.0000,2.0,0.0
575,0,122.4818,11.7868,0.0000,0.0000,2.0,0.0
576,0,122.6818,11.7868,0.0000,0.0000,2.0,0.0
577,0,122.8818,11.7868,0.0000,0.0000,2.0,0.0
578,0,123.0818,11.7868,0.0000,0.0000,2.0,0.0
579,0,123.2818,11.7868,0.0000,0.0000,2.0,0.0
580,0,123.4818,11.7868,0.0000,0.0000,2.0,0.0
581,0,123.6818,11.7868,0.0000,0.0000,2.0,0.0
582,0,123.8818,11.7868,0.0000,0.0000,2.0,0.0
583,0,124.0818,11.7868,0.0000,0.0000,2.0,0.0
584,0,124.2818,11.7868,0.0000,0.0000,2.0,0.0
585,0,124.4818,11.7868,0.0000,0.0000,2.0,0.0
586,0,124.6818,11.7868,0.0000,0.0000,2.0,0.0
587,0,124.8818,11.7868,0.0000,0.0000,2.0,0.0
588,0,125.0818,11.7868,0.0000,0.0000,2.0,0.0
589,0,125.2818,11.7868,0.0000,0.0000,2.0,0.0
590,0,125.4818,11.7868,0.0000,0.0000,2.0,0.0
591,0,125.6818,11.7868,0.0000,0.0000,2.0,0.0
592,0,125.8818,11.7868,0.0000,0.0000,2.0,0.0
593,0,126.0818,11.7868,0.0000,0.0000,2.0,0.0
594,0,126.2818,11.7868,0.0000,0.0000,2.0,0.0
595,0,126.4818,11.7868,0.0000,0.0000,2.0,0.0
596,0,126.6818,11.7868,0.0000,0.0000,2.0,0.0
597,0,126.8818,11.7868,0.0000,0.0000,2.0,0.0
598,0,127.0818,11.7868,0.0000,0.0000,2.0,0.0
599,0,127.2818,11.7868,0.0000,0.0000,2.0,0.0
600,0,127.4818,11.7868,0.0000,0.0000,2.0,0.0
601,0,127.6818,11.7868,0.0000,0.0000,2.0,0.0
602,0,127.8818,11.7868,0.0000,0.0000,2.0,0.0
603,0,128.0818,11.7868,0.0000,0.0000,2.0,0.0
604,0,128.2818,11.7868,0.0000,0.0000,2.0,0.0
605,0,128.4818,11.7868,0.0000,0.0000,2.0,0.0
606,0,128.6818,11.7868,0.0000,0.0000,2.0,0.0
607,0,128.8818,11.7868,0.0000,0.0000,2.0,0.0
608,0,129.0818,11.7868,0.0000,0.0000,2.0,0.0
609,0,129.2818,11.7868,0.0000,0.0000,2.0,0.0
610,0,129.4818,11.7868,0.0000,0.0000,2.0,0.0
611,0,129.6818,11.7868,0.0000,0.0000,2.0,0.0
612,0,129.8818,11.7868,0.0000,0.0000,2.0,0.0
613,0,130.0818,11.7868,0.0000,0.0000,2.0,0.0
614,0,130.2818,11.7868,0.0000,0.0000,2.0,0.0
615,0,130.4818,11.7868,0.0000,0.0000,2.0,0.0
616,0,130.6818,11.7868,0.0000,0.0000,2.0,0.0
617,0,130.8818,11.7868,0.0000,0.0000,2.0,0.0
618,0,131.0818,11.7868,0.0000,0.0000,2.0,0.0
619,0,131.2818,11.7868,0.0000,0.0000,2.0,0.0
620,0,131.4818,11.7868,0.0000,0.0000,2.0,0.0
621,0,131.6818,11.7868,0.0000,0.0000,2.0,0.0
622,0,131.8818,11.7868,0.0000,0.0000,2.0,0.0
623,0,132.0818,11.7868,0.0000,0.0000,2.0,0.0
624,0,132.2818,11.7868,0.0000,0.0000,2.0,0.0
625,0,132.4818,11.7868,0.0000,0.0000,2.0,0.0
626,0,132.6818,11.7868,0.0000,0.0000,2.0,0.0
627,0,132.8818,11.7868,0.0000,0.0000,2.0,0.0
628,0,133.0818,11.7868,0.0000,0.0000,2.0,0.0
629,0,133.2818,11.7868,0.0000,0.0000,2.0,0.0
630,0,133.4818,11.7868,0.0000,0.0000,2.0,0.0
631,0,133.6818,11.7868,0.0000,0.0000,2.0,0.0
632,0,133.8818,11.7868,0.0000,0.0000,2.0,0.0
633,0,134.0818,11.7868,0.0000,0.0000,2.0,0.0
634,0,134.2818,11.7868,0.0000,0.0000,2.0,0.0
635,0,134.4818,11.7868,0.0000,0.0000,2.0,0.0
636,0,134.6818,11.7868,0.0000,0.0000,2.0,0.0
637,0,134.8818,11.7868,0.0000,0.0000,2.0,0.0
638,0,135.0818,11.7868,0.0000,0.0000,2.0,0.0
639,0,135.2818,11.7868,0.0000,0.0000,2.0,0.0
640,0,135.4818,11.7868,0.0000,0.0000,2.0,0.0
641,0,135.6818,11.7868,0.0000,0.0000,2.0,0.0
642,0,135.8818,11.7868,0.0000,0.0000,2.0,0.0
643,0,136.0818,11.7868,0.0000,0.0000,2.0,0.0
644,0,136.2818,11.7868,0.0000,0.0000,2.0,0.0
645,0,136.4818,11.7868,0.0000,0.0000,2.0,0.0
646,0,136.6818,11.7868,0.0000,0.0000,2.0,0.0
647,0,136.8818,11.7868,0.0000,0.0000,2.0,0.0
648,0,137.0818,11.7868,0.0000,0.0000,2.0,0.0
649,0,137.2818,11.7868,0.0000,0.0000,2.0,0.0
650,0,137.4818,11.7868,0.0000,0.0000,2.0,0.0
651,0,137.6818,11.7868,0.0000,0.0000,2.0,0.0
652,0,137.8818,11.7868,0.0000,0.0000,2.0,0.0
653,0,138.0818,11.7868,0.0000,0.0000,2.0,0.0
654,0,138.2818,11.7868,0.0000,0.0000,2.0,0.0
655,0,138.4818,11.7868,0.0000,0.0000,2.0,0.0
656,0,138.6818,11.7868,0.0000,0.0000,2.0,0.0
657,0,138.8818,11.7868,0.0000,0.0000,2.0,0.0
658,0,139.0818,11.7868,0.0000,0.0000,2.0,0.0
659,0,139.2818,11.7868,0.0000,0.0000,2.0,0.0
660,0,139.4818,11.7868,0.0000,0.0000,2.0,0.0
661,0,139.6818,11.7868,0.0000,0.0000,2.0,0.0
662,0,139.8818,11.7868,0.0000,0.0000,2.0,0.0
663,0,140.0818,11.7868,0.0000,0.0000,2.0,0.0
664,0,140.2818,11.7868,0.0000,0.0000,2.0,0.0
665,0,140.4818,11.7868,0.0000,0.0000,2.0,0.0
666,0,140.6818,11.7868,0.0000,0.0000,2.0,0.0
667,0,140.8818,11.7868,0.0000,0.0000,2.0,0.0
668,0,141.0818,11.7868,0.0000,0.0000,2.0,0.0
669,0,141.2818,11.7868,0.0000,0.0000,2.0,0.0
670,0,141.4818,11.7868,0.0000,0.0000,2.0,0.0
671,0,141.6818,11.7868,0.0000,0.0000,2.0,0.0
672,0,141.8818,11.7868,0.0000,0.0000,2.0,0.0
673,0,142.0818,11.7868,0.0000,0.0000,2.0,0.0
674,0,142.2818,11.7868,0.0000,0.0000,2.0,0.0
675,0,142.4818,11.7868,0.0000,0.0000,2.0,0.0
676,0,142.6818,11.7868,0.0000,0.0000,2.0,0.0
677,0,142.8818,11.7868,0.0000,0.0000,2.0,0.0
678,0,143.0818,11.7868,0.0000,0.0000,2.0,0.0
679,0,143.2818,11.7868,0.0000,0.0000,2.0,0.0
680,0,143.4818,11.7868,0.0000,0.0000,2.0,0.0
681,0,143.6818,11.7868,0.0000,0.0000,2.0,0.0
682,0,143.8818,11.7868,0.0000,0.0000,2.0,0.0
683,0,144.0818,11.7868,0.0000,0.0000,2.0,0.0
684,0,144.2818,11.7868,0.0000,0.0000,2.0,0.0
685,0,144.4818,11.7868,0.0000,0.0000,2.0,0.0
686,0,144.6818,11.7868,0.0000,0.0000,2.0,0.0
687,0,144.8818,11.7868,0.0000,0.0000,2.0,0.0
688,0,145.0818,11.7868,0.0000,0.0000,2.0,0.0
689,0,145.2818,11.7868,0.0000,0.0000,2.0,0.0
690,0,145.4818,11.7868,0.0000,0.0000,2.0,0.0
691,0,145.6818,11.7868,0.0000,0.0000,2.0,0.0
692,0,145.8818,11.7868,0.0000,0.0000,2.0,0.0
693,0,146.0818,11.7868,0.0000,0.0000,2.0,0.0
694,0,146.2818,11.7868,0.0000,0.0000,2.0,0.0
695,0,146.4818,11.7868,0.0000,0.0000,2.0,0.0
696,0,146.6818,11.7868,0.0000,0.0000,2.0,0.0
697,0,146.8818,11.7868,0.0000,0.0000,2.0,0.0
698,0,147.0818,11.7868,0.0000,0.0000,2.0,0.0
699,0,147.2818,11.7868,0.0000,0.0000,2.0,0.0
700,0,147.4818,11.7868,0.0000,0.0000,2.0,0.0
701,0,147.6818,11.7868,0.0000,0.0000,2.0,0.0
702,0,147.8818,11.7868,0.0000,0.0000,2.0,0.0
703,0,148.0818,11.7868,0.0000,0.0000,2.0,0.0
704,0,148.2818,11.7868,0.0000,0.0000,2.0,0.0
705,0,148.4818,11.7868,0.0000,0.0000,2.0,0.0
706,0,148.6818,11.7868,0.0000,0.0000,2.0,0.0
707,0,148.8818,11.7868,0.0000,0.0000,2.0,0.0
708,0,149.0818,11.7868,0.0000,0.0000,2.0,0.0
709,0,149.2818,11.7868,0.0000,0.0000,2.0,0.0
710,0,149.4818,11.7868,0.0000,0.0000,2.0,0.0
711,0,149.6818,11.7868,0.0000,0.0000,2.0,0.0
712,0,149.8818,11.7868,0.0000,0.0000,2.0,0.0
713,0,150.0818,11.7868,0.0000,0.0000,2.0,0.0
714,0,150.2818,11.7868,0.0000,0.0000,2.0,0.0
715,0,150.4818,11.7868,0.0000,0.0000,2.0,0.0
716,0,150.6818,11.7868,0.0000,0.0000,2.0,0.0
717,0,150.8818,11.7868,0.0000,0.0000,2.0,0.0
718,0,151.0818,11.7868,0.0000,0.0000,2.0,0.0
719,0,151.2818,11.7868,0.0000,0.0000,2.0,0.0
720,0,151.4818,11.7868,0.0000,0.0000,2.0,0.0
721,0,151.6818,11.7868,0.0000,0.0000,2.0,0.0
722,0,151.8818,11.7868,0.0000,0.0000,2.0,0.0
723,0,152.0818,11.7868,0.0000,0.0000,2.0,0.0
724,0,152.2818,11.7868,0.0000,0.0000,2.0,0.0
725,0,152.4818,11.7868,0.0000,0.0000,2.0,0.0
726,0,152.6818,11.7868,0.0000,0.0000,2.0,0.0
727,0,152.8818,11.7868,0.0000,0.0000,2.0,0.0
728,0,153.0818,11.7868,0.0000,0.0000,2.0,0.0
729,0,153.2818,11.7868,0.0000,0.0000,2.0,0.0
730,0,153.4818,11.7868,0.0000,0.0000,2.0,0.0
731,0,153.6818,11.7868,0.0000,0.0000,2.0,0.0
732,0,153.8818,11.7868,0.0000,0.0000,2.0,0.0
733,0,154.0818,11.7868,0.0000,0.0000,2.0,0.0
734,0,154.2818,11.7868,0.0000,0.0000,2.0,0.0
735,0,154.4818,11.7868,0.0000,0.0000,2.0,0.0
736,0,154.6818,11.7868,0.0000,0.0000,2.0,0.0
737,0,154.8818,11.7868,0.0000,0.0000,2.0,0.0
738,0,155.0818,11.7868,0.0000,0.0000,2.0,0.0
739,0,155.2818,11.7868,0.0000,0.0000,2.0,0.0
740,0,155.4818,11.7868,0.0000,0.0000,2.0,0.0
741,0,155.6818,11.7868,0.0000,0.0000,2.0,0.0
742,0,155.8818,11.7868,0.0000,0.0000,2.0,0.0
743,0,156.0818,11.7868,0.0000,0.0000,2.0,0.0
744,0,156.2818,11.7868,0.0000,0.0000,2.0,0.0
745,0,156.4818,11.7868,0.0000,0.0000,2.0,0.0
746,0,156.6818,11.7868,0.0000,0.0000,2.0,0.0
747,0,156.8818,11.7868,0.0000,0.0000,2.0,0.0
748,0,157.0818,11.7868,0.0000,0.0000,2.0,0.0
749,0,157.2818,11.7868,0.0000,0.0000,2.0,0.0
750,0,157.4818,11.7868,0.0000,0.0000,2.0,0.0
751,0,157.6818,11.7868,0.0000,0.0000,2.0,0.0
752,0,157.8818,11.7868,0.0000,0.0000,2.0,0.0
753,0,158.0818,11.7868,0.0000,0.0000,2.0,0.0
754,0,158.2818,11.7868,0.0000,0.0000,2.0,0.0
755,0,158.4818,11.7868,0.0000,0.0000,2.0,0.0
756,0,158.6818,11.7868,0.0000,0.0000,2.0,0.0
757,0,158.8818,11.7868,0.0000,0.0000,2.0,0.0
758,0,159.0818,11.7868,0.0000,0.0000,2.0,0.0
759,0,159.2818,11.7868,0.0000,0.0000,2.0,0.0
760,0,159.4818,11.7868,0.0000,0.0000,2.0,0.0
761,0,159.6818,11.7868,0.0000,0.0000,2.0,0.0
762,0,159.8818,11.7868,0.0000,0.0000,2.0,0.0
763,0,160.0818,11.7868,0.0000,0.0000,2.0,0.0
764,0,160.2818,11.7868,0.0000,0.0000,2.0,0.0
765,0,160.4818,11.7868,0.0000,0.0000,2.0,0.0
766,0,160.6818,11.7868,0.0000,0.0000,2.0,0.0
767,0,160.8818,11.7868,0.0000,0.0000,2.0,0.0
768,0,161.0818,11.7868,0.0000,0.0000,2.0,0.0
769,0,161.2818,11.7868,0.0000,0.0000,2.0,0.0
770,0,161.4818,11.7868,0.0000,0.0000,2.0,0.0
771,0,161.6818,11.7868,0.0000,0.0000,2.0,0.0
772,0,161.8818,11.7868,0.0000,0.0000,2.0,0.0
773,0,162.0818,11.7868,0.0000,0.0000,2.0,0.0
774,0,162.2818,11.7868,0.0000,0.0000,2.0,0.0
775,0,162.4818,11.7868,0.0000,0.0000,2.0,0.0
776,0,162.6818,11.7868,0.0000,0.0000,2.0,0.0
777,0,162.8818,11.7868,0.0000,0.0000,2.0,0.0
778,0,163.0818,11.7868,0.0000,0.0000,2.0,0.0
779,0,163.2818,11.7868,0.0000,0.0000,2.0,0.0
780,0,163.4818,11.7868,0.0000,0.0000,2.0,0.0
781,0,163.6818,11.7868,0.0000,0.0000,2.0,0.0
782,0,163.8818,11.7868,0.0000,0.0000,2.0,0.0
783,0,164.0818,11.7868,0.0000,0.0000,2.0,0.0
784,0,164.2818,11.7868,0.0000,0.0000,2.0,0.0
785,0,164.4818,11.7868,0.0000,0.0000,2.0,0.0
786,0,164.6818,11.7868,0.0000,0.0000,2.0,0.0
787,0,164.8818,11.7868,0.0000,0.0000,2.0,0.0
788,0,165.0818,11.7868,0.0000,0.0000,2.0,0.0
789,0,165.2818,11.7868,0.0000,0.0000,2.0,0.0
790,0,165.4818,11.7868,0.0000,0.0000,2.0,0.0
791,0,165.6818,11.7868,0.0000,0.0000,2.0,0.0
792,0,165.8818,11.7868,0.0000,0.0000,2.0,0.0
793,0,166.0818,11.7868,0.0000,0.0000,2.0,0.0
794,0,166.2818,11.7868,0.0000,0.0000,2.0,0.0
795,0,166.4818,11.7868,0.0000,0.0000,2.0,0.0
796,0,166.6818,11.7868,0.0000,0.0000,2.0,0.0
797,0,166.8818,11.7868,0.0000,0.0000,2.0,0.0
798,0,167.0818,11.7868,0.0000,0.0000,2.0,0.0
799,0,167.2818,11.7868,0.0000,0.0000,2.0,0.0
800,0,167.4818,11.7868,0.0000,0.0000,2.0,0.0
801,0,167.6818,11.7868,0.0000,0.0000,2.0,0.0
802,0,167.8818,11.7868,0.0000,0.0000,2.0,0.0
803,0,168.0818,11.7868,0.0000,0.0000,2.0,0.0
804,0,168.2818,11.7868,0.0000,0.0000,2.0,0.0
805,0,168.4818,11.7868,0.0000,0.0000,2.0,0.0
806,0,168.6818,11.7868,0.0000,0.0000,2.0,0.0
807,0,168.8818,11.7868,0.0000,0.0000,2.0,0.0
808,0,169.0818,11.7868,0.0000,0.0000,2.0,0.0
809,0,169.2818,11.7868,0.0000,0.0000,2.0,0.0
810,0,169.4818,11.7868,0.0000,0.0000,2.0,0.0
811,0,169.6818,11.7868,0.0000,0.0000,2.0,0.0
812,0,169.8818,11.7868,0.0000,0.0000,2.0,0.0
813,0,170.0818,11.7868,0.0000,0.0000,2.0,0.0
814,0,170.2818,11.7868,0.0000,0.0000,2.0,0.0
815,0,170.4818,11.7868,0.0000,0.0000,2.0,0.0
816,0,170.6818,11.7868,0.0000,0.0000,2.0,0.0
817,0,170.8818,11.7868,0.0000,0.0000,2.0,0.0
818,0,171.0818,11.7868,0.0000,0.0000,2.0,0.0
819,0,171.2818,11.7868,0.0000,0.0000,2.0,0.0
820,0,171.4818,11.7868,0.0000,0.0000,2.0,0.0
821,0,171.6818,11.7868,0.0000,0.0000,2.0,0.0
822,0,171.8818,11.7868,0.0000,0.0000,2.0,0.0
823,0,172.0818,11.7868,0.0000,0.0000,2.0,0.0
824,0,172.2818,11.7868,0.0000,0.0000,2.0,0.0
825,0,172.4818,11.7868,0.0000,0.0000,2.0,0.0
826,0,172.6818,11.7868,0.0000,0.0000,2.0,0.0
827,0,172.8818,11.7868,0.0000,0.0000,2.0,0.0
828,0,173.0818,11.7868,0.0000,0.0000,2.0,0.0
829,0,173.2818,11.7868,0.0000,0.0000,2.0,0.0
830,0,173.4818,11.7868,0.0000,0.0000,2.0,0.0
831,0,173.6818,11.7868,0.0000,0.0000,2.0,0.0
832,0,173.8818,11.7868,0.0000,0.0000,2.0,0.0
833,0,174.0818,11.7868,0.0000,0.0000,2.0,0.0
834,0,174.2818,11.7868,0.0000,0.0000,2.0,0.0
835,0,174.4818,11.7868,0.0000,0.0000,2.0,0.0
836,0,174.6818,11.7868,0.0000,0.0000,2.0,0.0
837,0,174.8818,11.7868,0.0000,0.0000,2.0,0.0
838,0,175.0818,11.7868,0.0000,0.0000,2.0,0.0
839,0,175.2818,11.7868,0.0000,0.0000,2.0,0.0
840,0,175.4818,11.7868,0.0000,0.0000,2.0,0.0
841,0,175.6818,11.7868,0.0000,0.0000,2.0,0.0
842,0,175.8818,11.7868,0.0000,0.0000,2.0,0.0
843,0,176.0818,11.7868,0.0000,0.0000,2.0,0.0
844,0,176.2818,11.7868,0.0000,0.0000,2.0,0.0
845,0,176.4818,11.7868,0.0000,0.0000,2.0,0.0
846,0,176.6818,11.7868,0.0000,0.0000,2.0,0.0
847,0,176.8818,11.7868,0.0000,0.0000,2.0,0.0
848,0,177.0818,11.7868,0.0000,0.0000,2.0,0.0
849,0,177.2818,11.7868,0.0000,0.0000,2.0,0.0
850,0,177.4818,11.7868,0.0000,0.0000,2.0,0.0
851,0,177.6818,11.7868,0.0000,0.0000,2.0,0.0
852,0,177.8818,11.7868,0.0000,0.0000,2.0,0.0
853,0,178.0818,11.7868,0.0000,0.0000,2.0,0.0
854,0,178.2818,11.7868,0.0000,0.0000,2.0,0.0
855,0,178.4818,11.7868,0.0000,0.0000,2.0,0.0
856,0,178.6818,11.7868,0.0000,0.0000,2.0,0.0
857,0,178.8818,11.7868,0.0000,0.0000,2.0,0.0
858,0,179.0818,11.7868,0.0000,0.0000,2.0,0.0
859,0,179.2818,11.7868,0.0000,0.0000,2.0,0.0
860,0,179.4818,11.7868,0.0000,0.0000,2.0,0.0
861,0,179.6818,11.7868,0.0000,0.0000,2.0,0.0
862,0,179.8818,11.7868,0.0000,0.0000,2.0,0.0
863,0,180.0818,11.7868,0.0000,0.0000,2.0,0.0
864,0,180.2818,11.7868,0.0000,0.0000,2.0,0.0
865,0,180.4818,11.7868,0.0000,0.0000,2.0,0.0
866,0,180.6818,11.7868,0.0000,0.0000,2.0,0.0
867,0,180.8818,11.7868,0.0000,0.0000,2.0,0.0
868,0,181.0818,11.7868,0.0000,0.0000,2.0,0.0
869,0,181.2818,11.7868,0.0000,0.0000,2.0,0.0
870,0,181.4818,11.7868,0.0000,0.0000,2.0,0.0
871,0,181.6818,11.7868,0.0000,0.0000,2.0,0.0
872,0,181.8818,11.7868,0.0000,0.0000,2.0,0.0
873,0,182.0818,11.7868,0.0000,0.0000,2.0,0.0
874,0,182.2818,11.7868,0.0000,0.0000,2.0,0.0
875,0,182.4818,11.7868,0.0000,0.0000,2.0,0.0
876,0,182.6818,11.7868,0.0000,0.0000,2.0,0.0
877,0,182.8818,11.7868,0.0000,0.0000,2.0,0.0
878,0,183.0818,11.7868,0.0000,0.0000,2.0,0.0
879,0,183.2818,11.7868,0.0000,0.0000,2.0,0.0
880,0,183.4818,11.7868,0.0000,0.0000,2.0,0.0
881,0,183.6818,11.7868,0.0000,0.0000,2.0,0.0
882,0,183.8818,11.7868,0.0000,0.0000,2.0,0.0
883,0,184.0818,11.7868,0.0000,0.0000,2.0,0.0
884,0,184.2818,11.7868,0.0000,0.0000,2.0,0.0
885,0,184.4818,11.7868,0.0000,0.0000,2.0,0.0
886,0,184.6818,11.7868,0.0000,0.0000,2.0,0.0
887,0,184.8818,11.7868,0.0000,0.0000,2.0,0.0
888,0,185.0818,11.7868,0.0000,0.0000,2.0,0.0
889,0,185.2818,11.7868,0.0000,0.0000,2.0,0.0
890,0,185.4818,11.7868,0.0000,0.0000,2.0,0.0
891,0,185.6818,11.7868,0.0000,0.0000,2.0,0.0
892,0,185.8818,11.7868,0.0000,0.0000,2.0,0.0
893,0,186.0818,11.7868,0.0000,0.0000,2.0,0.0
894,0,186.2818,11.7868,0.0000,0.0000,2.0,0.0
895,0,186.4818,11.7868,0.0000,0.0000,2.0,0.0
896,0,186.6818,11.7868,0.0000,0.0000,2.0,0.0
897,0,186.8818,11.7868,0.0000,0.0000,2.0,0.0
898,0,187.0818,11.7868,0.0000,0.0000,2.0,0.0
899,0,187.2818,11.7868,0.0000,0.0000,2.0,0.0
900,0,187.4818,11.7868,0.0000,0.0000,2.0,0.0
901,0,187.6818,11.7868,0.0000,0.0000,2.0,0.0
902,0,187.8818,11.7868,-0.1223,-1.5641,2.0,0.0
903,0,188.0573,11.4739,-0.2446,-2.0000,2.0,0.0
904,0,188.2329,11.1611,-0.2446,-2.0000,2.0,0.0
905,0,188.4084,10.8483,-0.2446,-2.0000,2.0,0.0
906,0,188.5840,10.5355,-0.2446,-2.0000,2.0,0.0
907,0,188.7595,10.2227,-0.1223,-1.5641,2.0,0.0
908,0,188.9595,10.2227,0.0000,0.0000,2.0,0.0
909,0,189.1595,10.2227,0.0000,0.0000,2.0,0.0
910,0,189.3595,10.2227,0.0000,0.0000,2.0,0.0
911,0,189.5595,10.2227,0.0000,0.0000,2.0,0.0
912,0,189.7595,10.2227,0.0000,0.0000,2.0,0.0
913,0,189.9595,10.2227,0.0000,0.0000,2.0,0.0
914,0,190.1595,10.2227,0.0000,0.0000,2.0,0.0
915,0,190.3595,10.2227,0.0000,0.0000,2.0,0.0
916,0,190.5595,10.2227,0.0000,0.0000,2.0,0.0
917,0,190.7595,10.2227,0.0000,0.0000,2.0,0.0
918,0,190.9595,10.2227,0.0000,0.0000,2.0,0.0
919,0,191.1595,10.2227,0.9147,-0.4946,2.0,0.0
920,0,191.5424,10.1238,1.8294,-0.9891,2.0,0.0
921,0,191.9254,10.0248,1.8294,-0.9891,2.0,0.0
922,0,192.3083,9.9259,1.8294,-0.9891,2.0,0.0
923,0,192.6913,9.8270,1.8294,-0.9891,2.0,0.0
924,0,193.0742,9.7281,0.9147,-0.4946,2.0,0.0
925,0,193.2742,9.7281,0.0000,0.0000,2.0,0.0
926,0,193.4742,9.7281,0.0000,0.0000,2.0,0.0
927,0,193.6742,9.7281,0.0000,0.0000,2.0,0.0
928,0,193.8742,9.7281,0.0000,0.0000,2.0,0.0
929,0,194.0742,9.7281,0.0000,0.0000,2.0,0.0
930,0,194.2742,9.7281,0.0000,0.0000,2.0,0.0
931,0,194.4742,9.7281,0.0000,0.0000,2.0,0.0
932,0,194.6742,9.7281,0.0000,0.0000,2.0,0.0
933,0,194.8742,9.7281,0.0000,0.0000,2.0,0.0
934,0,195.0742,9.7281,0.0000,0.0000,2.0,0.0
935,0,195.2742,9.7281,0.0000,0.0000,2.0,0.0
936,0,195.4742,9.7281,0.0000,0.0000,2.0,0.0
937,0,195.6742,9.7281,0.0000,0.0000,2.0,0.0
938,0,195.8742,9.7281,0.0000,0.0000,2.0,0.0
939,0,196.0742,9.7281,0.0000,0.0000,2.0,0.0
940,0,196.2742,9.7281,0.0000,0.0000,2.0,0.0
941,0,196.4742,9.7281,0.0000,0.0000,2.0,0.0
942,0,196.6742,9.7281,0.0000,0.0000,2.0,0.0
943,0,196.8742,9.7281,0.0000,0.0000,2.0,0.0
944,0,197.0742,9.7281,0.0000,0.0000,2.0,0.0
945,0,197.2742,9.7281,0.0000,0.0000,2.0,0.0
946,0,197.4742,9.7281,0.0000,0.0000,2.0,0.0
947,0,197.6742,9.7281,0.0000,0.0000,2.0,0.0
948,0,197.8742,9.7281,0.0000,0.0000,2.0,0.0
949,0,198.0742,9.7281,0.0000,0.0000,2.0,0.0
950,0,198.2742,9.7281,0.0000,0.0000,2.0,0.0
951,0,198.4742,9.7281,0.0000,0.0000,2.0,0.0
952,0,198.6742,9.7281,0.0000,0.0000,2.0,0.0
953,0,198.8742,9.7281,0.0000,0.0000,2.0,0.0
954,0,199.0742,9.7281,0.0000,0.0000,2.0,0.0
955,0,199.2742,9.7281,0.0000,0.0000,2.0,0.0
956,0,199.4742,9.7281,0.0000,0.0000,2.0,0.0
957,0,199.6742,9.7281,0.0000,0.0000,2.0,0.0
958,0,199.8742,9.7281,0.0000,0.0000,2.0,0.0
959,0,200.0742,9.7281,0.0000,0.0000,2.0,0.0
960,0,200.2742,9.7281,0.0000,0.0000,2.0,0.0
961,0,200.4742,9.7281,0.0000,0.0000,2.0,0.0
962,0,200.6742,9.7281,0.0000,0.0000,2.0,0.0
963,0,200.8742,9.7281,0.0000,0.0000,2.0,0.0
964,0,201.0742,9.7281,0.0000,0.0000,2.0,0.0
965,0,201.2742,9.7281,0.0000,0.0000,2.0,0.0
966,0,201.4742,9.7281,0.0000,0.0000,2.0,0.0
967,0,201.6742,9.7281,0.0000,0.0000,2.0,0.0
968,0,201.8742,9.7281,0.0000,0.0000,2.0,0.0
969,0,202.0742,9.7281,0.0000,0.0000,2.0,0.0
970,0,202.2742,9.7281,0.0000,0.0000,2.0,0.0
971,0,202.4742,9.7281,0.0000,0.0000,2.0,0.0
972,0,202.6742,9.7281,0.0000,0.0000,2.0,0.0
973,0,202.8742,9.7281,0.0000,0.0000,2.0,0.0
974,0,203.0742,9.7281,0.0000,0.0000,2.0,0.0
975,0,203.2742,9.7281,0.0000,0.0000,2.0,0.0
976,0,203.4742,9.7281,0.0000,0.0000,2.0,0.0
977,0,203.6742,9.7281,0.0000,0.0000,2.0,0.0
978,0,203.8742,9.7281,0.0000,0.0000,2.0,0.0
979,0,204.0742,9.7281,0.0000,0.0000,2.0,0.0
980,0,204.2742,9.7281,0.0000,0.0000,2.0,0.0
981,0,204.4742,9.7281,0.0000,0.0000,2.0,0.0
982,0,204.6742,9.7281,0.0000,0.0000,2.0,0.0
983,0,204.8742,9.7281,0.0000,0.0000,2.0,0.0
984,0,205.0742,9.7281,0.0000,0.0000,2.0,0.0
985,0,205.2742,9.7281,0.0000,0.0000,2.0,0.0
986,0,205.4742,9.7281,0.0000,0.0000,2.0,0.0
987,0,205.6742,9.7281,0.0000,0.0000,2.0,0.0
988,0,205.8742,9.7281,0.0000,0.0000,2.0,0.0
989,0,206.0742,9.7281,0.0000,0.0000,2.0,0.0
990,0,206.2742,9.7281,0.0000,0.0000,2.0,0.0
991,0,206.4742,9.7281,0.0000,0.0000,2.0,0.0
992,0,206.6742,9.7281,0.0000,0.0000,2.0,0.0
993,0,206.8742,9.7281,0.0000,0.0000,2.0,0.0
994,0,207.0742,9.7281,0.0000,0.0000,2.0,0.0
995,0,207.2742,9.7281,0.0000,0.0000,2.0,0.0
996,0,207.4742,9.7281,0.0000,0.0000,2.0,0.0
997,0,207.6742,9.7281,0.0000,0.0000,2.0,0.0
998,0,207.8742,9.7281,0.0000,0.0000,2.0,0.0
999,0,208.0742,9.7281,0.0000,0.0000,2.0,0.0
1000,0,208.2742,9.7281,0.0000,0.0000,2.0,0.0
1001,0,208.4742,9.7281,0.0000,0.0000,2.0,0.0
1002,0,208.6742,9.7281,0.0000,0.0000,2.0,0.0
1003,0,208.8742,9.7281,0.0000,0.0000,2.0,0.0
1004,0,209.0742,9.7281,0.0000,0.0000,2.0,0.0
1005,0,209.2742,9.7281,0.0000,0.0000,2.0,0.0
1006,0,209.4742,9.7281,0.0000,0.0000,2.0,0.0
1007,0,209.6742,9.7281,0.0000,0.0000,2.0,0.0
1008,0,209.8742,9.7281,0.0000,0.0000,2.0,0.0
1009,0,210.0742,9.7281,0.0000,0.0000,2.0,0.0
1010,0,210.2742,9.7281,0.0000,0.0000,2.0,0.0
1011,0,210.4742,9.7281,0.0000,0.0000,2.0,0.0
1012,0,210.6742,9.7281,0.0000,0.0000,2.0,0.0
1013,0,210.8742,9.7281,0.0000,0.0000,2.0,0.0
1014,0,211.0742,9.7281,0.0000,0.0000,2.0,0.0
1015,0,211.2742,9.7281,0.0000,0.0000,2.0,0.0
1016,0,211.4742,9.7281,0.0000,0.0000,2.0,0.0
1017,0,211.6742,9.7281,0.0000,0.0000,2.0,0.0
1018,0,211.8742,9.7281,0.0000,0.0000,2.0,0.0
1019,0,212.0742,9.7281,0.0000,0.0000,2.0,0.0
1020,0,212.2742,9.7281,0.0000,0.0000,2.0,0.0
1021,0,212.4742,9.7281,0.0000,0.0000,2.0,0.0
1022,0,212.6742,9.7281,0.0000,0.0000,2.0,0.0
1023,0,212.8742,9.7281,0.0000,0.0000,2.0,0.0
1024,0,213.0742,9.7281,0.0000,0.0000,2.0,0.0
1025,0,213.2742,9.7281,0.0000,0.0000,2.0,0.0
1026,0,213.4742,9.7281,0.0000,0.0000,2.0,0.0
1027,0,213.6742,9.7281,0.0000,0.0000,2.0,0.0
1028,0,213.8742,9.7281,0.0000,0.0000,2.0,0.0
1029,0,214.0742,9.7281,0.0000,0.0000,2.0,0.0
1030,0,214.2742,9.7281,0.0000,0.0000,2.0,0.0
1031,0,214.4742,9.7281,0.0000,0.0000,2.0,0.0
1032,0,214.6742,9.7281,0.0000,0.0000,2.0,0.0
1033,0,214.8742,9.7281,0.0000,0.0000,2.0,0.0
1034,0,215.0742,9.7281,0.0000,0.0000,2.0,0.0
1035,0,215.2742,9.7281,0.0000,0.0000,2.0,0.0
1036,0,215.4742,9.7281,0.0000,0.0000,2.0,0.0
1037,0,215.6742,9.7281,0.0000,0.0000,2.0,0.0
1038,0,215.8742,9.7281,0.0000,0.0000,2.0,0.0
1039,0,216.0742,9.7281,0.0000,0.0000,2.0,0.0
1040,0,216.2742,9.7281,0.0000,0.0000,2.0,0.0
1041,0,216.4742,9.7281,0.0000,0.0000,2.0,0.0
1042,0,216.6742,9.7281,0.0000,0.0000,2.0,0.0
1043,0,216.8742,9.7281,0.0000,0.0000,2.0,0.0
1044,0,217.0742,9.7281,0.0000,0.0000,2.0,0.0
1045,0,217.2742,9.7281,0.0000,0.0000,2.0,0.0
1046,0,217.4742,9.7281,0.0000,0.0000,2.0,0.0
1047,0,217.6742,9.7281,0.0000,0.0000,2.0,0.0
1048,0,217.8742,9.7281,0.0000,0.0000,2.0,0.0
1049,0,218.0742,9.7281,0.0000,0.0000,2.0,0.0
1050,0,218.2742,9.7281,0.0000,0.0000,2.0,0.0
1051,0,218.4742,9.7281,0.0000,0.0000,2.0,0.0
1052,0,218.6742,9.7281,0.0000,0.0000,2.0,0.0
1053,0,218.8742,9.7281,0.0000,0.0000,2.0,0.0
1054,0,219.0742,9.7281,0.0000,0.0000,2.0,0.0
1055,0,219.2742,9.7281,0.0000,0.0000,2.0,0.0
1056,0,219.4742,9.7281,0.0000,0.0000,2.0,0.0
1057,0,219.6742,9.7281,0.0000,0.0000,2.0,0.0
1058,0,219.8742,9.7281,0.0000,0.0000,2.0,0.0
1059,0,220.0742,9.7281,0.0000,0.0000,2.0,0.0
1060,0,220.2742,9.7281,0.0000,0.0000,2.0,0.0
1061,0,220.4742,9.7281,0.0000,0.0000,2.0,0.0
1062,0,220.6742,9.7281,0.0000,0.0000,2.0,0.0
1063,0,220.8742,9.7281,0.0000,0.0000,2.0,0.0
1064,0,221.0742,9.7281,0.0000,0.0000,2.0,0.0
1065,0,221.2742,9.7281,0.0000,0.0000,2.0,0.0
1066,0,221.4742,9.7281,0.0000,0.0000,2.0,0.0
1067,0,221.6742,9.7281,0.0000,0.0000,2.0,0.0
1068,0,221.8742,9.7281,0.0000,0.0000,2.0,0.0
1069,0,222.0742,9.7281,0.0000,0.0000,2.0,0.0
1070,0,222.2742,9.7281,0.0000,0.0000,2.0,0.0
1071,0,222.4742,9.7281,0.0000,0.0000,2.0,0.0
1072,0,222.6742,9.7281,0.0000,0.0000,2.0,0.0
1073,0,222.8742,9.7281,0.0000,0.0000,2.0,0.0
1074,0,223.0742,9.7281,0.0000,0.0000,2.0,0.0
1075,0,223.2742,9.7281,0.0000,0.0000,2.0,0.0
1076,0,223.4742,9.7281,0.0000,0.0000,2.0,0.0
1077,0,223.6742,9.7281,0.0000,0.0000,2.0,0.0
1078,0,223.8742,9.7281,0.0000,0.0000,2.0,0.0
1079,0,224.0742,9.7281,0.0000,0.0000,2.0,0.0
1080,0,224.2742,9.7281,0.0000,0.0000,2.0,0.0
1081,0,224.4742,9.7281,0.0000,0.0000,2.0,0.0
1082,0,224.6742,9.7281,0.0000,0.0000,2.0,0.0
1083,0,224.8742,9.7281,0.0000,0.0000,2.0,0.0
1084,0,225.0742,9.7281,0.0000,0.0000,2.0,0.0
1085,0,225.2742,9.7281,0.0000,0.0000,2.0,0.0
1086,0,225.4742,9.7281,0.0000,0.0000,2.0,0.0
1087,0,225.6742,9.7281,0.0000,0.0000,2.0,0.0
1088,0,225.8742,9.7281,0.0000,0.0000,2.0,0.0
1089,0,226.0742,9.7281,0.0000,0.0000,2.0,0.0
1090,0,226.2742,9.7281,0.0000,0.0000,2.0,0.0
1091,0,226.4742,9.7281,0.0000,0.0000,2.0,0.0
1092,0,226.6742,9.7281,0.0000,0.0000,2.0,0.0
1093,0,226.8742,9.7281,0.0000,0.0000,2.0,0.0
1094,0,227.0742,9.7281,0.0000,0.0000,2.0,0.0
1095,0,227.2742,9.7281,0.0000,0.0000,2.0,0.0
1096,0,227.4742,9.7281,0.0000,0.0000,2.0,0.0
1097,0,227.6742,9.7281,0.0000,0.0000,2.0,0.0
1098,0,227.8742,9.7281,0.0000,0.0000,2.0,0.0
1099,0,228.0742,9.7281,0.0000,0.0000,2.0,0.0
1100,0,228.2742,9.7281,0.0000,0.0000,2.0,0.0
1101,0,228.4742,9.7281,0.0000,0.0000,2.0,0.0
1102,0,228.6742,9.7281,0.0000,0.0000,2.0,0.0
1103,0,228.8742,9.7281,0.0000,0.0000,2.0,0.0
1104,0,229.0742,9.7281,0.0000,0.0000,2.0,0.0
1105,0,229.2742,9.7281,0.0000,0.0000,2.0,0.0
1106,0,229.4742,9.7281,0.0000,0.0000,2.0,0.0
1107,0,229.6742,9.7281,0.0000,0.0000,2.0,0.0
1108,0,229.8742,9.7281,0.0000,0.0000,2.0,0.0
1109,0,230.0742,9.7281,0.0000,0.0000,2.0,0.0
1110,0,230.2742,9.7281,0.0000,0.0000,2.0,0.0
1111,0,230.4742,9.7281,0.0000,0.0000,2.0,0.0
1112,0,230.6742,9.7281,0.0000,0.0000,2.0,0.0
1113,0,230.8742,9.7281,0.0000,0.0000,2.0,0.0
1114,0,231.0742,9.7281,0.0000,0.0000,2.0,0.0
1115,0,231.2742,9.7281,0.0000,0.0000,2.0,0.0
1116,0,231.4742,9.7281,0.0000,0.0000,2.0,0.0
1117,0,231.6742,9.7281,0.0000,0.0000,2.0,0.0
1118,0,231.8742,9.7281,0.0000,0.0000,2.0,0.0
1119,0,232.0742,9.7281,0.0000,0.0000,2.0,0.0
1120,0,232.2742,9.7281,0.0000,0.0000,2.0,0.0
1121,0,232.4742,9.7281,0.0000,0.0000,2.0,0.0
1122,0,232.6742,9.7281,0.0000,0.0000,2.0,0.0
1123,0,232.8742,9.7281,0.0000,0.0000,2.0,0.0
1124,0,233.0742,9.7281,0.0000,0.0000,2.0,0.0
1125,0,233.2742,9.7281,0.0000,0.0000,2.0,0.0
1126,0,233.4742,9.7281,0.0000,0.0000,2.0,0.0
1127,0,233.6742,9.7281,0.0000,0.0000,2.0,0.0
1128,0,233.8742,9.7281,0.0000,0.0000,2.0,0.0
1129,0,234.0742,9.7281,0.0000,0.0000,2.0,0.0
1130,0,234.2742,9.7281,0.0000,0.0000,2.0,0.0
1131,0,234.4742,9.7281,0.0000,0.0000,2.0,0.0
1132,0,234.6742,9.7281,0.0000,0.0000,2.0,0.0
1133,0,234.8742,9.7281,0.0000,0.0000,2.0,0.0
1134,0,235.0742,9.7281,0.0000,0.0000,2.0,0.0
1135,0,235.2742,9.7281,0.0000,0.0000,2.0,0.0
1136,0,235.4742,9.7281,0.0000,0.0000,2.0,0.0
1137,0,235.6742,9.7281,0.0000,0.0000,2.0,0.0
1138,0,235.8742,9.7281,0.0000,0.0000,2.0,0.0
1139,0,236.0742,9.7281,0.0000,0.0000,2.0,0.0
1140,0,236.2742,9.7281,0.0000,0.0000,2.0,0.0
1141,0,236.4742,9.7281,0.0000,0.0000,2.0,0.0
1142,0,236.6742,9.7281,0.0000,0.0000,2.0,0.0
1143,0,236.8742,9.7281,0.0000,0.0000,2.0,0.0
1144,0,237.0742,9.7281,0.0000,0.0000,2.0,0.0
1145,0,237.2742,9.7281,0.0000,0.0000,2.0,0.0
1146,0,237.4742,9.7281,0.0000,0.0000,2.0,0.0
1147,0,237.6742,9.7281,0.0000,0.0000,2.0,0.0
1148,0,237.8742,9.7281,0.0000,0.0000,2.0,0.0
1149,0,238.0742,9.7281,0.0000,0.0000,2.0,0.0
1150,0,238.2742,9.7281,0.0000,0.0000,2.0,0.0
1151,0,238.4742,9.7281,0.0000,0.0000,2.0,0.0
1152,0,238.6742,9.7281,0.0000,0.0000,2.0,0.0
1153,0,238.8742,9.7281,0.0000,0.0000,2.0,0.0
1154,0,239.0742,9.7281,0.0000,0.0000,2.0,0.0
1155,0,239.2742,9.7281,0.0000,0.0000,2.0,0.0
1156,0,239.4742,9.7281,0.0000,0.0000,2.0,0.0
1157,0,239.6742,9.7281,0.0000,0.0000,2.0,0.0
1158,0,239.8742,9.7281,0.0000,0.0000,2.0,0.0
1159,0,240.0742,9.7281,0.0000,0.0000,2.0,0.0
1160,0,240.2742,9.7281,0.0000,0.0000,2.0,0.0
1161,0,240.4742,9.7281,0.0000,0.0000,2.0,0.0
1162,0,240.6742,9.7281,0.0000,0.0000,2.0,0.0
1163,0,240.8742,9.7281,0.0000,0.0000,2.0,0.0
1164,0,241.0742,9.7281,0.0000,0.0000,2.0,0.0
1165,0,241.2742,9.7281,0.0000,0.0000,2.0,0.0
1166,0,241.4742,9.7281,0.0000,0.0000,2.0,0.0
1167,0,241.6742,9.7281,0.0000,0.0000,2.0,0.0
1168,0,241.8742,9.7281,0.0000,0.0000,2.0,0.0
1169,0,242.0742,9.7281,0.0000,0.0000,2.0,0.0
1170,0,242.2742,9.7281,0.0000,0.0000,2.0,0.0
1171,0,242.4742,9.7281,0.0000,0.0000,2.0,0.0
1172,0,242.6742,9.7281,0.0000,0.0000,2.0,0.0
1173,0,242.8742,9.7281,0.0000,0.0000,2.0,0.0
1174,0,243.0742,9.7281,0.0000,0.0000,2.0,0.0
1175,0,243.2742,9.7281,0.0000,0.0000,2.0,0.0
1176,0,243.4742,9.7281,0.0000,0.0000,2.0,0.0
1177,0,243.6742,9.7281,0.0000,0.0000,2.0,0.0
1178,0,243.8742,9.7281,0.0000,0.0000,2.0,0.0
1179,0,244.0742,9.7281,0.0000,0.0000,2.0,0.0
1180,0,244.2742,9.7281,0.0000,0.0000,2.0,0.0
1181,0,244.4742,9.7281,0.0000,0.0000,2.0,0.0
1182,0,244.6742,9.7281,0.0000,0.0000,2.0,0.0
1183,0,244.8742,9.7281,0.0000,0.0000,2.0,0.0
1184,0,245.0742,9.7281,0.0000,0.0000,2.0,0.0
1185,0,245.2742,9.7281,0.0000,0.0000,2.0,0.0
1186,0,245.4742,9.7281,0.0000,0.0000,2.0,0.0
1187,0,245.6742,9.7281,0.0000,0.0000,2.0,0.0
1188,0,245.8742,9.7281,0.0000,0.0000,2.0,0.0
1189,0,246.0742,9.7281,0.0000,0.0000,2.0,0.0
1190,0,246.2742,9.7281,0.0000,0.0000,2.0,0.0
1191,0,246.4742,9.7281,0.0000,0.0000,2.0,0.0
1192,0,246.6742,9.7281,0.0000,0.0000,2.0,0.0
1193,0,246.8742,9.7281,0.0000,0.0000,2.0,0.0
1194,0,247.0742,9.7281,0.0000,0.0000,2.0,0.0
1195,0,247.2742,9.7281,0.0000,0.0000,2.0,0.0
1196,0,247.4742,9.7281,0.0000,0.0000,2.0,0.0
1197,0,247.6742,9.7281,0.0000,0.0000,2.0,0.0
1198,0,247.8742,9.7281,0.0000,0.0000,2.0,0.0
1199,0,248.0742,9.7281,0.0000,0.0000,2.0,0.0
1200,0,248.2742,9.7281,0.0000,0.0000,2.0,0.0
1201,0,248.4742,9.7281,0.0000,0.0000,2.0,0.0
1202,0,248.6742,9.7281,0.0000,0.0000,2.0,0.0
1203,0,248.8742,9.7281,0.0000,0.0000,2.0,0.0
1204,0,249.0742,9.7281,0.0000,0.0000,2.0,0.0
1205,0,249.2742,9.7281,0.0000,0.0000,2.0,0.0
1206,0,249.4742,9.7281,0.0000,0.0000,2.0,0.0
1207,0,249.6742,9.7281,0.0000,0.0000,2.0,0.0
1208,0,249.8742,9.7281,0.0000,0.0000,2.0,0.0
1209,0,250.0742,9.7281,0.0000,0.0000,2.0,0.0
1210,0,250.2742,9.7281,0.0000,0.0000,2.0,0.0
1211,0,250.4742,9.7281,0.0000,0.0000,2.0,0.0
1212,0,250.6742,9.7281,0.0000,0.0000,2.0,0.0
1213,0,250.8742,9.7281,0.0000,0.0000,2.0,0.0
1214,0,251.0742,9.7281,0.0000,0.0000,2.0,0.0
1215,0,251.2742,9.7281,0.0000,0.0000,2.0,0.0
1216,0,251.4742,9.7281,0.0000,0.0000,2.0,0.0
1217,0,251.6742,9.7281,0.0000,0.0000,2.0,0.0
1218,0,251.8742,9.7281,0.0000,0.0000,2.0,0.0
1219,0,252.0742,9.7281,0.0000,0.0000,2.0,0.0
1220,0,252.2742,9.7281,0.0000,0.0000,2.0,0.0
1221,0,252.4742,9.7281,0.0000,0.0000,2.0,0.0
1222,0,252.6742,9.7281,0.0000,0.0000,2.0,0.0
1223,0,252.8742,9.7281,0.0000,0.0000,2.0,0.0
1224,0,253.0742,9.7281,0.0000,0.0000,2.0,0.0
1225,0,253.2742,9.7281,0.0000,0.0000,2.0,0.0
1226,0,253.4742,9.7281,0.0000,0.0000,2.0,0.0
1227,0,253.6742,9.7281,0.0000,0.0000,2.0,0.0
1228,0,253.8742,9.7281,0.0000,0.0000,2.0,0.0
1229,0,254.0742,9.7281,0.0000,0.0000,2.0,0.0
1230,0,254.2742,9.7281,0.0000,0.0000,2.0,0.0
1231,0,254.4742,9.7281,0.0000,0.0000,2.0,0.0
1232,0,254.6742,9.7281,0.0000,0.0000,2.0,0.0
1233,0,254.8742,9.7281,0.0000,0.0000,2.0,0.0
1234,0,255.0742,9.7281,0.0000,0.0000,2.0,0.0
1235,0,255.2742,9.7281,0.0000,0.0000,2.0,0.0
1236,0,255.4742,9.7281,0.0000,0.0000,2.0,0.0
1237,0,255.6742,9.7281,0.0000,0.0000,2.0,0.0
1238,0,255.8742,9.7281,0.0000,0.0000,2.0,0.0
1239,0,256.0742,9.7281,0.0000,0.0000,2.0,0.0
1240,0,256.2742,9.7281,0.0000,0.0000,2.0,0.0
1241,0,256.4742,9.7281,0.0000,0.0000,2.0,0.0
1242,0,256.6742,9.7281,0.0000,0.0000,2.0,0.0
1243,0,256.8742,9.7281,0.0000,0.0000,2.0,0.0
1244,0,257.0742,9.7281,0.0000,0.0000,2.0,0.0
1245,0,257.2742,9.7281,0.0000,0.0000,2.0,0.0
1246,0,257.4742,9.7281,0.0000,0.0000,2.0,0.0
1247,0,257.6742,9.7281,0.0000,0.0000,2.0,0.0
1248,0,257.8742,9.7281,0.0000,0.0000,2.0,0.0
1249,0,258.0742,9.7281,0.0000,0.0000,2.0,0.0
1250,0,258.2742,9.7281,0.0000,0.0000,2.0,0.0
1251,0,258.4742,9.7281,0.0000,0.0000,2.0,0.0
1252,0,258.6742,9.7281,0.0000,0.0000,2.0,0.0
1253,0,258.8742,9.7281,0.0000,0.0000,2.0,0.0
1254,0,259.0742,9.7281,0.0000,0.0000,2.0,0.0
1255,0,259.2742,9.7281,0.0000,0.0000,2.0,0.0
1256,0,259.4742,9.7281,0.0000,0.0000,2.0,0.0
1257,0,259.6742,9.7281,0.0000,0.0000,2.0,0.0
1258,0,259.8742,9.7281,0.0000,0.0000,2.0,0.0
1259,0,260.0742,9.7281,0.0000,0.0000,2.0,0.0
1260,0,260.2742,9.7281,0.0000,0.0000,2.0,0.0
1261,0,260.4742,9.7281,0.0000,0.0000,2.0,0.0
1262,0,260.6742,9.7281,0.0000,0.0000,2.0,0.0
1263,0,260.8742,9.7281,0.0000,0.0000,2.0,0.0
1264,0,261.0742,9.7281,0.0000,0.0000,2.0,0.0
1265,0,261.2742,9.7281,0.0000,0.0000,2.0,0.0
1266,0,261.4742,9.7281,0.0000,0.0000,2.0,0.0
1267,0,261.6742,9.7281,0.0000,0.0000,2.0,0.0
1268,0,261.8742,9.7281,0.0000,0.0000,2.0,0.0
1269,0,262.0742,9.7281,0.0000,0.0000,2.0,0.0
1270,0,262.2742,9.7281,0.0000,0.0000,2.0,0.0
1271,0,262.4742,9.7281,0.0000,0.0000,2.0,0.0
1272,0,262.6742,9.7281,0.0000,0.0000,2.0,0.0
1273,0,262.8742,9.7281,0.0000,0.0000,2.0,0.0
1274,0,263.0742,9.7281,0.0000,0.0000,2.0,0.0
1275,0,263.2742,9.7281,0.0000,0.0000,2.0,0.0
1276,0,263.4742,9.7281,0.0000,0.0000,2.0,0.0
1277,0,263.6742,9.7281,0.0000,0.0000,2.0,0.0
1278,0,263.8742,9.7281,0.0000,0.0000,2.0,0.0
1279,0,264.0742,9.7281,0.0000,0.0000,2.0,0.0
1280,0,264.2742,9.7281,0.0000,0.0000,2.0,0.0
1281,0,264.4742,9.7281,0.0000,0.0000,2.0,0.0
1282,0,264.6742,9.7281,0.0000,0.0000,2.0,0.0
1283,0,264.8742,9.7281,0.0000,0.0000,2.0,0.0
1284,0,265.0742,9.7281,0.0000,0.0000,2.0,0.0
1285,0,265.2742,9.7281,0.0000,0.0000,2.0,0.0
1286,0,265.4742,9.7281,0.0000,0.0000,2.0,0.0
1287,0,265.6742,9.7281,0.0000,0.0000,2.0,0.0
1288,0,265.8742,9.7281,0.0000,0.0000,2.0,0.0
1289,0,266.0742,9.7281,0.0000,0.0000,2.0,0.0
1290,0,266.2742,9.7281,0.0000,0.0000,2.0,0.0
1291,0,266.4742,9.7281,0.0000,0.0000,2.0,0.0
1292,0,266.6742,9.7281,0.0000,0.0000,2.0,0.0
1293,0,266.8742,9.7281,0.0000,0.0000,2.0,0.0
1294,0,267.0742,9.7281,0.0000,0.0000,2.0,0.0
1295,0,267.2742,9.7281,0.0000,0.0000,2.0,0.0
1296,0,267.4742,9.7281,0.0000,0.0000,2.0,0.0
1297,0,267.6742,9.7281,0.0000,0.0000,2.0,0.0
1298,0,267.8742,9.7281,0.0000,0.0000,2.0,0.0
1299,0,268.0742,9.7281,0.0000,0.0000,2.0,0.0
1300,0,268.2742,9.7281,0.0000,0.0000,2.0,0.0
1301,0,268.4742,9.7281,0.0000,0.0000,2.0,0.0
1302,0,268.6742,9.7281,0.0000,0.0000,2.0,0.0
1303,0,268.8742,9.7281,0.0000,0.0000,2.0,0.0
1304,0,269.0742,9.7281,0.0000,0.0000,2.0,0.0
1305,0,269.2742,9.7281,0.0000,0.0000,2.0,0.0
1306,0,269.4742,9.7281,0.0000,0.0000,2.0,0.0
1307,0,269.6742,9.7281,0.0000,0.0000,2.0,0.0
1308,0,269.8742,9.7281,0.0000,0.0000,2.0,0.0
1309,0,270.0742,9.7281,0.0000,0.0000,2.0,0.0
1310,0,270.2742,9.7281,0.0000,0.0000,2.0,0.0
1311,0,270.4742,9.7281,0.0000,0.0000,2.0,0.0
1312,0,270.6742,9.7281,0.0000,0.0000,2.0,0.0
1313,0,270.8742,9.7281,0.0000,0.0000,2.0,0.0
1314,0,271.0742,9.7281,0.0000,0.0000,2.0,0.0
1315,0,271.2742,9.7281,0.0000,0.0000,2.0,0.0
1316,0,271.4742,9.7281,0.0000,0.0000,2.0,0.0
1317,0,271.6742,9.7281,0.0000,0.0000,2.0,0.0
1318,0,271.8742,9.7281,0.0000,0.0000,2.0,0.0
1319,0,272.0742,9.7281,0.0000,0.0000,2.0,0.0
1320,0,272.2742,9.7281,0.0000,0.0000,2.0,0.0
1321,0,272.4742,9.7281,0.0000,0.0000,2.0,0.0
1322,0,272.6742,9.7281,0.0000,0.0000,2.0,0.0
1323,0,272.8742,9.7281,0.0000,0.0000,2.0,0.0
1324,0,273.0742,9.7281,0.0000,0.0000,2.0,0.0
1325,0,273.2742,9.7281,0.0000,0.0000,2.0,0.0
1326,0,273.4742,9.7281,0.0000,0.0000,2.0,0.0
1327,0,273.6742,9.7281,0.0000,0.0000,2.0,0.0
1328,0,273.8742,9.7281,0.0000,0.0000,2.0,0.0
1329,0,274.0742,9.7281,0.0000,0.0000,2.0,0.0
1330,0,274.2742,9.7281,0.0000,0.0000,2.0,0.0
1331,0,274.4742,9.7281,0.0000,0.0000,2.0,0.0
1332,0,274.6742,9.7281,0.0000,0.0000,2.0,0.0
1333,0,274.8742,9.7281,0.0000,0.0000,2.0,0.0
1334,0,275.0742,9.7281,0.0000,0.0000,2.0,0.0
1335,0,275.2742,9.7281,0.0000,0.0000,2.0,0.0
1336,0,275.4742,9.7281,0.0000,0.0000,2.0,0.0
1337,0,275.6742,9.7281,0.0000,0.0000,2.0,0.0
1338,0,275.8742,9.7281,0.0000,0.0000,2.0,0.0
1339,0,276.0742,9.7281,0.0000,0.0000,2.0,0.0
1340,0,276.2742,9.7281,0.0000,0.0000,2.0,0.0
1341,0,276.4742,9.7281,0.0000,0.0000,2.0,0.0
1342,0,276.6742,9.7281,0.0000,0.0000,2.0,0.0
1343,0,276.8742,9.7281,0.0000,0.0000,2.0,0.0
1344,0,277.0742,9.7281,0.0000,0.0000,2.0,0.0
1345,0,277.2742,9.7281,0.0000,0.0000,2.0,0.0
1346,0,277.4742,9.7281,0.0000,0.0000,2.0,0.0
1347,0,277.6742,9.7281,0.0000,0.0000,2.0,0.0
1348,0,277.8742,9.7281,0.0000,0.0000,2.0,0.0
1349,0,278.0742,9.7281,0.0000,0.0000,2.0,0.0
1350,0,278.2742,9.7281,0.0000,0.0000,2.0,0.0
1351,0,278.4742,9.7281,0.0000,0.0000,2.0,0.0
1352,0,278.6742,9.7281,0.0000,0.0000,2.0,0.0
1353,0,278.8742,9.7281,0.0000,0.0000,2.0,0.0
1354,0,279.0742,9.7281,0.0000,0.0000,2.0,0.0
1355,0,279.2742,9.7281,0.0000,0.0000,2.0,0.0
1356,0,279.4742,9.7281,0.0000,0.0000,2.0,0.0
1357,0,279.6742,9.7281,0.0000,0.0000,2.0,0.0
1358,0,279.8742,9.7281,0.0000,0.0000,2.0,0.0
1359,0,280.0742,9.7281,0.0000,0.0000,2.0,0.0
1360,0,280.2742,9.7281,0.0000,0.0000,2.0,0.0
1361,0,280.4742,9.7281,0.0000,0.0000,2.0,0.0
1362,0,280.6742,9.7281,0.0000,0.0000,2.0,0.0
1363,0,280.8742,9.7281,0.0000,0.0000,2.0,0.0
1364,0,281.0742,9.7281,0.0000,0.0000,2.0,0.0
1365,0,281.2742,9.7281,0.0000,0.0000,2.0,0.0
1366,0,281.4742,9.7281,0.0000,0.0000,2.0,0.0
1367,0,281.6742,9.7281,0.0000,0.0000,2.0,0.0
1368,0,281.8742,9.7281,0.0000,0.0000,2.0,0.0
1369,0,282.0742,9.7281,0.0000,0.0000,2.0,0.0
1370,0,282.2742,9.7281,0.0000,0.0000,2.0,0.0
1371,0,282.4742,9.7281,0.0000,0.0000,2.0,0.0
1372,0,282.6742,9.7281,0.0000,0.0000,2.0,0.0
1373,0,282.8742,9.7281,0.0000,0.0000,2.0,0.0
1374,0,283.0742,9.7281,0.0000,0.0000,2.0,0.0
1375,0,283.2742,9.7281,0.0000,0.0000,2.0,0.0
1376,0,283.4742,9.7281,0.0000,0.0000,2.0,0.0
1377,0,283.6742,9.7281,0.0000,0.0000,2.0,0.0
1378,0,283.8742,9.7281,0.0000,0.0000,2.0,0.0
1379,0,284.0742,9.7281,0.0000,0.0000,2.0,0.0
1380,0,284.2742,9.7281,0.0000,0.0000,2.0,0.0
1381,0,284.4742,9.7281,0.0000,0.0000,2.0,0.0
1382,0,284.6742,9.7281,0.0000,0.0000,2.0,0.0
1383,0,284.8742,9.7281,0.0000,0.0000,2.0,0.0
1384,0,285.0742,9.7281,0.0000,0.0000,2.0,0.0
1385,0,285.2742,9.7281,0.0000,0.0000,2.0,0.0
1386,0,285.4742,9.7281,0.0000,0.0000,2.0,0.0
1387,0,285.6742,9.7281,0.0000,0.0000,2.0,0.0
1388,0,285.8742,9.7281,0.0000,0.0000,2.0,0.0
1389,0,286.0742,9.7281,0.0000,0.0000,2.0,0.0
1390,0,286.2742,9.7281,0.0000,0.0000,2.0,0.0
1391,0,286.4742,9.7281,0.0000,0.0000,2.0,0.0
1392,0,286.6742,9.7281,0.0000,0.0000,2.0,0.0
1393,0,286.8742,9.7281,0.0000,0.0000,2.0,0.0
1394,0,287.0742,9.7281,0.0000,0.0000,2.0,0.0
1395,0,287.2742,9.7281,0.0000,0.0000,2.0,0.0
1396,0,287.4742,9.7281,0.0000,0.0000,2.0,0.0
1397,0,287.6742,9.7281,0.0000,0.0000,2.0,0.0
1398,0,287.8742,9.7281,0.0000,0.0000,2.0,0.0
1399,0,288.0742,9.7281,0.0000,0.0000,2.0,0.0
1400,0,288.2742,9.7281,0.0000,0.0000,2.0,0.0
1401,0,288.4742,9.7281,0.0000,0.0000,2.0,0.0
1402,0,288.6742,9.7281,0.0000,0.0000,2.0,0.0
1403,0,288.8742,9.7281,0.0000,0.0000,2.0,0.0
1404,0,289.0742,9.7281,0.0000,0.0000,2.0,0.0
1405,0,289.2742,9.7281,0.0000,0.0000,2.0,0.0
1406,0,289.4742,9.7281,0.0000,0.0000,2.0,0.0
1407,0,289.6742,9.7281,0.0000,0.0000,2.0,0.0
1408,0,289.8742,9.7281,0.0000,0.0000,2.0,0.0
1409,0,290.0742,9.7281,0.0000,0.0000,2.0,0.0
1410,0,290.2742,9.7281,0.0000,0.0000,2.0,0.0
1411,0,290.4742,9.7281,0.0000,0.0000,2.0,0.0
1412,0,290.6742,9.7281,0.0000,0.0000,2.0,0.0
1413,0,290.8742,9.7281,0.0000,0.0000,2.0,0.0
1414,0,291.0742,9.7281,0.0000,0.0000,2.0,0.0
1415,0,291.2742,9.7281,0.0000,0.0000,2.0,0.0
1416,0,291.4742,9.7281,0.0000,0.0000,2.0,0.0
1417,0,291.6742,9.7281,0.0000,0.0000,2.0,0.0
1418,0,291.8742,9.7281,0.0000,0.0000,2.0,0.0
1419,0,292.0742,9.7281,0.0000,0.0000,2.0,0.0
1420,0,292.2742,9.7281,0.0000,0.0000,2.0,0.0
1421,0,292.4742,9.7281,0.0000,0.0000,2.0,0.0
1422,0,292.6742,9.7281,0.0000,0.0000,2.0,0.0
1423,0,292.8742,9.7281,0.0000,0.0000,2.0,0.0
1424,0,293.0742,9.7281,0.0000,0.0000,2.0,0.0
1425,0,293.2742,9.7281,0.0000,0.0000,2.0,0.0
1426,0,293.4742,9.7281,0.0000,0.0000,2.0,0.0
1427,0,293.6742,9.7281,0.0000,0.0000,2.0,0.0
1428,0,293.8742,9.7281,0.0000,0.0000,2.0,0.0
1429,0,294.0742,9.7281,0.0000,0.0000,2.0,0.0
1430,0,294.2742,9.7281,0.0000,0.0000,2.0,0.0
1431,0,294.4742,9.7281,1.1599,-0.3046,2.0,0.0
1432,0,294.9062,9.6672,2.0000,-0.5564,2.0,0.0
1433,0,295.3627,9.6168,2.0000,-0.5036,2.0,0.0
1434,0,295.8191,9.5665,2.0000,-0.5036,2.0,0.0
1435,0,296.2756,9.5161,2.0000,-0.2100,2.0,0.0
1436,0,296.8765,9.5245,2.0000,-0.4089,2.0,0.0
1437,0,297.4993,9.4343,2.0000,0.3573,2.0,0.0
1438,0,297.9833,9.5959,2.0000,1.6160,2.0,0.0
1439,0,298.4673,9.7575,2.0000,1.6160,2.0,0.0
1440,0,298.9512,9.9191,2.0000,1.3224,2.0,0.0
1441,0,299.2907,10.0220,0.1258,1.8259,2.0,0.0
1442,0,299.3764,10.2843,-0.5717,1.3115,2.0,0.0
1443,0,299.5764,10.2843,0.0000,0.0000,2.0,0.0
1444,0,299.7764,10.2843,0.0000,0.0000,2.0,0.0
1445,0,299.9764,10.2843,0.0000,0.0000,2.0,0.0
1446,0,300.1764,10.2843,-0.3109,-1.9281,2.0,0.0
1447,0,300.3142,9.8987,-1.4198,-2.0000,2.0,0.0
1448,0,300.2924,9.3542,-1.9674,-2.0000,2.0,0.0
1449,0,300.3207,8.8203,-1.7169,-2.0000,2.0,0.0
1450,0,300.3490,8.2863,-1.7169,-2.0000,2.0,0.0
1451,0,300.3773,7.7523,-1.0258,-2.0000,2.0,0.0
1452,0,300.5439,7.6012,0.4634,-0.7172,2.0,0.0
1453,0,300.8700,7.6089,1.0109,0.0245,2.0,0.0
1454,0,301.1461,7.6061,1.1258,0.6000,2.0,0.0
1455,0,301.4952,7.7289,1.4912,1.2279,2.0,0.0
1456,0,301.8443,7.8517,1.1110,1.2418,2.0,0.0
1457,0,302.1174,7.9772,0.7307,1.2557,2.0,0.0
1458,0,302.3904,8.1028,0.7307,1.2557,2.0,0.0
1459,0,302.6635,8.2284,0.3654,0.6278,2.0,0.0
1460,0,302.8635,8.2284,0.0000,0.0000,2.0,0.0
1461,0,303.0635,8.2284,0.0000,0.0000,2.0,0.0
1462,0,303.2635,8.2284,0.0000,0.0000,2.0,0.0
1463,0,303.4635,8.2284,0.0000,0.0000,2.0,0.0
1464,0,303.6635,8.2284,0.0000,0.0000,2.0,0.0
1465,0,303.8635,8.2284,0.0000,0.0000,2.0,0.0
1466,0,304.0635,8.2284,-0.6099,-0.7291,2.0,0.0
1467,0,304.1415,8.0825,-1.2199,-1.4583,2.0,0.0
1468,0,304.2195,7.9367,-1.2199,-1.4583,2.0,0.0
1469,0,304.2975,7.7909,-1.2199,-1.4583,2.0,0.0
1470,0,304.3756,7.6451,-1.2199,-1.4583,2.0,0.0
1471,0,304.4536,7.4992,-0.6099,-0.7291,2.0,0.0
1472,0,304.6536,7.4992,0.0000,0.0000,2.0,0.0
1473,0,304.8536,7.4992,0.0000,0.0000,2.0,0.0
1474,0,305.0536,7.4992,0.0000,0.0000,2.0,0.0
1475,0,305.2536,7.4992,0.0000,0.0000,2.0,0.0
1476,0,305.4536,7.4992,0.0000,0.0000,2.0,0.0
1477,0,305.6536,7.4992,0.0000,0.0000,2.0,0.0
1478,0,305.8536,7.4992,0.0000,0.0000,2.0,0.0
1479,0,306.0536,7.4992,0.0000,0.0000,2.0,0.0
1480,0,306.2536,7.4992,0.0000,0.0000,2.0,0.0
1481,0,306.4536,7.4992,0.0000,0.0000,2.0,0.0
1482,0,306.6536,7.4992,0.0000,0.0000,2.0,0.0
1483,0,306.8536,7.4992,0.0000,0.0000,2.0,0.0
1484,0,307.0536,7.4992,0.0000,0.0000,2.0,0.0
1485,0,307.2536,7.4992,0.0000,0.0000,2.0,0.0
1486,0,307.4536,7.4992,0.0000,0.0000,2.0,0.0
1487,0,307.6536,7.4992,0.0000,0.0000,2.0,0.0
1488,0,307.8536,7.4992,0.0000,0.0000,2.0,0.0
1489,0,308.0536,7.4992,1.2772,-1.0536,2.0,0.0
1490,0,308.5090,7.2885,2.0000,-2.0000,2.0,0.0
1491,0,308.9645,7.0778,2.0000,-2.0000,2.0,0.0
1492,0,309.4008,6.5392,2.0000,-2.0000,2.0,0.0
1493,0,309.8372,6.0006,2.0000,-2.0000,2.0,0.0
1494,0,310.2735,5.4619,1.0863,-2.0000,2.0,0.0
1495,0,310.4544,5.1340,-0.1909,-2.0000,2.0,0.0
1496,0,310.6353,4.8061,-0.0955,-1.6396,2.0,0.0
1497,0,310.8353,4.8061,0.0000,0.0000,2.0,0.0
1498,0,311.0353,4.8061,0.0000,0.0000,2.0,0.0
1499,0,311.2353,4.8061,0.0000,0.0000,2.0,0.0
1500,0,311.4353,4.8061,0.0000,0.0000,2.0,0.0
1501,0,311.6353,4.8061,0.0000,0.0000,2.0,0.0
1502,0,311.8353,4.8061,0.0000,0.0000,2.0,0.0
1503,0,312.0353,4.8061,0.0000,0.0000,2.0,0.0
1504,0,312.2353,4.8061,0.0000,0.0000,2.0,0.0
1505,0,312.4353,4.8061,0.0000,0.0000,2.0,0.0
1506,0,312.6353,4.8061,0.0000,0.0000,2.0,0.0
1507,0,312.8353,4.8061,0.0000,0.0000,2.0,0.0
1508,0,313.0353,4.8061,0.0000,0.0000,2.0,0.0
1509,0,313.2353,4.8061,0.0000,0.0000,2.0,0.0
1510,0,313.4353,4.8061,0.0000,0.0000,2.0,0.0
1511,0,313.6353,4.8061,0.0000,0.0000,2.0,0.0
1512,0,313.8353,4.8061,0.0000,0.0000,2.0,0.0
1513,0,314.0353,4.8061,0.0000,0.0000,2.0,0.0
1514,0,314.2353,4.8061,0.0000,0.0000,2.0,0.0
1515,0,314.4353,4.8061,0.0000,0.0000,2.0,0.0
1516,0,314.6353,4.8061,0.0000,0.0000,2.0,0.0
1517,0,314.8353,4.8061,0.0000,0.0000,2.0,0.0
1518,0,315.0353,4.8061,0.0000,0.0000,2.0,0.0
1519,0,315.2353,4.8061,0.0000,0.0000,2.0,0.0
1520,0,315.4353,4.8061,0.0000,0.0000,2.0,0.0
1521,0,315.6353,4.8061,0.0000,0.0000,2.0,0.0
1522,0,315.8353,4.8061,0.0000,0.0000,2.0,0.0
1523,0,316.0353,4.8061,0.0000,0.0000,2.0,0.0
1524,0,316.2353,4.8061,0.0000,0.0000,2.0,0.0
1525,0,316.4353,4.8061,0.0000,0.0000,2.0,0.0
1526,0,316.6353,4.8061,0.0000,0.0000,2.0,0.0
1527,0,316.8353,4.8061,0.0000,0.0000,2.0,0.0
1528,0,317.0353,4.8061,0.0000,0.0000,2.0,0.0
1529,0,317.2353,4.8061,0.0000,0.0000,2.0,0.0
1530,0,317.4353,4.8061,0.0000,0.0000,2.0,0.0
1531,0,317.6353,4.8061,0.0000,0.0000,2.0,0.0
1532,0,317.8353,4.8061,0.0000,0.0000,2.0,0.0
1533,0,318.0353,4.8061,0.0000,0.0000,2.0,0.0
1534,0,318.2353,4.8061,0.0000,0.0000,2.0,0.0
1535,0,318.4353,4.8061,0.0000,0.0000,2.0,0.0
1536,0,318.6353,4.8061,0.0000,0.0000,2.0,0.0
1537,0,318.8353,4.8061,0.0000,0.0000,2.0,0.0
1538,0,319.0353,4.8061,0.0000,0.0000,2.0,0.0
1539,0,319.2353,4.8061,0.0000,0.0000,2.0,0.0
1540,0,319.4353,4.8061,0.0000,0.0000,2.0,0.0
1541,0,319.6353,4.8061,0.0000,0.0000,2.0,0.0
1542,0,319.8353,4.8061,0.0000,0.0000,2.0,0.0
1543,0,320.0353,4.8061,0.0000,0.0000,2.0,0.0
1544,0,320.2353,4.8061,0.0000,0.0000,2.0,0.0
1545,0,320.4353,4.8061,0.0000,0.0000,2.0,0.0
1546,0,320.6353,4.8061,0.0000,0.0000,2.0,0.0
1547,0,320.8353,4.8061,0.0000,0.0000,2.0,0.0
1548,0,321.0353,4.8061,0.0000,0.0000,2.0,0.0
1549,0,321.2353,4.8061,0.0000,0.0000,2.0,0.0
1550,0,321.4353,4.8061,0.0000,0.0000,2.0,0.0
1551,0,321.6353,4.8061,0.0000,0.0000,2.0,0.0
1552,0,321.8353,4.8061,0.0000,0.0000,2.0,0.0
1553,0,322.0353,4.8061,0.0000,0.0000,2.0,0.0
1554,0,322.2353,4.8061,0.0000,0.0000,2.0,0.0
1555,0,322.4353,4.8061,0.0000,0.0000,2.0,0.0
1556,0,322.6353,4.8061,0.0000,0.0000,2.0,0.0
1557,0,322.8353,4.8061,0.0000,0.0000,2.0,0.0
1558,0,323.0353,4.8061,-1.0594,-1.5998,2.0,0.0
1559,0,323.0234,4.4861,-2.0000,-2.0000,2.0,0.0
1560,0,323.0116,4.1662,-2.0000,-2.0000,2.0,0.0
1561,0,322.9997,3.8462,-2.0000,-2.0000,2.0,0.0
1562,0,322.9602,3.6111,-2.0000,-2.0000,2.0,0.0
1563,0,322.9206,3.3760,-1.3359,-0.7512,2.0,0.0
1564,0,323.0930,3.4609,-0.2765,0.8486,2.0,0.0
1565,0,323.2653,3.5457,-0.2765,0.8486,2.0,0.0
1566,0,323.4377,3.6306,-0.1383,0.4243,2.0,0.0
1567,0,323.6377,3.6306,-0.4013,-1.8794,2.0,0.0
1568,0,323.7574,3.2547,-0.6731,-2.0000,2.0,0.0
1569,0,323.9031,2.8680,-0.5437,-2.0000,2.0,0.0
1570,0,324.0487,2.4812,-0.3107,-2.0000,2.0,0.0
1571,0,324.2409,2.0957,-0.0777,-2.0000,2.0,0.0
1572,0,324.4332,1.7101,0.6106,-1.9639,2.0,0.0
1573,0,324.7631,1.7029,1.2309,0.0619,2.0,0.0
1574,0,325.0793,1.7225,1.5429,-0.0131,2.0,0.0
1575,0,325.4716,1.7003,1.6606,-0.0883,2.0,0.0
1576,0,325.8115,1.7049,1.3288,0.2668,2.0,0.0
1577,0,326.1374,1.7536,1.5482,0.0633,2.0,0.0
1578,0,326.5211,1.7175,1.9565,-0.4416,2.0,0.0
1579,0,326.9287,1.6653,1.6909,-0.1080,2.0,0.0
1580,0,327.2593,1.6959,1.8143,-0.1408,2.0,0.0
1581,0,327.6915,1.6372,2.0000,-0.8087,2.0,0.0
1582,0,328.1377,1.5342,1.8855,-0.6175,2.0,0.0
1583,0,328.4686,1.5137,1.1288,-0.2046,2.0,0.0
1584,0,328.7635,1.4933,1.6487,-0.3467,2.0,0.0
1585,0,329.1984,1.4443,2.0000,-0.3160,2.0,0.0
1586,0,329.6003,1.4301,2.0000,-0.1427,2.0,0.0
1587,0,330.0022,1.4158,1.0252,0.7273,2.0,0.0
1588,0,330.2053,1.5755,0.0315,1.5973,2.0,0.0
1589,0,330.4084,1.7353,-0.6643,1.5350,2.0,0.0
1590,0,330.4724,1.8825,-1.6737,1.6064,2.0,0.0
1591,0,330.4737,2.0565,-1.9874,1.7400,2.0,0.0
1592,0,330.4750,2.2305,-0.9937,0.8700,2.0,0.0
1593,0,330.6750,2.2305,0.0000,0.0000,2.0,0.0
1594,0,330.8750,2.2305,0.0000,0.0000,2.0,0.0
1595,0,331.0750,2.2305,0.0000,0.0000,2.0,0.0
1596,0,331.2750,2.2305,0.0000,0.0000,2.0,0.0
1597,0,331.4750,2.2305,0.0000,0.0000,2.0,0.0
1598,0,331.6750,2.2305,0.0000,0.0000,2.0,0.0
1599,0,331.8750,2.2305,0.0000,0.0000,2.0,0.0
1600,0,332.0750,2.2305,0.0000,0.0000,2.0,0.0
1601,0,332.2750,2.2305,0.0000,0.0000,2.0,0.0
1602,0,332.4750,2.2305,-1.9638,0.3208,2.0,0.0
1603,0,332.2822,2.2947,-2.0000,1.2000,2.0,0.0
1604,0,332.0729,2.4705,-2.0000,1.7582,2.0,0.0
1605,0,331.8636,2.6464,-2.0000,1.9435,2.0,0.0
1606,0,331.6906,2.8592,-2.0000,2.0000,2.0,0.0
1607,0,331.5177,3.0721,-1.7394,2.0000,2.0,0.0
1608,0,331.7428,3.3565,0.3568,2.0000,2.0,0.0
1609,0,331.9891,3.5452,-0.0325,2.0000,2.0,0.0
1610,0,332.1363,3.8044,-0.8941,2.0000,2.0,0.0
1611,0,332.2103,4.0163,-1.6263,2.0000,2.0,0.0
1612,0,332.2110,4.2072,-2.0000,1.2312,2.0,0.0
1613,0,332.2066,4.2625,-2.0000,0.4730,2.0,0.0
1614,0,332.1974,4.3019,-0.5829,1.5300,2.0,0.0
1615,0,332.4900,4.5685,1.1414,2.0000,2.0,0.0
1616,0,332.8256,4.8659,1.7184,2.0000,2.0,0.0
1617,0,333.2336,5.2249,2.0000,2.0000,2.0,0.0
1618,0,333.6417,5.5840,2.0000,2.0000,2.0,0.0
1619,0,334.0497,5.9430,1.0670,2.0000,2.0,0.0
1620,0,334.2551,6.0042,0.1287,0.9480,2.0,0.0
1621,0,334.4754,6.1326,0.3586,1.0916,2.0,0.0
1622,0,334.7268,6.2225,0.5086,1.4958,2.0,0.0
1623,0,334.9771,6.4318,0.9222,1.1037,2.0,0.0
1624,0,335.3112,6.4432,1.6074,-0.0685,2.0,0.0
1625,0,335.6986,6.4181,2.0000,-0.6488,2.0,0.0
1626,0,336.1257,6.3134,2.0000,-1.0573,2.0,0.0
1627,0,336.5227,6.2066,1.9754,-1.6655,2.0,0.0
1628,0,336.9208,5.9803,1.8520,-2.0000,2.0,0.0
1629,0,337.2931,5.6769,1.4570,-2.0000,2.0,0.0
1630,0,337.6122,5.4099,0.8855,-2.0000,2.0,0.0
1631,0,337.8702,5.1348,0.5804,-2.0000,2.0,0.0
1632,0,338.1282,4.8597,0.5804,-2.0000,2.0,0.0
1633,0,338.3863,4.5846,0.2902,-1.3755,2.0,0.0
1634,0,338.5863,4.5846,0.0000,0.0000,2.0,0.0
1635,0,338.7863,4.5846,0.0000,0.0000,2.0,0.0
1636,0,338.9863,4.5846,0.0000,0.0000,2.0,0.0
1637,0,339.1863,4.5846,0.0000,0.0000,2.0,0.0
1638,0,339.3863,4.5846,0.0000,0.0000,2.0,0.0
1639,0,339.5863,4.5846,0.0000,0.0000,2.0,0.0
1640,0,339.7863,4.5846,0.0000,0.0000,2.0,0.0
1641,0,339.9863,4.5846,0.2321,-0.1585,2.0,0.0
1642,0,340.2327,4.5529,0.6404,-0.1385,2.0,0.0
1643,0,340.5144,4.5569,0.8166,0.0401,2.0,0.0
1644,0,340.7960,4.5609,0.8166,0.0401,2.0,0.0
1645,0,341.0777,4.5649,0.8166,0.0401,2.0,0.0
1646,0,341.3593,4.5689,0.5845,0.1986,2.0,0.0
1647,0,341.5946,4.6046,0.1762,0.1786,2.0,0.0
1648,0,341.7946,4.6046,0.0000,0.0000,2.0,0.0
1649,0,341.9946,4.6046,0.0000,0.0000,2.0,0.0
1650,0,342.1946,4.6046,0.0000,0.0000,2.0,0.0
1651,0,342.3946,4.6046,0.0000,0.0000,2.0,0.0
1652,0,342.5946,4.6046,0.0000,0.0000,2.0,0.0
1653,0,342.7946,4.6046,0.0000,0.0000,2.0,0.0
1654,0,342.9946,4.6046,0.0000,0.0000,2.0,0.0
1655,0,343.1946,4.6046,0.0000,0.0000,2.0,0.0
1656,0,343.3946,4.6046,0.0000,0.0000,2.0,0.0
1657,0,343.5946,4.6046,0.0000,0.0000,2.0,0.0
1658,0,343.7946,4.6046,0.0000,0.0000,2.0,0.0
1659,0,343.9946,4.6046,0.0000,0.0000,2.0,0.0
1660,0,344.1946,4.6046,0.0000,0.0000,2.0,0.0
1661,0,344.3946,4.6046,0.0000,0.0000,2.0,0.0
1662,0,344.5946,4.6046,0.0000,0.0000,2.0,0.0
1663,0,344.7946,4.6046,0.0000,0.0000,2.0,0.0
1664,0,344.9946,4.6046,0.0000,0.0000,2.0,0.0
1665,0,345.1946,4.6046,-0.9509,-1.2570,2.0,0.0
1666,0,345.2044,4.3533,-1.9018,-2.0000,2.0,0.0
1667,0,345.2142,4.1019,-1.9018,-2.0000,2.0,0.0
1668,0,345.2241,3.8505,-1.9018,-2.0000,2.0,0.0
1669,0,345.2339,3.5991,-0.7374,-2.0000,2.0,0.0
1670,0,345.4766,3.1281,1.3778,-2.0000,2.0,0.0
1671,0,345.9094,2.9085,2.0000,-2.0000,2.0,0.0
1672,0,346.3423,2.6889,2.0000,-2.0000,2.0,0.0
1673,0,346.7752,2.4693,2.0000,-2.0000,2.0,0.0
1674,0,347.2081,2.2497,1.1644,-1.0980,2.0,0.0
1675,0,347.4081,2.2497,0.0000,0.0000,2.0,0.0
1676,0,347.6081,2.2497,0.0000,0.0000,2.0,0.0
1677,0,347.8081,2.2497,0.0000,0.0000,2.0,0.0
1678,0,348.0081,2.2497,0.0000,0.0000,2.0,0.0
1679,0,348.2081,2.2497,0.0000,0.0000,2.0,0.0
1680,0,348.4081,2.2497,0.0000,0.0000,2.0,0.0
1681,0,348.6081,2.2497,0.0000,0.0000,2.0,0.0
1682,0,348.8081,2.2497,0.0000,0.0000,2.0,0.0
1683,0,349.0081,2.2497,1.6290,0.9345,2.0,0.0
1684,0,349.5339,2.4366,2.0000,1.9233,2.0,0.0
1685,0,350.0776,2.6344,2.0000,1.9776,2.0,0.0
1686,0,350.6214,2.8322,2.0000,1.9776,2.0,0.0
1687,0,351.1652,3.0299,2.0000,1.9776,2.0,0.0
1688,0,351.7090,3.2277,2.0000,0.6554,2.0,0.0
1689,0,352.1672,3.1610,2.0000,-0.7211,2.0,0.0
1690,0,352.6073,3.0835,2.0000,-0.7754,2.0,0.0
1691,0,353.0475,3.0059,2.0000,-0.7754,2.0,0.0
1692,0,353.4877,2.9284,2.0000,-0.7754,2.0,0.0
1693,0,353.9279,2.8509,1.2010,-0.3877,2.0,0.0
1694,0,354.1279,2.8509,0.0000,0.0000,2.0,0.0
1695,0,354.3279,2.8509,0.0000,0.0000,2.0,0.0
1696,0,354.5279,2.8509,0.0000,0.0000,2.0,0.0
1697,0,354.7279,2.8509,0.0000,0.0000,2.0,0.0
1698,0,354.9279,2.8509,0.0000,0.0000,2.0,0.0
1699,0,355.1279,2.8509,0.0000,0.0000,2.0,0.0
1700,0,355.3279,2.8509,0.0000,0.0000,2.0,0.0
1701,0,355.5279,2.8509,0.0000,0.0000,2.0,0.0
1702,0,355.7279,2.8509,0.0000,0.0000,2.0,0.0
1703,0,355.9279,2.8509,0.0000,0.0000,2.0,0.0
1704,0,356.1279,2.8509,0.0000,0.0000,2.0,0.0
1705,0,356.3279,2.8509,0.0000,0.0000,2.0,0.0
1706,0,356.5279,2.8509,0.0000,0.0000,2.0,0.0
1707,0,356.7279,2.8509,0.0000,0.0000,2.0,0.0
1708,0,356.9279,2.8509,0.0000,0.0000,2.0,0.0
1709,0,357.1279,2.8509,0.0000,0.0000,2.0,0.0
1710,0,357.3279,2.8509,0.0000,0.0000,2.0,0.0
1711,0,357.5279,2.8509,0.0000,0.0000,2.0,0.0
1712,0,357.7279,2.8509,0.0000,0.0000,2.0,0.0
1713,0,357.9279,2.8509,0.0000,0.0000,2.0,0.0
1714,0,358.1279,2.8509,0.0000,0.0000,2.0,0.0
1715,0,358.3279,2.8509,0.0000,0.0000,2.0,0.0
1716,0,358.5279,2.8509,0.0000,0.0000,2.0,0.0
1717,0,358.7279,2.8509,0.0000,0.0000,2.0,0.0
1718,0,358.9279,2.8509,0.0000,0.0000,2.0,0.0
1719,0,359.1279,2.8509,0.0000,0.0000,2.0,0.0
1720,0,359.3279,2.8509,0.0000,0.0000,2.0,0.0
1721,0,359.5279,2.8509,0.0000,0.0000,2.0,0.0
1722,0,359.7279,2.8509,0.0000,0.0000,2.0,0.0
1723,0,359.9279,2.8509,0.0000,0.0000,2.0,0.0
1724,0,360.1279,2.8509,0.0000,0.0000,2.0,0.0
1725,0,360.3279,2.8509,0.0000,0.0000,2.0,0.0
1726,0,360.5279,2.8509,0.0000,0.0000,2.0,0.0
1727,0,360.7279,2.8509,0.0000,0.0000,2.0,0.0
1728,0,360.9279,2.8509,0.0000,0.0000,2.0,0.0
1729,0,361.1279,2.8509,0.0000,0.0000,2.0,0.0
1730,0,361.3279,2.8509,0.0000,0.0000,2.0,0.0
1731,0,361.5279,2.8509,0.0000,0.0000,2.0,0.0
1732,0,361.7279,2.8509,0.0000,0.0000,2.0,0.0
1733,0,361.9279,2.8509,0.0000,0.0000,2.0,0.0
1734,0,362.1279,2.8509,0.0000,0.0000,2.0,0.0
1735,0,362.3279,2.8509,0.0000,0.0000,2.0,0.0
1736,0,362.5279,2.8509,0.0000,0.0000,2.0,0.0
1737,0,362.7279,2.8509,0.0000,0.0000,2.0,0.0
1738,0,362.9279,2.8509,0.0000,0.0000,2.0,0.0
1739,0,363.1279,2.8509,0.0000,0.0000,2.0,0.0
1740,0,363.3279,2.8509,0.0000,0.0000,2.0,0.0
1741,0,363.5279,2.8509,0.0000,0.0000,2.0,0.0
1742,0,363.7279,2.8509,0.0000,0.0000,2.0,0.0
1743,0,363.9279,2.8509,0.0000,0.0000,2.0,0.0
1744,0,364.1279,2.8509,0.0000,0.0000,2.0,0.0
1745,0,364.3279,2.8509,0.0000,0.0000,2.0,0.0
1746,0,364.5279,2.8509,0.0000,0.0000,2.0,0.0
1747,0,364.7279,2.8509,0.0000,0.0000,2.0,0.0
1748,0,364.9279,2.8509,0.0000,0.0000,2.0,0.0
1749,0,365.1279,2.8509,0.0000,0.0000,2.0,0.0
1750,0,365.3279,2.8509,0.0000,0.0000,2.0,0.0
1751,0,365.5279,2.8509,0.0000,0.0000,2.0,0.0
1752,0,365.7279,2.8509,0.0000,0.0000,2.0,0.0
1753,0,365.9279,2.8509,0.0000,0.0000,2.0,0.0
1754,0,366.1279,2.8509,0.0000,0.0000,2.0,0.0
1755,0,366.3279,2.8509,0.0000,0.0000,2.0,0.0
1756,0,366.5279,2.8509,0.0000,0.0000,2.0,0.0
1757,0,366.7279,2.8509,0.0000,0.0000,2.0,0.0
1758,0,366.9279,2.8509,0.0000,0.0000,2.0,0.0
1759,0,367.1279,2.8509,0.0000,0.0000,2.0,0.0
1760,0,367.3279,2.8509,0.0000,0.0000,2.0,0.0
1761,0,367.5279,2.8509,0.0000,0.0000,2.0,0.0
1762,0,367.7279,2.8509,0.0000,0.0000,2.0,0.0
1763,0,367.9279,2.8509,0.0000,0.0000,2.0,0.0
1764,0,368.1279,2.8509,0.0000,0.0000,2.0,0.0
1765,0,368.3279,2.8509,0.0000,0.0000,2.0,0.0
1766,0,368.5279,2.8509,0.0000,0.0000,2.0,0.0
1767,0,368.7279,2.8509,0.0000,0.0000,2.0,0.0
1768,0,368.9279,2.8509,0.0000,0.0000,2.0,0.0
1769,0,369.1279,2.8509,0.0000,0.0000,2.0,0.0
1770,0,369.3279,2.8509,0.0000,0.0000,2.0,0.0
1771,0,369.5279,2.8509,0.0000,0.0000,2.0,0.0
1772,0,369.7279,2.8509,0.0000,0.0000,2.0,0.0
1773,0,369.9279,2.8509,0.0000,0.0000,2.0,0.0
1774,0,370.1279,2.8509,0.0000,0.0000,2.0,0.0
1775,0,370.3279,2.8509,0.0000,0.0000,2.0,0.0
1776,0,370.5279,2.8509,0.0000,0.0000,2.0,0.0
1777,0,370.7279,2.8509,0.0000,0.0000,2.0,0.0
1778,0,370.9279,2.8509,0.0000,0.0000,2.0,0.0
1779,0,371.1279,2.8509,0.0000,0.0000,2.0,0.0
1780,0,371.3279,2.8509,0.0000,0.0000,2.0,0.0
1781,0,371.5279,2.8509,0.0000,0.0000,2.0,0.0
1782,0,371.7279,2.8509,0.0000,0.0000,2.0,0.0
1783,0,371.9279,2.8509,0.0000,0.0000,2.0,0.0
1784,0,372.1279,2.8509,0.0000,0.0000,2.0,0.0
1785,0,372.3279,2.8509,0.0000,0.0000,2.0,0.0
1786,0,372.5279,2.8509,0.0000,0.0000,2.0,0.0
1787,0,372.7279,2.8509,0.0000,0.0000,2.0,0.0
1788,0,372.9279,2.8509,0.0000,0.0000,2.0,0.0
1789,0,373.1279,2.8509,0.0000,0.0000,2.0,0.0
1790,0,373.3279,2.8509,0.0000,0.0000,2.0,0.0
1791,0,373.5279,2.8509,0.0000,0.0000,2.0,0.0
1792,0,373.7279,2.8509,0.0000,0.0000,2.0,0.0
1793,0,373.9279,2.8509,0.0000,0.0000,2.0,0.0
1794,0,374.1279,2.8509,0.0000,0.0000,2.0,0.0
1795,0,374.3279,2.8509,0.0000,0.0000,2.0,0.0
1796,0,374.5279,2.8509,0.0000,0.0000,2.0,0.0
1797,0,374.7279,2.8509,0.0000,0.0000,2.0,0.0
1798,0,374.9279,2.8509,0.0000,0.0000,2.0,0.0
1799,0,375.1279,2.8509,0.0000,0.0000,2.0,0.0
1800,0,375.3279,2.8509,0.0000,0.0000,2.0,0.0
1801,0,375.5279,2.8509,0.0000,0.0000,2.0,0.0
1802,0,375.7279,2.8509,0.0000,0.0000,2.0,0.0
1803,0,375.9279,2.8509,0.0000,0.0000,2.0,0.0
1804,0,376.1279,2.8509,0.0000,0.0000,2.0,0.0
1805,0,376.3279,2.8509,0.0000,0.0000,2.0,0.0
1806,0,376.5279,2.8509,0.0000,0.0000,2.0,0.0
1807,0,376.7279,2.8509,0.0000,0.0000,2.0,0.0
1808,0,376.9279,2.8509,0.0000,0.0000,2.0,0.0
1809,0,377.1279,2.8509,0.0000,0.0000,2.0,0.0
1810,0,377.3279,2.8509,0.0000,0.0000,2.0,0.0
1811,0,377.5279,2.8509,0.0000,0.0000,2.0,0.0
1812,0,377.7279,2.8509,0.0000,0.0000,2.0,0.0
1813,0,377.9279,2.8509,0.0000,0.0000,2.0,0.0
1814,0,378.1279,2.8509,0.0000,0.0000,2.0,0.0
1815,0,378.3279,2.8509,0.0000,0.0000,2.0,0.0
1816,0,378.5279,2.8509,0.0000,0.0000,2.0,0.0
1817,0,378.7279,2.8509,0.0000,0.0000,2.0,0.0
1818,0,378.9279,2.8509,0.0000,0.0000,2.0,0.0
1819,0,379.1279,2.8509,0.0000,0.0000,2.0,0.0
1820,0,379.3279,2.8509,0.0000,0.0000,2.0,0.0
1821,0,379.5279,2.8509,0.0000,0.0000,2.0,0.0
1822,0,379.7279,2.8509,0.0000,0.0000,2.0,0.0
1823,0,379.9279,2.8509,0.0000,0.0000,2.0,0.0
1824,0,380.1279,2.8509,0.0000,0.0000,2.0,0.0
1825,0,380.3279,2.8509,0.0000,0.0000,2.0,0.0
1826,0,380.5279,2.8509,0.0000,0.0000,2.0,0.0
1827,0,380.7279,2.8509,0.0000,0.0000,2.0,0.0
1828,0,380.9279,2.8509,0.0000,0.0000,2.0,0.0
1829,0,381.1279,2.8509,0.0000,0.0000,2.0,0.0
1830,0,381.3279,2.8509,0.0000,0.0000,2.0,0.0
1831,0,381.5279,2.8509,0.0000,0.0000,2.0,0.0
1832,0,381.7279,2.8509,0.0000,0.0000,2.0,0.0
1833,0,381.9279,2.8509,0.0000,0.0000,2.0,0.0
1834,0,382.1279,2.8509,0.0000,0.0000,2.0,0.0
1835,0,382.3279,2.8509,0.0000,0.0000,2.0,0.0
1836,0,382.5279,2.8509,0.0000,0.0000,2.0,0.0
1837,0,382.7279,2.8509,0.0000,0.0000,2.0,0.0
1838,0,382.9279,2.8509,0.0000,0.0000,2.0,0.0
1839,0,383.1279,2.8509,0.0000,0.0000,2.0,0.0
1840,0,383.3279,2.8509,0.0000,0.0000,2.0,0.0
1841,0,383.5279,2.8509,0.0000,0.0000,2.0,0.0
1842,0,383.7279,2.8509,0.0000,0.0000,2.0,0.0
1843,0,383.9279,2.8509,0.0000,0.0000,2.0,0.0
1844,0,384.1279,2.8509,0.0000,0.0000,2.0,0.0
1845,0,384.3279,2.8509,0.0000,0.0000,2.0,0.0
1846,0,384.5279,2.8509,0.0000,0.0000,2.0,0.0
1847,0,384.7279,2.8509,0.0000,0.0000,2.0,0.0
1848,0,384.9279,2.8509,0.0000,0.0000,2.0,0.0
1849,0,385.1279,2.8509,0.0000,0.0000,2.0,0.0
1850,0,385.3279,2.8509,0.0000,0.0000,2.0,0.0
1851,0,385.5279,2.8509,0.0000,0.0000,2.0,0.0
1852,0,385.7279,2.8509,0.0000,0.0000,2.0,0.0
1853,0,385.9279,2.8509,0.0000,0.0000,2.0,0.0
1854,0,386.1279,2.8509,0.0000,0.0000,2.0,0.0
1855,0,386.3279,2.8509,0.0000,0.0000,2.0,0.0
1856,0,386.5279,2.8509,0.0000,0.0000,2.0,0.0
1857,0,386.7279,2.8509,0.0000,0.0000,2.0,0.0
1858,0,386.9279,2.8509,0.0000,0.0000,2.0,0.0
1859,0,387.1279,2.8509,0.0000,0.0000,2.0,0.0
1860,0,387.3279,2.8509,0.0000,0.0000,2.0,0.0
1861,0,387.5279,2.8509,0.0000,0.0000,2.0,0.0
1862,0,387.7279,2.8509,0.0000,0.0000,2.0,0.0
1863,0,387.9279,2.8509,0.0000,0.0000,2.0,0.0
1864,0,388.1279,2.8509,0.0000,0.0000,2.0,0.0
1865,0,388.3279,2.8509,0.0000,0.0000,2.0,0.0
1866,0,388.5279,2.8509,0.0000,0.0000,2.0,0.0
1867,0,388.7279,2.8509,0.0000,0.0000,2.0,0.0
1868,0,388.9279,2.8509,0.0000,0.0000,2.0,0.0
1869,0,389.1279,2.8509,0.0000,0.0000,2.0,0.0
1870,0,389.3279,2.8509,0.0000,0.0000,2.0,0.0
1871,0,389.5279,2.8509,0.0000,0.0000,2.0,0.0
1872,0,389.7279,2.8509,0.0000,0.0000,2.0,0.0
1873,0,389.9279,2.8509,0.0000,0.0000,2.0,0.0
1874,0,390.1279,2.8509,0.0000,0.0000,2.0,0.0
1875,0,390.3279,2.8509,0.0000,0.0000,2.0,0.0
1876,0,390.5279,2.8509,0.0000,0.0000,2.0,0.0
1877,0,390.7279,2.8509,0.0000,0.0000,2.0,0.0
1878,0,390.9279,2.8509,0.0000,0.0000,2.0,0.0
1879,0,391.1279,2.8509,0.0000,0.0000,2.0,0.0
1880,0,391.3279,2.8509,0.0000,0.0000,2.0,0.0
1881,0,391.5279,2.8509,0.0000,0.0000,2.0,0.0
1882,0,391.7279,2.8509,0.0000,0.0000,2.0,0.0
1883,0,391.9279,2.8509,0.0000,0.0000,2.0,0.0
1884,0,392.1279,2.8509,0.0000,0.0000,2.0,0.0
1885,0,392.3279,2.8509,0.0000,0.0000,2.0,0.0
1886,0,392.5279,2.8509,0.0000,0.0000,2.0,0.0
1887,0,392.7279,2.8509,0.0000,0.0000,2.0,0.0
1888,0,392.9279,2.8509,0.0000,0.0000,2.0,0.0
1889,0,393.1279,2.8509,0.0000,0.0000,2.0,0.0
1890,0,393.3279,2.8509,0.0000,0.0000,2.0,0.0
1891,0,393.5279,2.8509,0.0000,0.0000,2.0,0.0
1892,0,393.7279,2.8509,0.0000,0.0000,2.0,0.0
1893,0,393.9279,2.8509,0.0000,0.0000,2.0,0.0
1894,0,394.1279,2.8509,0.0000,0.0000,2.0,0.0
1895,0,394.3279,2.8509,0.0000,0.0000,2.0,0.0
1896,0,394.5279,2.8509,0.0000,0.0000,2.0,0.0
1897,0,394.7279,2.8509,0.0000,0.0000,2.0,0.0
1898,0,394.9279,2.8509,0.0000,0.0000,2.0,0.0
1899,0,395.1279,2.8509,0.0000,0.0000,2.0,0.0
1900,0,395.3279,2.8509,0.0000,0.0000,2.0,0.0
1901,0,395.5279,2.8509,0.0000,0.0000,2.0,0.0
1902,0,395.7279,2.8509,0.0000,0.0000,2.0,0.0
1903,0,395.9279,2.8509,0.0000,0.0000,2.0,0.0
1904,0,396.1279,2.8509,0.0000,0.0000,2.0,0.0
1905,0,396.3279,2.8509,0.0000,0.0000,2.0,0.0
1906,0,396.5279,2.8509,0.0000,0.0000,2.0,0.0
1907,0,396.7279,2.8509,0.0000,0.0000,2.0,0.0
1908,0,396.9279,2.8509,0.0000,0.0000,2.0,0.0
1909,0,397.1279,2.8509,0.0000,0.0000,2.0,0.0
1910,0,397.3279,2.8509,0.0000,0.0000,2.0,0.0
1911,0,397.5279,2.8509,0.0000,0.0000,2.0,0.0
1912,0,397.7279,2.8509,0.0000,0.0000,2.0,0.0
1913,0,397.9279,2.8509,0.0000,0.0000,2.0,0.0
1914,0,398.1279,2.8509,0.0000,0.0000,2.0,0.0
1915,0,398.3279,2.8509,0.0000,0.0000,2.0,0.0
1916,0,398.5279,2.8509,0.0000,0.0000,2.0,0.0
1917,0,398.7279,2.8509,0.0000,0.0000,2.0,0.0
1918,0,398.9279,2.8509,0.0000,0.0000,2.0,0.0
1919,0,399.1279,2.8509,0.0000,0.0000,2.0,0.0
1920,0,399.3279,2.8509,0.0000,0.0000,2.0,0.0
1921,0,399.5279,2.8509,0.0000,0.0000,2.0,0.0
1922,0,399.7279,2.8509,0.0000,0.0000,2.0,0.0
1923,0,399.9279,2.8509,0.0000,0.0000,2.0,0.0
1924,0,400.1279,2.8509,0.0000,0.0000,2.0,0.0
1925,0,400.3279,2.8509,0.0000,0.0000,2.0,0.0
1926,0,400.5279,2.8509,-0.2731,-1.0268,2.0,0.0
1927,0,400.6733,2.6455,-0.5155,-1.9109,2.0,0.0
1928,0,400.8248,2.4687,-0.4848,-1.7683,2.0,0.0
1929,0,400.9764,2.2918,-1.7236,-0.6060,2.0,0.0
1930,0,400.8801,2.3475,-1.6297,-0.3226,2.0,0.0
1931,0,401.0504,2.2273,-0.0238,-0.1747,2.0,0.0
1932,0,401.2753,2.3125,0.2186,0.7095,2.0,0.0
1933,0,401.4941,2.3692,0.1880,0.5669,2.0,0.0
1934,0,401.7129,2.4259,1.4268,-0.5955,2.0,0.0
1935,0,402.1795,2.2501,1.3328,-0.8789,2.0,0.0
1936,0,402.3795,2.2501,1.3538,0.3965,2.0,0.0
1937,0,402.8503,2.3294,2.0000,0.6825,2.0,0.0
1938,0,403.3101,2.3866,2.0000,0.5813,2.0,0.0
1939,0,403.8394,2.4457,2.0000,0.5905,2.0,0.0
1940,0,404.3688,2.5047,2.0000,0.5905,2.0,0.0
1941,0,404.8981,2.5638,2.0000,0.4955,2.0,0.0
1942,0,405.2145,2.6038,1.2185,0.5109,2.0,0.0
1943,0,405.5418,2.6660,1.2582,0.6312,2.0,0.0
1944,0,405.8662,2.7301,1.2433,0.6410,2.0,0.0
1945,0,406.1905,2.7942,1.2433,0.6410,2.0,0.0
1946,0,406.5148,2.8583,0.9544,0.3395,2.0,0.0
1947,0,406.7814,2.8621,0.6654,0.0380,2.0,0.0
1948,0,407.0479,2.8659,0.3327,0.0190,2.0,0.0
1949,0,407.2479,2.8659,0.0000,0.0000,2.0,0.0
1950,0,407.4479,2.8659,0.0000,0.0000,2.0,0.0
1951,0,407.6479,2.8659,0.0000,0.0000,2.0,0.0
1952,0,407.8479,2.8659,0.0000,0.0000,2.0,0.0
1953,0,408.0479,2.8659,0.0000,0.0000,2.0,0.0
1954,0,408.2479,2.8659,0.0000,0.0000,2.0,0.0
1955,0,408.4479,2.8659,0.0000,0.0000,2.0,0.0
1956,0,408.6479,2.8659,0.0000,0.0000,2.0,0.0
1957,0,408.8479,2.8659,0.0000,0.0000,2.0,0.0
1958,0,409.0479,2.8659,0.0000,0.0000,2.0,0.0
1959,0,409.2479,2.8659,0.0000,0.0000,2.0,0.0
1960,0,409.4479,2.8659,0.0000,0.0000,2.0,0.0
1961,0,409.6479,2.8659,0.0000,0.0000,2.0,0.0
1962,0,409.8479,2.8659,0.0000,0.0000,2.0,0.0
1963,0,410.0479,2.8659,0.0000,0.0000,2.0,0.0
1964,0,410.2479,2.8659,0.0000,0.0000,2.0,0.0
1965,0,410.4479,2.8659,0.0000,0.0000,2.0,0.0
1966,0,410.6479,2.8659,0.0000,0.0000,2.0,0.0
1967,0,410.8479,2.8659,0.0000,0.0000,2.0,0.0
1968,0,411.0479,2.8659,0.0000,0.0000,2.0,0.0
1969,0,411.2479,2.8659,0.0000,0.0000,2.0,0.0
1970,0,411.4479,2.8659,0.0000,0.0000,2.0,0.0
1971,0,411.6479,2.8659,0.0000,0.0000,2.0,0.0
1972,0,411.8479,2.8659,0.0000,0.0000,2.0,0.0
1973,0,412.0479,2.8659,0.0000,0.0000,2.0,0.0
1974,0,412.2479,2.8659,0.0000,0.0000,2.0,0.0
1975,0,412.4479,2.8659,0.0000,0.0000,2.0,0.0
1976,0,412.6479,2.8659,0.0000,0.0000,2.0,0.0
1977,0,412.8479,2.8659,0.0000,0.0000,2.0,0.0
1978,0,413.0479,2.8659,0.0000,0.0000,2.0,0.0
1979,0,413.2479,2.8659,0.0000,0.0000,2.0,0.0
1980,0,413.4479,2.8659,0.0000,0.0000,2.0,0.0
1981,0,413.6479,2.8659,0.0000,0.0000,2.0,0.0
1982,0,413.8479,2.8659,0.0000,0.0000,2.0,0.0
1983,0,414.0479,2.8659,-0.4180,1.0621,2.0,0.0
1984,0,414.1643,3.0783,-0.8360,2.0000,2.0,0.0
1985,0,414.2807,3.2907,-0.8360,2.0000,2.0,0.0
1986,0,414.3971,3.5032,-0.8360,2.0000,2.0,0.0
1987,0,414.5135,3.7156,-0.8360,2.0000,2.0,0.0
1988,0,414.6299,3.9280,-0.4180,1.0621,2.0,0.0
1989,0,414.8299,3.9280,0.0000,0.0000,2.0,0.0
1990,0,415.0299,3.9280,0.0000,0.0000,2.0,0.0
1991,0,415.2299,3.9280,0.0000,0.0000,2.0,0.0
1992,0,415.4299,3.9280,0.0000,0.0000,2.0,0.0
1993,0,415.6299,3.9280,0.0000,0.0000,2.0,0.0
1994,0,415.8299,3.9280,0.0000,0.0000,2.0,0.0
1995,0,416.0299,3.9280,0.0000,0.0000,2.0,0.0
1996,0,416.2299,3.9280,0.0000,0.0000,2.0,0.0
1997,0,416.4299,3.9280,0.0000,0.0000,2.0,0.0
1998,0,416.6299,3.9280,0.0000,0.0000,2.0,0.0
1999,0,416.8299,3.9280,0.0000,0.0000,2.0,0.0
2000,0,417.0299,3.9280,0.0000,0.0000,2.0,0.0
2001,0,417.2299,3.9280,0.0000,0.0000,2.0,0.0
2002,0,417.4299,3.9280,0.0000,0.0000,2.0,0.0
2003,0,417.6299,3.9280,0.0000,0.0000,2.0,0.0
2004,0,417.8299,3.9280,0.0000,0.0000,2.0,0.0
2005,0,418.0299,3.9280,0.0000,0.0000,2.0,0.0
2006,0,418.2299,3.9280,0.0000,0.0000,2.0,0.0
2007,0,418.4299,3.9280,0.0000,0.0000,2.0,0.0
2008,0,418.6299,3.9280,0.0000,0.0000,2.0,0.0
2009,0,418.8299,3.9280,0.0000,0.0000,2.0,0.0
2010,0,419.0299,3.9280,0.0000,0.0000,2.0,0.0
2011,0,419.2299,3.9280,0.0000,0.0000,2.0,0.0
2012,0,419.4299,3.9280,0.0000,0.0000,2.0,0.0
2013,0,419.6299,3.9280,0.0000,0.0000,2.0,0.0
2014,0,419.8299,3.9280,0.0000,0.0000,2.0,0.0
2015,0,420.0299,3.9280,0.0000,0.0000,2.0,0.0
2016,0,420.2299,3.9280,0.0000,0.0000,2.0,0.0
2017,0,420.4299,3.9280,0.0000,0.0000,2.0,0.0
2018,0,420.6299,3.9280,0.0000,0.0000,2.0,0.0
2019,0,420.8299,3.9280,0.0000,0.0000,2.0,0.0
2020,0,421.0299,3.9280,0.0000,0.0000,2.0,0.0
2021,0,421.2299,3.9280,0.0000,0.0000,2.0,0.0
2022,0,421.4299,3.9280,0.0000,0.0000,2.0,0.0
2023,0,421.6299,3.9280,0.0000,0.0000,2.0,0.0
2024,0,421.8299,3.9280,0.0000,0.0000,2.0,0.0
2025,0,422.0299,3.9280,0.0000,0.0000,2.0,0.0
2026,0,422.2299,3.9280,0.0000,0.0000,2.0,0.0
2027,0,422.4299,3.9280,0.0000,0.0000,2.0,0.0
2028,0,422.6299,3.9280,0.0000,0.0000,2.0,0.0
2029,0,422.8299,3.9280,0.0000,0.0000,2.0,0.0
2030,0,423.0299,3.9280,0.0000,0.0000,2.0,0.0
2031,0,423.2299,3.9280,0.0000,0.0000,2.0,0.0
2032,0,423.4299,3.9280,0.0000,0.0000,2.0,0.0
2033,0,423.6299,3.9280,0.0000,0.0000,2.0,0.0
2034,0,423.8299,3.9280,0.0000,0.0000,2.0,0.0
2035,0,424.0299,3.9280,0.0000,0.0000,2.0,0.0
2036,0,424.2299,3.9280,0.0000,0.0000,2.0,0.0
2037,0,424.4299,3.9280,0.0000,0.0000,2.0,0.0
2038,0,424.6299,3.9280,0.0000,0.0000,2.0,0.0
2039,0,424.8299,3.9280,0.0000,0.0000,2.0,0.0
2040,0,425.0299,3.9280,0.0000,0.0000,2.0,0.0
2041,0,425.2299,3.9280,0.0000,0.0000,2.0,0.0
2042,0,425.4299,3.9280,0.0000,0.0000,2.0,0.0
2043,0,425.6299,3.9280,0.0000,0.0000,2.0,0.0
2044,0,425.8299,3.9280,0.0000,0.0000,2.0,0.0
2045,0,426.0299,3.9280,0.0000,0.0000,2.0,0.0
2046,0,426.2299,3.9280,0.0000,0.0000,2.0,0.0
2047,0,426.4299,3.9280,0.0000,0.0000,2.0,0.0
2048,0,426.6299,3.9280,0.0000,0.0000,2.0,0.0
2049,0,426.8299,3.9280,0.0000,0.0000,2.0,0.0
2050,0,427.0299,3.9280,0.0000,0.0000,2.0,0.0
2051,0,427.2299,3.9280,0.0000,0.0000,2.0,0.0
2052,0,427.4299,3.9280,0.0000,0.0000,2.0,0.0
2053,0,427.6299,3.9280,0.0000,0.0000,2.0,0.0
2054,0,427.8299,3.9280,0.0000,0.0000,2.0,0.0
2055,0,428.0299,3.9280,0.0000,0.0000,2.0,0.0
2056,0,428.2299,3.9280,0.0000,0.0000,2.0,0.0
2057,0,428.4299,3.9280,0.0000,0.0000,2.0,0.0
2058,0,428.6299,3.9280,0.0000,0.0000,2.0,0.0
2059,0,428.8299,3.9280,0.0000,0.0000,2.0,0.0
2060,0,429.0299,3.9280,0.0000,0.0000,2.0,0.0
2061,0,429.2299,3.9280,0.0000,0.0000,2.0,0.0
2062,0,429.4299,3.9280,0.0000,0.0000,2.0,0.0
2063,0,429.6299,3.9280,0.0000,0.0000,2.0,0.0
2064,0,429.8299,3.9280,0.0000,0.0000,2.0,0.0
2065,0,430.0299,3.9280,0.0000,0.0000,2.0,0.0
2066,0,430.2299,3.9280,0.0000,0.0000,2.0,0.0
2067,0,430.4299,3.9280,0.0000,0.0000,2.0,0.0
2068,0,430.6299,3.9280,0.0000,0.0000,2.0,0.0
2069,0,430.8299,3.9280,0.0000,0.0000,2.0,0.0
2070,0,431.0299,3.9280,0.0000,0.0000,2.0,0.0
2071,0,431.2299,3.9280,0.0000,0.0000,2.0,0.0
2072,0,431.4299,3.9280,0.0000,0.0000,2.0,0.0
2073,0,431.6299,3.9280,0.0000,0.0000,2.0,0.0
2074,0,431.8299,3.9280,0.0000,0.0000,2.0,0.0
2075,0,432.0299,3.9280,0.0000,0.0000,2.0,0.0
2076,0,432.2299,3.9280,0.0000,0.0000,2.0,0.0
2077,0,432.4299,3.9280,0.0000,0.0000,2.0,0.0
2078,0,432.6299,3.9280,0.0000,0.0000,2.0,0.0
2079,0,432.8299,3.9280,0.0000,0.0000,2.0,0.0
2080,0,433.0299,3.9280,0.0000,0.0000,2.0,0.0
2081,0,433.2299,3.9280,0.0000,0.0000,2.0,0.0
2082,0,433.4299,3.9280,0.0000,0.0000,2.0,0.0
2083,0,433.6299,3.9280,0.0000,0.0000,2.0,0.0
2084,0,433.8299,3.9280,0.0000,0.0000,2.0,0.0
2085,0,434.0299,3.9280,0.0000,0.0000,2.0,0.0
2086,0,434.2299,3.9280,0.0000,0.0000,2.0,0.0
2087,0,434.4299,3.9280,0.0000,0.0000,2.0,0.0
2088,0,434.6299,3.9280,0.0000,0.0000,2.0,0.0
2089,0,434.8299,3.9280,0.0000,0.0000,2.0,0.0
2090,0,435.0299,3.9280,0.0000,0.0000,2.0,0.0
2091,0,435.2299,3.9280,0.0000,0.0000,2.0,0.0
2092,0,435.4299,3.9280,0.0000,0.0000,2.0,0.0
2093,0,435.6299,3.9280,0.0000,0.0000,2.0,0.0
2094,0,435.8299,3.9280,0.0000,0.0000,2.0,0.0
2095,0,436.0299,3.9280,0.0000,0.0000,2.0,0.0
2096,0,436.2299,3.9280,0.0000,0.0000,2.0,0.0
2097,0,436.4299,3.9280,0.0000,0.0000,2.0,0.0
2098,0,436.6299,3.9280,0.0000,0.0000,2.0,0.0
2099,0,436.8299,3.9280,0.0000,0.0000,2.0,0.0
2100,0,437.0299,3.9280,0.0000,0.0000,2.0,0.0
2101,0,437.2299,3.9280,0.0000,0.0000,2.0,0.0
2102,0,437.4299,3.9280,0.0000,0.0000,2.0,0.0
2103,0,437.6299,3.9280,0.0000,0.0000,2.0,0.0
2104,0,437.8299,3.9280,0.0000,0.0000,2.0,0.0
2105,0,438.0299,3.9280,0.0000,0.0000,2.0,0.0
2106,0,438.2299,3.9280,0.0000,0.0000,2.0,0.0
2107,0,438.4299,3.9280,0.0000,0.0000,2.0,0.0
2108,0,438.6299,3.9280,0.0000,0.0000,2.0,0.0
2109,0,438.8299,3.9280,0.0000,0.0000,2.0,0.0
2110,0,439.0299,3.9280,0.0000,0.0000,2.0,0.0
2111,0,439.2299,3.9280,0.0000,0.0000,2.0,0.0
2112,0,439.4299,3.9280,0.0000,0.0000,2.0,0.0
2113,0,439.6299,3.9280,0.0000,0.0000,2.0,0.0
2114,0,439.8299,3.9280,0.0000,0.0000,2.0,0.0
2115,0,440.0299,3.9280,0.0000,0.0000,2.0,0.0
2116,0,440.2299,3.9280,0.0000,0.0000,2.0,0.0
2117,0,440.4299,3.9280,0.0000,0.0000,2.0,0.0
2118,0,440.6299,3.9280,0.0000,0.0000,2.0,0.0
2119,0,440.8299,3.9280,0.0000,0.0000,2.0,0.0
2120,0,441.0299,3.9280,0.0000,0.0000,2.0,0.0
2121,0,441.2299,3.9280,0.0000,0.0000,2.0,0.0
2122,0,441.4299,3.9280,0.0000,0.0000,2.0,0.0
2123,0,441.6299,3.9280,0.0000,0.0000,2.0,0.0
2124,0,441.8299,3.9280,0.0000,0.0000,2.0,0.0
2125,0,442.0299,3.9280,0.0000,0.0000,2.0,0.0
2126,0,442.2299,3.9280,0.0000,0.0000,2.0,0.0
2127,0,442.4299,3.9280,0.0000,0.0000,2.0,0.0
2128,0,442.6299,3.9280,0.0000,0.0000,2.0,0.0
2129,0,442.8299,3.9280,0.0000,0.0000,2.0,0.0
2130,0,443.0299,3.9280,0.0000,0.0000,2.0,0.0
2131,0,443.2299,3.9280,0.0000,0.0000,2.0,0.0
2132,0,443.4299,3.9280,0.0000,0.0000,2.0,0.0
2133,0,443.6299,3.9280,0.0000,0.0000,2.0,0.0
2134,0,443.8299,3.9280,0.0000,0.0000,2.0,0.0
2135,0,444.0299,3.9280,0.0000,0.0000,2.0,0.0
2136,0,444.2299,3.9280,0.0000,0.0000,2.0,0.0
2137,0,444.4299,3.9280,0.0000,0.0000,2.0,0.0
2138,0,444.6299,3.9280,0.0000,0.0000,2.0,0.0
2139,0,444.8299,3.9280,0.0000,0.0000,2.0,0.0
2140,0,445.0299,3.9280,0.0000,0.0000,2.0,0.0
2141,0,445.2299,3.9280,0.0000,0.0000,2.0,0.0
2142,0,445.4299,3.9280,0.0000,0.0000,2.0,0.0
2143,0,445.6299,3.9280,0.0000,0.0000,2.0,0.0
2144,0,445.8299,3.9280,0.0000,0.0000,2.0,0.0
2145,0,446.0299,3.9280,0.0000,0.0000,2.0,0.0
2146,0,446.2299,3.9280,0.0000,0.0000,2.0,0.0
2147,0,446.4299,3.9280,0.0000,0.0000,2.0,0.0
2148,0,446.6299,3.9280,0.0000,0.0000,2.0,0.0
2149,0,446.8299,3.9280,0.0000,0.0000,2.0,0.0
2150,0,447.0299,3.9280,0.0000,0.0000,2.0,0.0
2151,0,447.2299,3.9280,0.0000,0.0000,2.0,0.0
2152,0,447.4299,3.9280,0.0000,0.0000,2.0,0.0
2153,0,447.6299,3.9280,0.0000,0.0000,2.0,0.0
2154,0,447.8299,3.9280,0.0000,0.0000,2.0,0.0
2155,0,448.0299,3.9280,0.0000,0.0000,2.0,0.0
2156,0,448.2299,3.9280,0.0000,0.0000,2.0,0.0
2157,0,448.4299,3.9280,0.0000,0.0000,2.0,0.0
2158,0,448.6299,3.9280,0.0000,0.0000,2.0,0.0
2159,0,448.8299,3.9280,0.0000,0.0000,2.0,0.0
2160,0,449.0299,3.9280,0.0000,0.0000,2.0,0.0
2161,0,449.2299,3.9280,0.0000,0.0000,2.0,0.0
2162,0,449.4299,3.9280,0.0000,0.0000,2.0,0.0
2163,0,449.6299,3.9280,0.0000,0.0000,2.0,0.0
2164,0,449.8299,3.9280,0.0000,0.0000,2.0,0.0
2165,0,450.0299,3.9280,0.0000,0.0000,2.0,0.0
2166,0,450.2299,3.9280,0.0000,0.0000,2.0,0.0
2167,0,450.4299,3.9280,0.0000,0.0000,2.0,0.0
2168,0,450.6299,3.9280,0.0000,0.0000,2.0,0.0
2169,0,450.8299,3.9280,0.0000,0.0000,2.0,0.0
2170,0,451.0299,3.9280,0.0000,0.0000,2.0,0.0
2171,0,451.2299,3.9280,0.0000,0.0000,2.0,0.0
2172,0,451.4299,3.9280,0.0000,0.0000,2.0,0.0
2173,0,451.6299,3.9280,0.0000,0.0000,2.0,0.0
2174,0,451.8299,3.9280,0.0000,0.0000,2.0,0.0
2175,0,452.0299,3.9280,0.0000,0.0000,2.0,0.0
2176,0,452.2299,3.9280,0.0000,0.0000,2.0,0.0
2177,0,452.4299,3.9280,0.0000,0.0000,2.0,0.0
2178,0,452.6299,3.9280,0.0000,0.0000,2.0,0.0
2179,0,452.8299,3.9280,0.0000,0.0000,2.0,0.0
2180,0,453.0299,3.9280,0.0000,0.0000,2.0,0.0
2181,0,453.2299,3.9280,0.0000,0.0000,2.0,0.0
2182,0,453.4299,3.9280,0.0000,0.0000,2.0,0.0
2183,0,453.6299,3.9280,0.0000,0.0000,2.0,0.0
2184,0,453.8299,3.9280,0.0000,0.0000,2.0,0.0
2185,0,454.0299,3.9280,0.0000,0.0000,2.0,0.0
2186,0,454.2299,3.9280,0.0000,0.0000,2.0,0.0
2187,0,454.4299,3.9280,0.0000,0.0000,2.0,0.0
2188,0,454.6299,3.9280,0.0000,0.0000,2.0,0.0
2189,0,454.8299,3.9280,0.0000,0.0000,2.0,0.0
2190,0,455.0299,3.9280,0.0000,0.0000,2.0,0.0
2191,0,455.2299,3.9280,0.0000,0.0000,2.0,0.0
2192,0,455.4299,3.9280,0.0000,0.0000,2.0,0.0
2193,0,455.6299,3.9280,0.0000,0.0000,2.0,0.0
2194,0,455.8299,3.9280,0.0000,0.0000,2.0,0.0
2195,0,456.0299,3.9280,0.0000,0.0000,2.0,0.0
2196,0,456.2299,3.9280,0.0000,0.0000,2.0,0.0
2197,0,456.4299,3.9280,0.0000,0.0000,2.0,0.0
2198,0,456.6299,3.9280,0.0000,0.0000,2.0,0.0
2199,0,456.8299,3.9280,0.0000,0.0000,2.0,0.0
2200,0,457.0299,3.9280,0.0000,0.0000,2.0,0.0
2201,0,457.2299,3.9280,0.0000,0.0000,2.0,0.0
2202,0,457.4299,3.9280,0.0000,0.0000,2.0,0.0
2203,0,457.6299,3.9280,0.0000,0.0000,2.0,0.0
2204,0,457.8299,3.9280,0.0000,0.0000,2.0,0.0
2205,0,458.0299,3.9280,0.0000,0.0000,2.0,0.0
2206,0,458.2299,3.9280,0.0000,0.0000,2.0,0.0
2207,0,458.4299,3.9280,0.0000,0.0000,2.0,0.0
2208,0,458.6299,3.9280,0.0000,0.0000,2.0,0.0
2209,0,458.8299,3.9280,0.0000,0.0000,2.0,0.0
2210,0,459.0299,3.9280,0.0000,0.0000,2.0,0.0
2211,0,459.2299,3.9280,0.0000,0.0000,2.0,0.0
2212,0,459.4299,3.9280,0.0000,0.0000,2.0,0.0
2213,0,459.6299,3.9280,0.0000,0.0000,2.0,0.0
2214,0,459.8299,3.9280,0.0000,0.0000,2.0,0.0
2215,0,460.0299,3.9280,0.0000,0.0000,2.0,0.0
2216,0,460.2299,3.9280,0.0000,0.0000,2.0,0.0
2217,0,460.4299,3.9280,0.0000,0.0000,2.0,0.0
2218,0,460.6299,3.9280,0.0000,0.0000,2.0,0.0
2219,0,460.8299,3.9280,0.0000,0.0000,2.0,0.0
2220,0,461.0299,3.9280,0.0000,0.0000,2.0,0.0
2221,0,461.2299,3.9280,0.0000,0.0000,2.0,0.0
2222,0,461.4299,3.9280,0.0000,0.0000,2.0,0.0
2223,0,461.6299,3.9280,0.0000,0.0000,2.0,0.0
2224,0,461.8299,3.9280,0.0000,0.0000,2.0,0.0
2225,0,462.0299,3.9280,0.0000,0.0000,2.0,0.0
2226,0,462.2299,3.9280,0.0000,0.0000,2.0,0.0
2227,0,462.4299,3.9280,0.0000,0.0000,2.0,0.0
2228,0,462.6299,3.9280,0.0000,0.0000,2.0,0.0
2229,0,462.8299,3.9280,0.0000,0.0000,2.0,0.0
2230,0,463.0299,3.9280,0.0000,0.0000,2.0,0.0
2231,0,463.2299,3.9280,0.0000,0.0000,2.0,0.0
2232,0,463.4299,3.9280,0.0000,0.0000,2.0,0.0
2233,0,463.6299,3.9280,0.0000,0.0000,2.0,0.0
2234,0,463.8299,3.9280,0.0000,0.0000,2.0,0.0
2235,0,464.0299,3.9280,0.0000,0.0000,2.0,0.0
2236,0,464.2299,3.9280,0.0000,0.0000,2.0,0.0
2237,0,464.4299,3.9280,0.0000,0.0000,2.0,0.0
2238,0,464.6299,3.9280,0.0000,0.0000,2.0,0.0
2239,0,464.8299,3.9280,0.0000,0.0000,2.0,0.0
2240,0,465.0299,3.9280,0.0000,0.0000,2.0,0.0
2241,0,465.2299,3.9280,0.0000,0.0000,2.0,0.0
2242,0,465.4299,3.9280,0.0000,0.0000,2.0,0.0
2243,0,465.6299,3.9280,0.0000,0.0000,2.0,0.0
2244,0,465.8299,3.9280,0.0000,0.0000,2.0,0.0
2245,0,466.0299,3.9280,0.0000,0.0000,2.0,0.0
2246,0,466.2299,3.9280,0.0000,0.0000,2.0,0.0
2247,0,466.4299,3.9280,0.0000,0.0000,2.0,0.0
2248,0,466.6299,3.9280,0.0000,0.0000,2.0,0.0
2249,0,466.8299,3.9280,0.0000,0.0000,2.0,0.0
2250,0,467.0299,3.9280,0.0000,0.0000,2.0,0.0
2251,0,467.2299,3.9280,0.0000,0.0000,2.0,0.0
2252,0,467.4299,3.9280,0.0000,0.0000,2.0,0.0
2253,0,467.6299,3.9280,0.0000,0.0000,2.0,0.0
2254,0,467.8299,3.9280,0.0000,0.0000,2.0,0.0
2255,0,468.0299,3.9280,0.0000,0.0000,2.0,0.0
2256,0,468.2299,3.9280,0.0000,0.0000,2.0,0.0
2257,0,468.4299,3.9280,0.0000,0.0000,2.0,0.0
2258,0,468.6299,3.9280,0.0000,0.0000,2.0,0.0
2259,0,468.8299,3.9280,0.0000,0.0000,2.0,0.0
2260,0,469.0299,3.9280,0.0000,0.0000,2.0,0.0
2261,0,469.2299,3.9280,0.0000,0.0000,2.0,0.0
2262,0,469.4299,3.9280,0.0000,0.0000,2.0,0.0
2263,0,469.6299,3.9280,0.0000,0.0000,2.0,0.0
2264,0,469.8299,3.9280,0.0000,0.0000,2.0,0.0
2265,0,470.0299,3.9280,0.0000,0.0000,2.0,0.0
2266,0,470.2299,3.9280,0.0000,0.0000,2.0,0.0
2267,0,470.4299,3.9280,0.0000,0.0000,2.0,0.0
2268,0,470.6299,3.9280,0.0000,0.0000,2.0,0.0
2269,0,470.8299,3.9280,0.0000,0.0000,2.0,0.0
2270,0,471.0299,3.9280,0.0000,0.0000,2.0,0.0
2271,0,471.2299,3.9280,0.0000,0.0000,2.0,0.0
2272,0,471.4299,3.9280,0.0000,0.0000,2.0,0.0
2273,0,471.6299,3.9280,0.0000,0.0000,2.0,0.0
2274,0,471.8299,3.9280,0.0000,0.0000,2.0,0.0
2275,0,472.0299,3.9280,0.0000,0.0000,2.0,0.0
2276,0,472.2299,3.9280,0.0000,0.0000,2.0,0.0
2277,0,472.4299,3.9280,0.0000,0.0000,2.0,0.0
2278,0,472.6299,3.9280,0.0000,0.0000,2.0,0.0
2279,0,472.8299,3.9280,0.0000,0.0000,2.0,0.0
2280,0,473.0299,3.9280,0.0000,0.0000,2.0,0.0
2281,0,473.2299,3.9280,0.0000,0.0000,2.0,0.0
2282,0,473.4299,3.9280,0.0000,0.0000,2.0,0.0
2283,0,473.6299,3.9280,0.0000,0.0000,2.0,0.0
2284,0,473.8299,3.9280,0.0000,0.0000,2.0,0.0
2285,0,474.0299,3.9280,0.0000,0.0000,2.0,0.0
2286,0,474.2299,3.9280,0.0000,0.0000,2.0,0.0
2287,0,474.4299,3.9280,0.0000,0.0000,2.0,0.0
2288,0,474.6299,3.9280,0.0000,0.0000,2.0,0.0
2289,0,474.8299,3.9280,0.0000,0.0000,2.0,0.0
2290,0,475.0299,3.9280,0.0000,0.0000,2.0,0.0
2291,0,475.2299,3.9280,0.0000,0.0000,2.0,0.0
2292,0,475.4299,3.9280,0.0000,0.0000,2.0,0.0
2293,0,475.6299,3.9280,0.0000,0.0000,2.0,0.0
2294,0,475.8299,3.9280,0.0000,0.0000,2.0,0.0
2295,0,476.0299,3.9280,0.0000,0.0000,2.0,0.0
2296,0,476.2299,3.9280,0.0000,0.0000,2.0,0.0
2297,0,476.4299,3.9280,0.0000,0.0000,2.0,0.0
2298,0,476.6299,3.9280,0.0000,0.0000,2.0,0.0
2299,0,476.8299,3.9280,0.0000,0.0000,2.0,0.0
2300,0,477.0299,3.9280,0.0000,0.0000,2.0,0.0
2301,0,477.2299,3.9280,0.0000,0.0000,2.0,0.0
2302,0,477.4299,3.9280,0.0000,0.0000,2.0,0.0
2303,0,477.6299,3.9280,0.0000,0.0000,2.0,0.0
2304,0,477.8299,3.9280,0.0000,0.0000,2.0,0.0
2305,0,478.0299,3.9280,0.0000,0.0000,2.0,0.0
2306,0,478.2299,3.9280,0.0000,0.0000,2.0,0.0
2307,0,478.4299,3.9280,0.0000,0.0000,2.0,0.0
2308,0,478.6299,3.9280,0.0000,0.0000,2.0,0.0
2309,0,478.8299,3.9280,0.0000,0.0000,2.0,0.0
2310,0,479.0299,3.9280,0.0000,0.0000,2.0,0.0
2311,0,479.2299,3.9280,0.0000,0.0000,2.0,0.0
2312,0,479.4299,3.9280,0.0000,0.0000,2.0,0.0
2313,0,479.6299,3.9280,0.0000,0.0000,2.0,0.0
2314,0,479.8299,3.9280,0.0000,0.0000,2.0,0.0
2315,0,480.0299,3.9280,0.0000,0.0000,2.0,0.0
2316,0,480.2299,3.9280,0.0000,0.0000,2.0,0.0
2317,0,480.4299,3.9280,0.0000,0.0000,2.0,0.0
2318,0,480.6299,3.9280,0.0000,0.0000,2.0,0.0
2319,0,480.8299,3.9280,0.0000,0.0000,2.0,0.0
2320,0,481.0299,3.9280,0.0000,0.0000,2.0,0.0
2321,0,481.2299,3.9280,0.0000,0.0000,2.0,0.0
2322,0,481.4299,3.9280,0.0000,0.0000,2.0,0.0
2323,0,481.6299,3.9280,0.0000,0.0000,2.0,0.0
2324,0,481.8299,3.9280,0.0000,0.0000,2.0,0.0
2325,0,482.0299,3.9280,0.0000,0.0000,2.0,0.0
2326,0,482.2299,3.9280,0.0000,0.0000,2.0,0.0
2327,0,482.4299,3.9280,0.0000,0.0000,2.0,0.0
2328,0,482.6299,3.9280,0.0000,0.0000,2.0,0.0
2329,0,482.8299,3.9280,0.0000,0.0000,2.0,0.0
2330,0,483.0299,3.9280,0.0000,0.0000,2.0,0.0
2331,0,483.2299,3.9280,0.0000,0.0000,2.0,0.0
2332,0,483.4299,3.9280,0.0000,0.0000,2.0,0.0
2333,0,483.6299,3.9280,0.0000,0.0000,2.0,0.0
2334,0,483.8299,3.9280,0.0000,0.0000,2.0,0.0
2335,0,484.0299,3.9280,0.0000,0.0000,2.0,0.0
2336,0,484.2299,3.9280,0.0000,0.0000,2.0,0.0
2337,0,484.4299,3.9280,0.0000,0.0000,2.0,0.0
2338,0,484.6299,3.9280,0.0000,0.0000,2.0,0.0
2339,0,484.8299,3.9280,0.0000,0.0000,2.0,0.0
2340,0,485.0299,3.9280,0.0000,0.0000,2.0,0.0
2341,0,485.2299,3.9280,0.0000,0.0000,2.0,0.0
2342,0,485.4299,3.9280,0.0000,0.0000,2.0,0.0
2343,0,485.6299,3.9280,0.0000,0.0000,2.0,0.0
2344,0,485.8299,3.9280,0.0000,0.0000,2.0,0.0
2345,0,486.0299,3.9280,0.0000,0.0000,2.0,0.0
2346,0,486.2299,3.9280,0.0000,0.0000,2.0,0.0
2347,0,486.4299,3.9280,0.0000,0.0000,2.0,0.0
2348,0,486.6299,3.9280,0.0000,0.0000,2.0,0.0
2349,0,486.8299,3.9280,0.0000,0.0000,2.0,0.0
2350,0,487.0299,3.9280,0.0000,0.0000,2.0,0.0
2351,0,487.2299,3.9280,0.0000,0.0000,2.0,0.0
2352,0,487.4299,3.9280,0.0000,0.0000,2.0,0.0
2353,0,487.6299,3.9280,0.0000,0.0000,2.0,0.0
2354,0,487.8299,3.9280,0.0000,0.0000,2.0,0.0
2355,0,488.0299,3.9280,0.0000,0.0000,2.0,0.0
2356,0,488.2299,3.9280,0.0000,0.0000,2.0,0.0
2357,0,488.4299,3.9280,0.0000,0.0000,2.0,0.0
2358,0,488.6299,3.9280,0.0000,0.0000,2.0,0.0
2359,0,488.8299,3.9280,0.0000,0.0000,2.0,0.0
2360,0,489.0299,3.9280,0.0000,0.0000,2.0,0.0
2361,0,489.2299,3.9280,0.0000,0.0000,2.0,0.0
2362,0,489.4299,3.9280,0.0000,0.0000,2.0,0.0
2363,0,489.6299,3.9280,0.0000,0.0000,2.0,0.0
2364,0,489.8299,3.9280,0.0000,0.0000,2.0,0.0
2365,0,490.0299,3.9280,0.0000,0.0000,2.0,0.0
2366,0,490.2299,3.9280,0.0000,0.0000,2.0,0.0
2367,0,490.4299,3.9280,0.0000,0.0000,2.0,0.0
2368,0,490.6299,3.9280,0.0000,0.0000,2.0,0.0
2369,0,490.8299,3.9280,0.0000,0.0000,2.0,0.0
2370,0,491.0299,3.9280,0.0000,0.0000,2.0,0.0
2371,0,491.2299,3.9280,0.0000,0.0000,2.0,0.0
2372,0,491.4299,3.9280,0.0000,0.0000,2.0,0.0
2373,0,491.6299,3.9280,0.0000,0.0000,2.0,0.0
2374,0,491.8299,3.9280,-1.3401,-1.2570,2.0,0.0
2375,0,491.7619,3.6766,-2.0000,-2.0000,2.0,0.0
2376,0,491.6939,3.4252,-2.0000,-2.0000,2.0,0.0
2377,0,491.6258,3.1738,-2.0000,-2.0000,2.0,0.0
2378,0,491.5578,2.9224,-2.0000,-2.0000,2.0,0.0
2379,0,491.4898,2.6710,-1.3401,-1.2570,2.0,0.0
2380,0,491.6898,2.6710,0.0000,0.0000,2.0,0.0
2381,0,491.8898,2.6710,0.0000,0.0000,2.0,0.0
2382,0,492.0898,2.6710,0.0000,0.0000,2.0,0.0
2383,0,492.2898,2.6710,0.0000,0.0000,2.0,0.0
2384,0,492.4898,2.6710,0.0000,0.0000,2.0,0.0
2385,0,492.6898,2.6710,0.0000,0.0000,2.0,0.0
2386,0,492.8898,2.6710,0.0000,0.0000,2.0,0.0
2387,0,493.0898,2.6710,0.0000,0.0000,2.0,0.0
2388,0,493.2898,2.6710,0.0000,0.0000,2.0,0.0
2389,0,493.4898,2.6710,0.0000,0.0000,2.0,0.0
2390,0,493.6898,2.6710,0.0000,0.0000,2.0,0.0
2391,0,493.8898,2.6710,0.0000,0.0000,2.0,0.0
2392,0,494.0898,2.6710,0.0000,0.0000,2.0,0.0
2393,0,494.2898,2.6710,0.0000,0.0000,2.0,0.0
2394,0,494.4898,2.6710,0.0000,0.0000,2.0,0.0
2395,0,494.6898,2.6710,0.0000,0.0000,2.0,0.0
2396,0,494.8898,2.6710,0.0000,0.0000,2.0,0.0
2397,0,495.0898,2.6710,0.0000,0.0000,2.0,0.0
2398,0,495.2898,2.6710,0.0000,0.0000,2.0,0.0
2399,0,495.4898,2.6710,0.0000,0.0000,2.0,0.0
2400,0,495.6898,2.6710,0.6106,-0.4252,2.0,0.0
2401,0,496.0119,2.5860,1.2211,-0.8505,2.0,0.0
2402,0,496.3340,2.5009,1.2211,-0.8505,2.0,0.0
2403,0,496.6561,2.4159,1.2211,-0.8505,2.0,0.0
2404,0,496.9782,2.3308,1.2211,-0.8505,2.0,0.0
2405,0,497.3003,2.2458,0.6106,-0.4252,2.0,0.0
2406,0,497.5003,2.2458,0.0000,0.0000,2.0,0.0
2407,0,497.7003,2.2458,-1.7240,-0.0368,2.0,0.0
2408,0,497.5555,2.2384,-2.0000,-0.0736,2.0,0.0
2409,0,497.4107,2.2311,-2.0000,-0.0736,2.0,0.0
2410,0,497.2659,2.2237,-2.0000,-0.0736,2.0,0.0
2411,0,497.1211,2.2163,-2.0000,0.0946,2.0,0.0
2412,0,496.8806,2.2426,-2.0000,0.2997,2.0,0.0
2413,0,496.9849,2.2763,-0.9570,0.3365,2.0,0.0
2414,0,497.0892,2.3099,-2.0000,1.4391,2.0,0.0
2415,0,496.8974,2.5641,-2.0000,2.0000,2.0,0.0
2416,0,496.6253,2.7825,-2.0000,2.0000,2.0,0.0
2417,0,496.4603,3.0008,-2.0000,1.9496,2.0,0.0
2418,0,496.4703,3.1724,-1.9614,1.3274,2.0,0.0
2419,0,496.4680,3.2663,-0.4625,0.4000,2.0,0.0
2420,0,496.7778,3.2524,1.9826,-0.0009,2.0,0.0
2421,0,497.2645,3.2661,2.0000,-0.1031,2.0,0.0
2422,0,497.7524,3.2318,2.0000,-0.4422,2.0,0.0
2423,0,498.0932,3.1777,0.8199,0.0384,2.0,0.0
2424,0,498.3163,3.2395,1.5631,0.2232,2.0,0.0
2425,0,498.8058,3.2223,2.0000,-0.2769,2.0,0.0
2426,0,499.1546,3.1841,1.7295,-0.4164,2.0,0.0
2427,0,499.5518,3.1390,1.8034,-0.0142,2.0,0.0
2428,0,499.9153,3.1812,2.0000,0.2466,2.0,0.0
2429,0,500.4619,3.1883,2.0000,-0.1294,2.0,0.0
2430,0,500.7718,3.1554,1.3521,-0.1384,2.0,0.0
2431,0,501.1323,3.1607,1.3824,0.1691,2.0,0.0
2432,0,501.4483,3.1892,1.2066,0.2609,2.0,0.0
2433,0,501.7736,3.2129,1.3325,0.3214,2.0,0.0
2434,0,502.1148,3.2535,1.1831,0.4377,2.0,0.0
2435,0,502.4102,3.3004,1.3225,1.0187,2.0,0.0
2436,0,502.7793,3.4572,2.0000,1.5527,2.0,0.0
2437,0,503.2331,3.6109,2.0000,1.5546,2.0,0.0
2438,0,504.0441,3.7681,2.0000,1.0619,2.0,0.0
2439,0,505.1383,3.8233,2.0000,0.5520,2.0,0.0
2440,0,506.2325,3.8785,2.0000,0.2551,2.0,0.0
2441,0,507.2784,3.8743,2.0000,-0.0362,2.0,0.0
2442,0,508.2231,3.8713,2.0000,0.2726,2.0,0.0
2443,0,508.5577,3.9289,-0.1200,1.0866,2.0,0.0
2444,0,508.5991,4.0886,-1.5857,1.5974,2.0,0.0
2445,0,508.6405,4.2483,-1.7441,1.2997,2.0,0.0
2446,0,508.6503,4.3485,-1.9026,1.0020,2.0,0.0
2447,0,508.6600,4.4487,-0.0083,0.8346,2.0,0.0
2448,0,509.0486,4.5155,1.7388,0.6509,2.0,0.0
2449,0,509.4078,4.5789,1.5916,0.6346,2.0,0.0
2450,0,509.7669,4.6424,1.5916,0.6346,2.0,0.0
2451,0,510.1261,4.7058,1.5916,0.6346,2.0,0.0
2452,0,510.4853,4.7693,0.9433,0.4021,2.0,0.0
2453,0,510.7148,4.7863,0.1475,0.0848,2.0,0.0
2454,0,510.9148,4.7863,0.0000,0.0000,2.0,0.0
2455,0,511.1148,4.7863,0.0000,0.0000,2.0,0.0
2456,0,511.3148,4.7863,0.0000,0.0000,2.0,0.0
2457,0,511.5148,4.7863,0.0000,0.0000,2.0,0.0
2458,0,511.7148,4.7863,0.0000,0.0000,2.0,0.0
2459,0,511.9148,4.7863,0.0000,0.0000,2.0,0.0
2460,0,512.1148,4.7863,0.0000,0.0000,2.0,0.0
2461,0,512.3148,4.7863,0.0000,0.0000,2.0,0.0
2462,0,512.5148,4.7863,0.0000,0.0000,2.0,0.0
2463,0,512.7148,4.7863,0.0000,0.0000,2.0,0.0
2464,0,512.9148,4.7863,0.0000,0.0000,2.0,0.0
2465,0,513.1148,4.7863,0.0000,0.0000,2.0,0.0
2466,0,513.3148,4.7863,0.0000,0.0000,2.0,0.0
2467,0,513.5148,4.7863,0.0000,0.0000,2.0,0.0
2468,0,513.7148,4.7863,0.0000,0.0000,2.0,0.0
2469,0,513.9148,4.7863,0.0000,0.0000,2.0,0.0
2470,0,514.1148,4.7863,0.0000,0.0000,2.0,0.0
2471,0,514.3148,4.7863,0.0000,0.0000,2.0,0.0
2472,0,514.5148,4.7863,0.0000,0.0000,2.0,0.0
2473,0,514.7148,4.7863,0.0000,0.0000,2.0,0.0
2474,0,514.9148,4.7863,0.0000,0.0000,2.0,0.0
2475,0,515.1148,4.7863,0.0000,0.0000,2.0,0.0
2476,0,515.3148,4.7863,0.0000,0.0000,2.0,0.0
2477,0,515.5148,4.7863,0.0000,0.0000,2.0,0.0
2478,0,515.7148,4.7863,0.0000,0.0000,2.0,0.0
2479,0,515.9148,4.7863,0.0000,0.0000,2.0,0.0
2480,0,516.1148,4.7863,0.0000,0.0000,2.0,0.0
2481,0,516.3148,4.7863,0.0000,0.0000,2.0,0.0
2482,0,516.5148,4.7863,0.0000,0.0000,2.0,0.0
2483,0,516.7148,4.7863,0.0000,0.0000,2.0,0.0
2484,0,516.9148,4.7863,0.0000,0.0000,2.0,0.0
2485,0,517.1148,4.7863,0.0000,0.0000,2.0,0.0
2486,0,517.3148,4.7863,0.0000,0.0000,2.0,0.0
2487,0,517.5148,4.7863,0.0000,0.0000,2.0,0.0
2488,0,517.7148,4.7863,0.0000,0.0000,2.0,0.0
2489,0,517.9148,4.7863,0.0000,0.0000,2.0,0.0
2490,0,518.1148,4.7863,0.0000,0.0000,2.0,0.0
2491,0,518.3148,4.7863,0.0000,0.0000,2.0,0.0
2492,0,518.5148,4.7863,0.0000,0.0000,2.0,0.0
2493,0,518.7148,4.7863,0.0000,0.0000,2.0,0.0
2494,0,518.9148,4.7863,0.0000,0.0000,2.0,0.0
2495,0,519.1148,4.7863,0.0000,0.0000,2.0,0.0
2496,0,519.3148,4.7863,0.0000,0.0000,2.0,0.0
2497,0,519.5148,4.7863,0.0000,0.0000,2.0,0.0
2498,0,519.7148,4.7863,0.0000,0.0000,2.0,0.0
2499,0,519.9148,4.7863,0.0000,0.0000,2.0,0.0
2500,0,520.1148,4.7863,0.0000,0.0000,2.0,0.0
2501,0,520.3148,4.7863,0.0000,0.0000,2.0,0.0
2502,0,520.5148,4.7863,0.0000,0.0000,2.0,0.0
2503,0,520.7148,4.7863,0.0000,0.0000,2.0,0.0
2504,0,520.9148,4.7863,0.0000,0.0000,2.0,0.0
2505,0,521.1148,4.7863,0.0000,0.0000,2.0,0.0
2506,0,521.3148,4.7863,0.0000,0.0000,2.0,0.0
2507,0,521.5148,4.7863,0.0000,0.0000,2.0,0.0
2508,0,521.7148,4.7863,0.0000,0.0000,2.0,0.0
2509,0,521.9148,4.7863,0.0000,0.0000,2.0,0.0
2510,0,522.1148,4.7863,0.0000,0.0000,2.0,0.0
2511,0,522.3148,4.7863,0.0000,0.0000,2.0,0.0
2512,0,522.5148,4.7863,0.0000,0.0000,2.0,0.0
2513,0,522.7148,4.7863,0.0000,0.0000,2.0,0.0
2514,0,522.9148,4.7863,0.0000,0.0000,2.0,0.0
2515,0,523.1148,4.7863,0.0000,0.0000,2.0,0.0
2516,0,523.3148,4.7863,0.0000,0.0000,2.0,0.0
2517,0,523.5148,4.7863,0.0000,0.0000,2.0,0.0
2518,0,523.7148,4.7863,0.0000,0.0000,2.0,0.0
2519,0,523.9148,4.7863,0.0000,0.0000,2.0,0.0
2520,0,524.1148,4.7863,0.0000,0.0000,2.0,0.0
2521,0,524.3148,4.7863,0.0000,0.0000,2.0,0.0
2522,0,524.5148,4.7863,0.0000,0.0000,2.0,0.0
2523,0,524.7148,4.7863,0.0000,0.0000,2.0,0.0
2524,0,524.9148,4.7863,0.0000,0.0000,2.0,0.0
2525,0,525.1148,4.7863,0.0000,0.0000,2.0,0.0
2526,0,525.3148,4.7863,0.0000,0.0000,2.0,0.0
2527,0,525.5148,4.7863,0.0000,0.0000,2.0,0.0
2528,0,525.7148,4.7863,0.0000,0.0000,2.0,0.0
2529,0,525.9148,4.7863,0.0000,0.0000,2.0,0.0
2530,0,526.1148,4.7863,0.0000,0.0000,2.0,0.0
2531,0,526.3148,4.7863,0.0000,0.0000,2.0,0.0
2532,0,526.5148,4.7863,0.0000,0.0000,2.0,0.0
2533,0,526.7148,4.7863,0.0000,0.0000,2.0,0.0
2534,0,526.9148,4.7863,0.0000,0.0000,2.0,0.0
2535,0,527.1148,4.7863,0.0000,0.0000,2.0,0.0
2536,0,527.3148,4.7863,0.0000,0.0000,2.0,0.0
2537,0,527.5148,4.7863,0.0000,0.0000,2.0,0.0
2538,0,527.7148,4.7863,0.0000,0.0000,2.0,0.0
2539,0,527.9148,4.7863,0.0000,0.0000,2.0,0.0
2540,0,528.1148,4.7863,0.0000,0.0000,2.0,0.0
2541,0,528.3148,4.7863,0.0000,0.0000,2.0,0.0
2542,0,528.5148,4.7863,0.0000,0.0000,2.0,0.0
2543,0,528.7148,4.7863,0.0000,0.0000,2.0,0.0
2544,0,528.9148,4.7863,0.0000,0.0000,2.0,0.0
2545,0,529.1148,4.7863,0.0000,0.0000,2.0,0.0
2546,0,529.3148,4.7863,0.0000,0.0000,2.0,0.0
2547,0,529.5148,4.7863,0.0000,0.0000,2.0,0.0
2548,0,529.7148,4.7863,0.0000,0.0000,2.0,0.0
2549,0,529.9148,4.7863,0.0000,0.0000,2.0,0.0
2550,0,530.1148,4.7863,0.0000,0.0000,2.0,0.0
2551,0,530.3148,4.7863,0.0000,0.0000,2.0,0.0
2552,0,530.5148,4.7863,0.0000,0.0000,2.0,0.0
2553,0,530.7148,4.7863,0.0000,0.0000,2.0,0.0
2554,0,530.9148,4.7863,0.0000,0.0000,2.0,0.0
2555,0,531.1148,4.7863,0.0000,0.0000,2.0,0.0
2556,0,531.3148,4.7863,0.0000,0.0000,2.0,0.0
2557,0,531.5148,4.7863,0.0000,0.0000,2.0,0.0
2558,0,531.7148,4.7863,0.0000,0.0000,2.0,0.0
2559,0,531.9148,4.7863,0.0000,0.0000,2.0,0.0
2560,0,532.1148,4.7863,0.0000,0.0000,2.0,0.0
2561,0,532.3148,4.7863,0.0000,0.0000,2.0,0.0
2562,0,532.5148,4.7863,0.0000,0.0000,2.0,0.0
2563,0,532.7148,4.7863,0.0000,0.0000,2.0,0.0
2564,0,532.9148,4.7863,0.0000,0.0000,2.0,0.0
2565,0,533.1148,4.7863,0.0000,0.0000,2.0,0.0
2566,0,533.3148,4.7863,0.0000,0.0000,2.0,0.0
2567,0,533.5148,4.7863,0.0000,0.0000,2.0,0.0
2568,0,533.7148,4.7863,0.0000,0.0000,2.0,0.0
2569,0,533.9148,4.7863,0.0000,0.0000,2.0,0.0
2570,0,534.1148,4.7863,0.0000,0.0000,2.0,0.0
2571,0,534.3148,4.7863,0.0000,0.0000,2.0,0.0
2572,0,534.5148,4.7863,0.0000,0.0000,2.0,0.0
2573,0,534.7148,4.7863,0.0000,0.0000,2.0,0.0
2574,0,534.9148,4.7863,0.0000,0.0000,2.0,0.0
2575,0,535.1148,4.7863,0.0000,0.0000,2.0,0.0
2576,0,535.3148,4.7863,0.0000,0.0000,2.0,0.0
2577,0,535.5148,4.7863,0.0000,0.0000,2.0,0.0
2578,0,535.7148,4.7863,0.0000,0.0000,2.0,0.0
2579,0,535.9148,4.7863,0.0000,0.0000,2.0,0.0
2580,0,536.1148,4.7863,0.0000,0.0000,2.0,0.0
2581,0,536.3148,4.7863,0.0000,0.0000,2.0,0.0
2582,0,536.5148,4.7863,0.0000,0.0000,2.0,0.0
2583,0,536.7148,4.7863,0.0000,0.0000,2.0,0.0
2584,0,536.9148,4.7863,0.0000,0.0000,2.0,0.0
2585,0,537.1148,4.7863,0.0000,0.0000,2.0,0.0
2586,0,537.3148,4.7863,0.0000,0.0000,2.0,0.0
2587,0,537.5148,4.7863,0.0000,0.0000,2.0,0.0
2588,0,537.7148,4.7863,0.0000,0.0000,2.0,0.0
2589,0,537.9148,4.7863,0.0000,0.0000,2.0,0.0
2590,0,538.1148,4.7863,0.0000,0.0000,2.0,0.0
2591,0,538.3148,4.7863,0.0000,0.0000,2.0,0.0
2592,0,538.5148,4.7863,0.0000,0.0000,2.0,0.0
2593,0,538.7148,4.7863,0.0000,0.0000,2.0,0.0
2594,0,538.9148,4.7863,0.0000,0.0000,2.0,0.0
2595,0,539.1148,4.7863,0.0000,0.0000,2.0,0.0
2596,0,539.3148,4.7863,0.0000,0.0000,2.0,0.0
2597,0,539.5148,4.7863,0.0000,0.0000,2.0,0.0
2598,0,539.7148,4.7863,0.0000,0.0000,2.0,0.0
2599,0,539.9148,4.7863,0.0000,0.0000,2.0,0.0
2600,0,540.1148,4.7863,0.0000,0.0000,2.0,0.0
2601,0,540.3148,4.7863,0.0000,0.0000,2.0,0.0
2602,0,540.5148,4.7863,0.0000,0.0000,2.0,0.0
2603,0,540.7148,4.7863,0.0000,0.0000,2.0,0.0
2604,0,540.9148,4.7863,0.0000,0.0000,2.0,0.0
2605,0,541.1148,4.7863,0.0000,0.0000,2.0,0.0
2606,0,541.3148,4.7863,0.0000,0.0000,2.0,0.0
2607,0,541.5148,4.7863,0.0000,0.0000,2.0,0.0
2608,0,541.7148,4.7863,0.0000,0.0000,2.0,0.0
2609,0,541.9148,4.7863,0.0000,0.0000,2.0,0.0
2610,0,542.1148,4.7863,0.0000,0.0000,2.0,0.0
2611,0,542.3148,4.7863,0.0000,0.0000,2.0,0.0
2612,0,542.5148,4.7863,0.0000,0.0000,2.0,0.0
2613,0,542.7148,4.7863,0.0000,0.0000,2.0,0.0
2614,0,542.9148,4.7863,0.0000,0.0000,2.0,0.0
2615,0,543.1148,4.7863,0.0000,0.0000,2.0,0.0
2616,0,543.3148,4.7863,0.0000,0.0000,2.0,0.0
2617,0,543.5148,4.7863,0.0000,0.0000,2.0,0.0
2618,0,543.7148,4.7863,0.0000,0.0000,2.0,0.0
2619,0,543.9148,4.7863,0.0000,0.0000,2.0,0.0
2620,0,544.1148,4.7863,0.0000,0.0000,2.0,0.0
2621,0,544.3148,4.7863,0.0000,0.0000,2.0,0.0
2622,0,544.5148,4.7863,0.0000,0.0000,2.0,0.0
2623,0,544.7148,4.7863,0.0000,0.0000,2.0,0.0
2624,0,544.9148,4.7863,0.0000,0.0000,2.0,0.0
2625,0,545.1148,4.7863,0.0000,0.0000,2.0,0.0
2626,0,545.3148,4.7863,0.0000,0.0000,2.0,0.0
2627,0,545.5148,4.7863,0.0000,0.0000,2.0,0.0
2628,0,545.7148,4.7863,0.0000,0.0000,2.0,0.0
2629,0,545.9148,4.7863,0.0000,0.0000,2.0,0.0
2630,0,546.1148,4.7863,0.0000,0.0000,2.0,0.0
2631,0,546.3148,4.7863,0.0000,0.0000,2.0,0.0
2632,0,546.5148,4.7863,0.0000,0.0000,2.0,0.0
2633,0,546.7148,4.7863,0.0000,0.0000,2.0,0.0
2634,0,546.9148,4.7863,0.0000,0.0000,2.0,0.0
2635,0,547.1148,4.7863,0.0000,0.0000,2.0,0.0
2636,0,547.3148,4.7863,0.0000,0.0000,2.0,0.0
2637,0,547.5148,4.7863,0.0000,0.0000,2.0,0.0
2638,0,547.7148,4.7863,0.0000,0.0000,2.0,0.0
2639,0,547.9148,4.7863,0.0000,0.0000,2.0,0.0
2640,0,548.1148,4.7863,0.0000,0.0000,2.0,0.0
2641,0,548.3148,4.7863,0.0000,0.0000,2.0,0.0
2642,0,548.5148,4.7863,0.0000,0.0000,2.0,0.0
2643,0,548.7148,4.7863,0.0000,0.0000,2.0,0.0
2644,0,548.9148,4.7863,0.0000,0.0000,2.0,0.0
2645,0,549.1148,4.7863,0.0000,0.0000,2.0,0.0
2646,0,549.3148,4.7863,0.0000,0.0000,2.0,0.0
2647,0,549.5148,4.7863,0.0000,0.0000,2.0,0.0
2648,0,549.7148,4.7863,0.0000,0.0000,2.0,0.0
2649,0,549.9148,4.7863,0.0000,0.0000,2.0,0.0
2650,0,550.1148,4.7863,0.0000,0.0000,2.0,0.0
2651,0,550.3148,4.7863,0.0000,0.0000,2.0,0.0
2652,0,550.5148,4.7863,0.0000,0.0000,2.0,0.0
2653,0,550.7148,4.7863,0.0000,0.0000,2.0,0.0
2654,0,550.9148,4.7863,0.0000,0.0000,2.0,0.0
2655,0,551.1148,4.7863,0.0000,0.0000,2.0,0.0
2656,0,551.3148,4.7863,0.0000,0.0000,2.0,0.0
2657,0,551.5148,4.7863,0.0000,0.0000,2.0,0.0
2658,0,551.7148,4.7863,0.0000,0.0000,2.0,0.0
2659,0,551.9148,4.7863,0.0000,0.0000,2.0,0.0
2660,0,552.1148,4.7863,0.0000,0.0000,2.0,0.0
2661,0,552.3148,4.7863,0.0000,0.0000,2.0,0.0
2662,0,552.5148,4.7863,0.0000,0.0000,2.0,0.0
2663,0,552.7148,4.7863,0.0000,0.0000,2.0,0.0
2664,0,552.9148,4.7863,0.0000,0.0000,2.0,0.0
2665,0,553.1148,4.7863,0.0000,0.0000,2.0,0.0
2666,0,553.3148,4.7863,0.0000,0.0000,2.0,0.0
2667,0,553.5148,4.7863,0.0000,0.0000,2.0,0.0
2668,0,553.7148,4.7863,0.0000,0.0000,2.0,0.0
2669,0,553.9148,4.7863,0.0000,0.0000,2.0,0.0
2670,0,554.1148,4.7863,0.0000,0.0000,2.0,0.0
2671,0,554.3148,4.7863,0.0000,0.0000,2.0,0.0
2672,0,554.5148,4.7863,0.0000,0.0000,2.0,0.0
2673,0,554.7148,4.7863,0.0000,0.0000,2.0,0.0
2674,0,554.9148,4.7863,0.0000,0.0000,2.0,0.0
2675,0,555.1148,4.7863,0.0000,0.0000,2.0,0.0
2676,0,555.3148,4.7863,0.0000,0.0000,2.0,0.0
2677,0,555.5148,4.7863,0.0000,0.0000,2.0,0.0
2678,0,555.7148,4.7863,0.0000,0.0000,2.0,0.0
2679,0,555.9148,4.7863,0.0000,0.0000,2.0,0.0
2680,0,556.1148,4.7863,0.0000,0.0000,2.0,0.0
2681,0,556.3148,4.7863,0.0000,0.0000,2.0,0.0
2682,0,556.5148,4.7863,0.0000,0.0000,2.0,0.0
2683,0,556.7148,4.7863,0.0000,0.0000,2.0,0.0
2684,0,556.9148,4.7863,0.0000,0.0000,2.0,0.0
2685,0,557.1148,4.7863,0.0000,0.0000,2.0,0.0
2686,0,557.3148,4.7863,0.0000,0.0000,2.0,0.0
2687,0,557.5148,4.7863,0.0000,0.0000,2.0,0.0
2688,0,557.7148,4.7863,0.0000,0.0000,2.0,0.0
2689,0,557.9148,4.7863,0.0000,0.0000,2.0,0.0
2690,0,558.1148,4.7863,0.0000,0.0000,2.0,0.0
2691,0,558.3148,4.7863,0.0000,0.0000,2.0,0.0
2692,0,558.5148,4.7863,0.0000,0.0000,2.0,0.0
2693,0,558.7148,4.7863,0.0000,0.0000,2.0,0.0
2694,0,558.9148,4.7863,0.0000,0.0000,2.0,0.0
2695,0,559.1148,4.7863,0.0000,0.0000,2.0,0.0
2696,0,559.3148,4.7863,0.0000,0.0000,2.0,0.0
2697,0,559.5148,4.7863,0.0000,0.0000,2.0,0.0
2698,0,559.7148,4.7863,0.0000,0.0000,2.0,0.0
2699,0,559.9148,4.7863,0.0000,0.0000,2.0,0.0
2700,0,560.1148,4.7863,0.0000,0.0000,2.0,0.0
2701,0,560.3148,4.7863,0.0000,0.0000,2.0,0.0
2702,0,560.5148,4.7863,0.0000,0.0000,2.0,0.0
2703,0,560.7148,4.7863,0.0000,0.0000,2.0,0.0
2704,0,560.9148,4.7863,0.0000,0.0000,2.0,0.0
2705,0,561.1148,4.7863,0.0000,0.0000,2.0,0.0
2706,0,561.3148,4.7863,0.0000,0.0000,2.0,0.0
2707,0,561.5148,4.7863,0.0000,0.0000,2.0,0.0
2708,0,561.7148,4.7863,0.0000,0.0000,2.0,0.0
2709,0,561.9148,4.7863,0.0000,0.0000,2.0,0.0
2710,0,562.1148,4.7863,0.0000,0.0000,2.0,0.0
2711,0,562.3148,4.7863,0.0000,0.0000,2.0,0.0
2712,0,562.5148,4.7863,0.0000,0.0000,2.0,0.0
2713,0,562.7148,4.7863,0.0000,0.0000,2.0,0.0
2714,0,562.9148,4.7863,0.0000,0.0000,2.0,0.0
2715,0,563.1148,4.7863,0.0000,0.0000,2.0,0.0
2716,0,563.3148,4.7863,0.0000,0.0000,2.0,0.0
2717,0,563.5148,4.7863,0.0000,0.0000,2.0,0.0
2718,0,563.7148,4.7863,0.0000,0.0000,2.0,0.0
2719,0,563.9148,4.7863,0.0000,0.0000,2.0,0.0
2720,0,564.1148,4.7863,0.0000,0.0000,2.0,0.0
2721,0,564.3148,4.7863,0.0000,0.0000,2.0,0.0
2722,0,564.5148,4.7863,0.0000,0.0000,2.0,0.0
2723,0,564.7148,4.7863,0.0000,0.0000,2.0,0.0
2724,0,564.9148,4.7863,0.0000,0.0000,2.0,0.0
2725,0,565.1148,4.7863,0.0000,0.0000,2.0,0.0
2726,0,565.3148,4.7863,0.0000,0.0000,2.0,0.0
2727,0,565.5148,4.7863,0.0000,0.0000,2.0,0.0
2728,0,565.7148,4.7863,0.0000,0.0000,2.0,0.0
2729,0,565.9148,4.7863,0.0000,0.0000,2.0,0.0
2730,0,566.1148,4.7863,0.0000,0.0000,2.0,0.0
2731,0,566.3148,4.7863,0.0000,0.0000,2.0,0.0
2732,0,566.5148,4.7863,0.0000,0.0000,2.0,0.0
2733,0,566.7148,4.7863,0.0000,0.0000,2.0,0.0
2734,0,566.9148,4.7863,0.0000,0.0000,2.0,0.0
2735,0,567.1148,4.7863,0.0000,0.0000,2.0,0.0
2736,0,567.3148,4.7863,0.0000,0.0000,2.0,0.0
2737,0,567.5148,4.7863,0.0000,0.0000,2.0,0.0
2738,0,567.7148,4.7863,0.0000,0.0000,2.0,0.0
2739,0,567.9148,4.7863,0.0000,0.0000,2.0,0.0
2740,0,568.1148,4.7863,0.0000,0.0000,2.0,0.0
2741,0,568.3148,4.7863,0.0000,0.0000,2.0,0.0
2742,0,568.5148,4.7863,0.0000,0.0000,2.0,0.0
2743,0,568.7148,4.7863,0.0000,0.0000,2.0,0.0
2744,0,568.9148,4.7863,0.0000,0.0000,2.0,0.0
2745,0,569.1148,4.7863,0.0000,0.0000,2.0,0.0
2746,0,569.3148,4.7863,0.0000,0.0000,2.0,0.0
2747,0,569.5148,4.7863,0.0000,0.0000,2.0,0.0
2748,0,569.7148,4.7863,0.0000,0.0000,2.0,0.0
2749,0,569.9148,4.7863,0.0000,0.0000,2.0,0.0
2750,0,570.1148,4.7863,0.0000,0.0000,2.0,0.0
2751,0,570.3148,4.7863,0.0000,0.0000,2.0,0.0
2752,0,570.5148,4.7863,0.0000,0.0000,2.0,0.0
2753,0,570.7148,4.7863,0.0000,0.0000,2.0,0.0
2754,0,570.9148,4.7863,0.0000,0.0000,2.0,0.0
2755,0,571.1148,4.7863,0.0000,0.0000,2.0,0.0
2756,0,571.3148,4.7863,0.0000,0.0000,2.0,0.0
2757,0,571.5148,4.7863,0.0000,0.0000,2.0,0.0
2758,0,571.7148,4.7863,0.0000,0.0000,2.0,0.0
2759,0,571.9148,4.7863,0.0000,0.0000,2.0,0.0
2760,0,572.1148,4.7863,0.0000,0.0000,2.0,0.0
2761,0,572.3148,4.7863,0.0000,0.0000,2.0,0.0
2762,0,572.5148,4.7863,0.0000,0.0000,2.0,0.0
2763,0,572.7148,4.7863,0.0000,0.0000,2.0,0.0
2764,0,572.9148,4.7863,0.0000,0.0000,2.0,0.0
2765,0,573.1148,4.7863,0.0000,0.0000,2.0,0.0
2766,0,573.3148,4.7863,0.0000,0.0000,2.0,0.0
2767,0,573.5148,4.7863,0.0000,0.0000,2.0,0.0
2768,0,573.7148,4.7863,0.0000,0.0000,2.0,0.0
2769,0,573.9148,4.7863,0.0000,0.0000,2.0,0.0
2770,0,574.1148,4.7863,0.0000,0.0000,2.0,0.0
2771,0,574.3148,4.7863,0.0000,0.0000,2.0,0.0
2772,0,574.5148,4.7863,0.0000,0.0000,2.0,0.0
2773,0,574.7148,4.7863,0.0000,0.0000,2.0,0.0
2774,0,574.9148,4.7863,0.0000,0.0000,2.0,0.0
2775,0,575.1148,4.7863,0.0000,0.0000,2.0,0.0
2776,0,575.3148,4.7863,0.0000,0.0000,2.0,0.0
2777,0,575.5148,4.7863,0.0000,0.0000,2.0,0.0
2778,0,575.7148,4.7863,0.0000,0.0000,2.0,0.0
2779,0,575.9148,4.7863,0.0000,0.0000,2.0,0.0
2780,0,576.1148,4.7863,0.0000,0.0000,2.0,0.0
2781,0,576.3148,4.7863,0.0000,0.0000,2.0,0.0
2782,0,576.5148,4.7863,0.0000,0.0000,2.0,0.0
2783,0,576.7148,4.7863,0.0000,0.0000,2.0,0.0
2784,0,576.9148,4.7863,0.0000,0.0000,2.0,0.0
2785,0,577.1148,4.7863,0.0000,0.0000,2.0,0.0
2786,0,577.3148,4.7863,0.0000,0.0000,2.0,0.0
2787,0,577.5148,4.7863,0.0000,0.0000,2.0,0.0
2788,0,577.7148,4.7863,0.0000,0.0000,2.0,0.0
2789,0,577.9148,4.7863,0.0000,0.0000,2.0,0.0
2790,0,578.1148,4.7863,0.0000,0.0000,2.0,0.0
2791,0,578.3148,4.7863,0.0000,0.0000,2.0,0.0
2792,0,578.5148,4.7863,0.0000,0.0000,2.0,0.0
2793,0,578.7148,4.7863,0.0000,0.0000,2.0,0.0
2794,0,578.9148,4.7863,0.0000,0.0000,2.0,0.0
2795,0,579.1148,4.7863,0.0000,0.0000,2.0,0.0
2796,0,579.3148,4.7863,0.0000,0.0000,2.0,0.0
2797,0,579.5148,4.7863,0.0000,0.0000,2.0,0.0
2798,0,579.7148,4.7863,0.0000,0.0000,2.0,0.0
2799,0,579.9148,4.7863,0.0000,0.0000,2.0,0.0
2800,0,580.1148,4.7863,0.0000,0.0000,2.0,0.0
2801,0,580.3148,4.7863,0.0000,0.0000,2.0,0.0
2802,0,580.5148,4.7863,0.0000,0.0000,2.0,0.0
2803,0,580.7148,4.7863,0.0000,0.0000,2.0,0.0
2804,0,580.9148,4.7863,0.0000,0.0000,2.0,0.0
2805,0,581.1148,4.7863,0.0000,0.0000,2.0,0.0
2806,0,581.3148,4.7863,0.0000,0.0000,2.0,0.0
2807,0,581.5148,4.7863,0.0000,0.0000,2.0,0.0
2808,0,581.7148,4.7863,0.0000,0.0000,2.0,0.0
2809,0,581.9148,4.7863,0.0000,0.0000,2.0,0.0
2810,0,582.1148,4.7863,0.0000,0.0000,2.0,0.0
2811,0,582.3148,4.7863,0.0000,0.0000,2.0,0.0
2812,0,582.5148,4.7863,0.0000,0.0000,2.0,0.0
2813,0,582.7148,4.7863,0.0000,0.0000,2.0,0.0
2814,0,582.9148,4.7863,0.0000,0.0000,2.0,0.0
2815,0,583.1148,4.7863,0.0000,0.0000,2.0,0.0
2816,0,583.3148,4.7863,0.0000,0.0000,2.0,0.0
2817,0,583.5148,4.7863,0.0000,0.0000,2.0,0.0
2818,0,583.7148,4.7863,0.0000,0.0000,2.0,0.0
2819,0,583.9148,4.7863,0.0000,0.0000,2.0,0.0
2820,0,584.1148,4.7863,0.0000,0.0000,2.0,0.0
2821,0,584.3148,4.7863,0.0000,0.0000,2.0,0.0
2822,0,584.5148,4.7863,0.0000,0.0000,2.0,0.0
2823,0,584.7148,4.7863,0.0000,0.0000,2.0,0.0
2824,0,584.9148,4.7863,0.0000,0.0000,2.0,0.0
2825,0,585.1148,4.7863,0.0000,0.0000,2.0,0.0
2826,0,585.3148,4.7863,0.0000,0.0000,2.0,0.0
2827,0,585.5148,4.7863,0.0000,0.0000,2.0,0.0
2828,0,585.7148,4.7863,0.0000,0.0000,2.0,0.0
2829,0,585.9148,4.7863,0.0000,0.0000,2.0,0.0
2830,0,586.1148,4.7863,0.0000,0.0000,2.0,0.0
2831,0,586.3148,4.7863,0.0000,0.0000,2.0,0.0
2832,0,586.5148,4.7863,0.0000,0.0000,2.0,0.0
2833,0,586.7148,4.7863,0.0000,0.0000,2.0,0.0
2834,0,586.9148,4.7863,0.0000,0.0000,2.0,0.0
2835,0,587.1148,4.7863,0.0000,0.0000,2.0,0.0
2836,0,587.3148,4.7863,0.0000,0.0000,2.0,0.0
2837,0,587.5148,4.7863,0.0000,0.0000,2.0,0.0
2838,0,587.7148,4.7863,0.0000,0.0000,2.0,0.0
2839,0,587.9148,4.7863,0.0000,0.0000,2.0,0.0
2840,0,588.1148,4.7863,0.0000,0.0000,2.0,0.0
2841,0,588.3148,4.7863,0.0000,0.0000,2.0,0.0
2842,0,588.5148,4.7863,0.0000,0.0000,2.0,0.0
2843,0,588.7148,4.7863,0.0000,0.0000,2.0,0.0
2844,0,588.9148,4.7863,0.0000,0.0000,2.0,0.0
2845,0,589.1148,4.7863,0.0000,0.0000,2.0,0.0
2846,0,589.3148,4.7863,-2.0000,-2.0000,2.0,0.0
2847,0,585.4918,3.8290,-2.0000,-2.0000,2.0,0.0
2848,0,581.6689,2.8718,-2.0000,-2.0000,2.0,0.0
